"Number of Agricultural Employment (1,000)",1990,1991,1992,1993,1994,1995,1996,1997,1998,1999,2000,2001,2002,2003,2004,2005,2006,2007,2008,2009,2010,2011,2012,2013,2014,2015,2016,2017,2018,2019,2020,2021,2022
AFG,NaN,1574.073,1762.183,2046.917,2251.764,2377.959,2457.713,2544.77,2633.851,2733.071,2761.695,2772.289,2896.363,3093.875,3194.415,3283.408,3401.46,3370.446,3373.708,3397.275,3372.294,3449.234,3491.698,3461.78,3418.126,3502.278,3553.32,3615.868,3651.392,3690.699,3696.814,3832.701,3523.311
ALB,NaN,685.004,539.731,567.858,592.468,625.156,620.678,601.528,567.576,547.497,547.554,535.994,529.359,524.938,516.4,503.291,490.651,471.744,471.302,479.258,459.462,544.526,527.873,455.321,434.234,447.558,459.683,453.959,462.575,465.186,433.323,437.274,443.723
DZA,NaN,1270.308,1245.291,1258.123,1274.151,1233.314,1334.999,1416.679,1406.916,1397.465,1393.961,1443.841,1504.911,1583.378,1712.953,1646.235,1592.873,1446.651,1367.923,1266.091,1171.002,1073.477,1081.407,1143.673,987.079,918.522,913.524,1079.228,1083.967,1066.053,1023.787,1056.163,1110.373
ASM,NaN,NaN,NaN,NaN,NaN,NaN,NaN,NaN,NaN,NaN,NaN,NaN,NaN,NaN,NaN,NaN,NaN,NaN,NaN,NaN,NaN,NaN,NaN,NaN,NaN,NaN,NaN,NaN,NaN,NaN,NaN,NaN,NaN
AND,NaN,NaN,NaN,NaN,NaN,NaN,NaN,NaN,NaN,NaN,NaN,NaN,NaN,NaN,NaN,NaN,NaN,NaN,NaN,NaN,NaN,NaN,NaN,NaN,NaN,NaN,NaN,NaN,NaN,NaN,NaN,NaN,NaN
AGO,NaN,1684.925,1727.875,1775.996,1819.956,1868.959,1927.826,1979.621,2029.407,2059.214,2103.695,2165.464,2220.947,2285.086,2375.887,2601.663,2874.692,3145.851,3432.155,3729.27,3978.719,4328.101,4684.872,5044.225,5423.374,5521.105,5633.549,5725.562,5817.434,5908.892,6308.599,6897.444,7102.524
AIA,NaN,NaN,NaN,NaN,NaN,NaN,NaN,NaN,NaN,NaN,NaN,NaN,NaN,NaN,NaN,NaN,NaN,NaN,NaN,NaN,NaN,NaN,NaN,NaN,NaN,NaN,NaN,NaN,NaN,NaN,NaN,NaN,NaN
ATG,NaN,NaN,NaN,NaN,NaN,NaN,NaN,NaN,NaN,NaN,NaN,NaN,NaN,NaN,NaN,NaN,NaN,NaN,NaN,NaN,NaN,NaN,NaN,NaN,NaN,NaN,NaN,NaN,NaN,NaN,NaN,NaN,NaN
ARG,NaN,1792.603,1800.926,1752.224,1734.81,1596.685,1642.919,1699.963,1741.657,1701.674,1677.118,1619.145,1584.143,1666.144,1676.411,1652.787,1634.33,1607.919,1570.773,1544.437,1516.3,1497.471,1469.734,1448.258,1429.222,1397.802,1374.778,1346.804,1350.504,1356.2,1242.481,1401.835,1421.964
ARM,NaN,877.115,872.654,816.967,784.031,770.574,744.383,728.256,735.923,718.231,715.73,711.613,704.622,697.012,691.93,686.194,683.272,681.615,676.392,687.707,685.443,680.714,673.595,667.459,660.45,652.561,645.637,635.093,624.863,616.23,638.684,665.697,655.37
ABW,NaN,NaN,NaN,NaN,NaN,NaN,NaN,NaN,NaN,NaN,NaN,NaN,NaN,NaN,NaN,NaN,NaN,NaN,NaN,NaN,NaN,NaN,NaN,NaN,NaN,NaN,NaN,NaN,NaN,NaN,NaN,NaN,NaN
AUS,NaN,412.458,387.232,393.046,388.678,392.416,403.118,411.935,414.214,428.805,433.312,429.2,403.333,368.268,357.981,354.421,346.367,347.457,346.625,349.975,356.983,317.318,318.836,300.649,323.712,311.045,314.693,318.784,330.019,329.962,351.823,329.805,300.093
AUT,NaN,253.894,248.387,243.594,267.321,272.354,271.008,250.877,237.525,231.754,224.985,217.007,217.631,210.345,184.918,200.946,203.91,220.371,221.259,225.426,221.8,203.543,194.347,191.14,202.495,191.652,186.801,170.732,162.908,162.57,169.836,163.184,158.287
AZE,NaN,1543.705,1641.88,1630.458,1654.172,1703.18,1722.743,1651.06,1611.888,1616.437,1571.477,1539.603,1557.332,1490.778,1541.602,1547.988,1561.482,1488.117,1541.663,1516.908,1543.463,1562.385,1587.997,1594.05,1618.009,1634.118,1678.811,1707.761,1733.719,1810.624,1772.981,1825.296,1864.925
BHS,NaN,6.313,6.311,6.92,6.984,5.911,6.912,5.55,5.317,6.246,6.525,6.84,6.012,4.841,7.329,5.886,4.428,4.126,5.327,4.947,5.699,6.56,6.638,6.441,6.637,6.779,6.683,6.832,6.754,6.7,6.044,6.365,6.516
BHR,NaN,5.568,5.494,5.424,5.397,5.382,5.37,5.374,5.351,5.36,5.379,5.356,5.395,5.515,5.786,6.154,6.492,6.815,7.149,7.501,7.45,7.428,7.546,7.766,7.922,8.162,8.237,8.338,8.342,8.123,7.717,7.6,7.503
BGD,NaN,22939.633,23536.141,24160.958,24789.467,25374.238,25885.331,26355.588,26832.84,27301.614,27753.297,27082.679,26203.314,25142.538,24846.903,24432.543,25005.804,25088.207,25120.761,25181.558,25881.819,25864.399,25825.254,25766.869,25831.329,25816.442,25777.418,26075.503,25909.184,25689.021,25607.098,26053.961,26061.655
BRB,NaN,5.661,6.338,5.614,5.561,5.143,6.117,6.224,5.399,5.384,4.791,5.477,5.198,5.912,4.551,3.21,4.805,4.082,3.812,3.988,3.97,3.926,3.836,3.846,3.504,3.765,3.904,4.175,4.145,3.727,3.557,3.615,3.623
BLR,NaN,1053.153,1076.059,989.703,924.786,877.572,791.803,842.176,849.747,844.377,835.332,818.225,803.833,782.586,761.778,738.464,715.779,693.439,673.22,654.522,626.787,602.341,578.371,552.279,528.712,506.717,481.937,530.283,564.531,552.838,541.489,541.223,528.934
BEL,NaN,103.048,101.822,98.942,108.371,101.624,104,102.027,86.514,95.543,78.81,55.985,72.886,70.129,92.518,86.69,83.596,81.448,69.113,65.723,60.582,58.455,52.853,61.477,55.324,53.602,57.563,55.034,48.194,45.291,44.769,46.249,45.956
BLZ,NaN,15.016,15.291,15.512,15.39,15.806,17.387,19.51,16.696,19.68,20.014,20.15,19.645,19.213,18.836,18.391,19.256,19.985,20.67,21.192,21.786,22.429,22.974,23.079,24.495,26.206,28.067,27.127,27.401,26.758,26.748,27.46,28.37
BEN,NaN,1137.452,1169.819,1226.603,1268.011,1274.867,1296.962,1325.392,1358.658,1392.636,1418.188,1444.036,1473.154,1501.178,1531.238,1570.872,1601.917,1619.482,1641.756,1675.536,1708.601,1676.126,1629.487,1571.422,1513.532,1467.572,1416.386,1351.001,1289.109,1284.203,1302.643,1301.562,1341.492
BTN,NaN,166.209,159.319,151.819,151.692,153.617,156.67,160.104,163.733,168.793,173.212,177.74,183.296,189.602,192.501,195.165,193.301,193.922,193.711,191.602,187.053,188.525,189,187.491,184.251,193.717,191.68,189.469,186.529,191.735,189.958,196.83,176.062
BOL,NaN,1265.123,1283.777,1307.242,1331.485,1359.986,1384.358,1412.927,1430.286,1442.205,1407.298,1630.39,1599.057,1353.482,1385.75,1561.322,1700.036,1552.851,1387.464,1370.326,1483.592,1589.899,1443.44,1575.475,1574.731,1431.623,1464.913,1558.899,1697.581,1501.141,1576.429,1486.317,1540.75
BES,NaN,NaN,NaN,NaN,NaN,NaN,NaN,NaN,NaN,NaN,NaN,NaN,NaN,NaN,NaN,NaN,NaN,NaN,NaN,NaN,NaN,NaN,NaN,NaN,NaN,NaN,NaN,NaN,NaN,NaN,NaN,NaN,NaN
BIH,NaN,351.696,321.488,280.792,254.25,241.776,242.118,238.782,229.811,220.61,209.307,199.963,202.729,205.084,206.641,207.646,208.704,208.65,234.956,235.908,209.616,202.852,209.606,189.654,173.391,179.13,182.936,202.617,170.711,203.619,135.952,163.284,203.599
BWA,NaN,62.936,62.277,62.195,61.951,62.264,63.435,77.635,93.692,97.571,101.472,97.391,102.223,107.634,128.39,150.316,173.605,174.226,174.135,173.946,158.109,155.096,153.057,147.041,143.12,141.696,137.744,133.917,130.811,126.545,162.654,150.759,154.282
BRA,NaN,10928.641,11551.952,11607.042,11257.964,11151.42,10280.745,10449.661,10114.942,10678.468,10868.511,11140.073,11600.18,11854.855,12706.039,12574.483,12008.885,11397.883,10947.82,10651.128,10013.757,9498.57,8877.322,9180.507,8645.185,8661.232,8916.578,8393.868,8420.475,8442.687,8179.181,8744.635,8619.077
VGB,NaN,NaN,NaN,NaN,NaN,NaN,NaN,NaN,NaN,NaN,NaN,NaN,NaN,NaN,NaN,NaN,NaN,NaN,NaN,NaN,NaN,NaN,NaN,NaN,NaN,NaN,NaN,NaN,NaN,NaN,NaN,NaN,NaN
BRN,NaN,2.19,2.161,2.129,2.102,2.064,2.053,2.044,2.027,2.036,2.032,2.015,2.072,2.135,2.196,2.255,2.308,2.356,2.408,2.442,2.492,2.542,2.56,2.573,2.591,2.574,2.56,2.542,2.111,3.953,2.691,2.949,2.976
BGR,NaN,536.979,500.673,489.787,506.628,509.396,483.278,454.154,440.166,413.759,379.045,271.673,302.75,325.19,323.083,269.251,254.157,246.709,251.845,230.998,213.778,205.234,193.146,199.452,212.721,211.448,207.221,224.765,210.89,217.468,208.289,195.057,203.733
BFA,NaN,3626.161,3675.827,3733.436,3789.882,3838.101,3882.552,3925.502,3978.042,4036.05,4099.467,4167.263,4233.401,4303.155,4329.082,4357.974,4412.72,4484.511,4534.843,4571.388,4623.419,4668.774,4720.5,4753.149,4795.413,4903.406,5020.108,5141.213,5266.167,5384.367,5492.373,5681.207,5867.366
BDI,NaN,2286.731,2332.656,2143.008,2131.08,2342.334,2300.246,2260.076,2298.023,2357.437,2400.041,2454.723,2515.862,2585.337,2683.529,2760.172,2823.793,2951.13,3105.764,3279.056,3426.444,3516.208,3605.611,3699.84,3784.108,3847.537,3876.111,3958.376,4083.992,4230.097,4320.619,4480.058,4644.993
CPV,NaN,38.475,38.933,39.583,40.158,40.461,40.914,40.932,40.943,40.923,40.488,40.678,40.494,40.452,39.926,39.521,39.05,37.85,37.379,37.567,37.754,36.428,35.498,34.483,33.366,32.161,30.506,28.671,23.803,22.395,21.352,21.625,22.352
KHM,NaN,3103.446,3207.767,3376.54,3638.615,3702.975,3760.722,3835.723,3945.852,4049.137,4073.645,3916.646,3910.483,3917.56,3871.129,3846.746,3796.299,3737.396,3671.438,3870.594,3684.784,3840.882,3634.377,3506.853,3365.68,3223.708,2934.844,3102.573,3269.018,3439.234,3201.539,3299.88,3311.149
CMR,NaN,3241.758,3335.989,3434.785,3550.724,3661.528,3788.922,3896.083,3997.7,4089.906,4178.676,4257.304,4366.82,4472.081,4563.498,4662.065,4753.916,4837.766,4738.281,4620.301,4489.901,4419.457,4341.818,4252.396,4175.548,4223.353,4266.395,4307.063,4346.524,4397.629,4480.378,4555.731,4706.793
CAN,NaN,463.138,452.665,458.694,450.079,431.361,429.538,423.954,432.224,415.986,382.193,332.212,333.246,339.847,331.559,352.264,355.797,344.882,339.175,335.712,314.706,316.03,313.367,321.581,311.866,301.347,359.348,286.324,284.572,295.092,286.928,258.792,257.192
CYM,NaN,NaN,NaN,NaN,NaN,NaN,NaN,NaN,NaN,NaN,NaN,NaN,NaN,NaN,NaN,NaN,NaN,NaN,NaN,NaN,NaN,NaN,NaN,NaN,NaN,NaN,NaN,NaN,NaN,NaN,NaN,NaN,NaN
CAF,NaN,798.61,823.291,848.456,872.543,894.049,921.825,947.019,972.098,994.298,1028.109,1049.916,1070.886,1108.35,1125.452,1149.524,1166.502,1180.621,1201.679,1213.413,1226.788,1234.386,1223.909,1240.247,1216.986,1199.535,1212.101,1226.155,1244.35,1267.258,1286.545,1311.045,1352.636
TCD,NaN,1913.156,1993.883,2025.183,2020.151,2102.641,2186.298,2220.343,2255.39,2310.937,2365.92,2394.884,2432.568,2501.951,2579.363,2628.975,2698.485,2746.082,2807.662,2857.242,2911.64,2966.382,3017.556,3069.522,3126.462,3176.279,3252.856,3324.298,3381.177,3473.754,3533.318,3642.953,3831.604
CHL,NaN,919.744,910.283,859.538,851.35,862.324,845.514,807.77,823.597,801.747,811.798,767.063,769.718,800.619,789.868,789.491,796.195,792.034,782.793,753.568,766.687,783.235,773.655,730.32,727.545,735.428,754.727,771.114,781.754,774.907,566.224,543.413,558.271
CHN,NaN,383750.262,380395.954,369403.828,358823.862,348688.593,341097.589,341218.596,344841.453,350894.577,354478.105,355880.371,358082.826,353982.691,341641.256,329394.886,315735.915,303688.004,294553.916,283217.891,273341.132,260849.195,252022.064,235570.499,221599.905,212785.98,206351.688,200489.555,193238.79,184769.159,172894.18,174197.342,169303.158
HKG,NaN,NaN,NaN,NaN,NaN,NaN,NaN,NaN,NaN,NaN,NaN,NaN,NaN,NaN,NaN,NaN,NaN,NaN,NaN,NaN,NaN,NaN,NaN,NaN,NaN,NaN,NaN,NaN,NaN,NaN,NaN,NaN,NaN
MAC,NaN,NaN,NaN,NaN,NaN,NaN,NaN,NaN,NaN,NaN,NaN,NaN,NaN,NaN,NaN,NaN,NaN,NaN,NaN,NaN,NaN,NaN,NaN,NaN,NaN,NaN,NaN,NaN,NaN,NaN,NaN,NaN,NaN
COL,NaN,2591.911,2675.58,2714.81,2658.309,2686.392,2673.701,2666.858,2668.231,2639.908,2884.264,3238.702,3167.678,3417.558,3306.844,3482.425,3375.561,3207.473,3225.347,3523.489,3608.977,3637.21,3657.464,3584.048,3520.755,3563.499,3574.81,3765.906,3823.115,3624.286,3530.75,3563.351,3374.669
COM,NaN,57.13,58.454,59.54,61.035,62.081,63.432,64.802,66.107,67.135,67.282,67.697,68.026,68.511,69.62,70.346,70.942,71.043,71.094,71.239,71.169,70.773,70.287,69.621,68.759,70.279,71.385,72.066,72.682,73.239,73.115,73.809,74.665
COG,NaN,340.322,349.131,358.832,370.455,379.665,389.486,395.299,397.919,411.351,428.282,440.472,443.859,451.083,462.717,469.355,477.871,491.379,499.83,500.771,513.974,518.283,512.493,513.93,509.698,510.923,520.328,534.757,556.315,567.814,568.479,585.373,611.5
COK,NaN,NaN,NaN,NaN,NaN,NaN,NaN,NaN,NaN,NaN,NaN,NaN,NaN,NaN,NaN,NaN,NaN,NaN,NaN,NaN,NaN,NaN,NaN,NaN,NaN,NaN,NaN,NaN,NaN,NaN,NaN,NaN,NaN
CRI,NaN,204.174,208.585,216.831,220.779,232,226.571,238.767,250.86,249.192,250.326,250.459,258.64,254.235,250.57,273.034,256.654,254.8,240.131,207.243,236.265,249.452,280.987,298.487,310.843,313.973,315.157,331.147,353.251,351.326,339.687,326.308,302.299
CIV,NaN,2201.882,2288.29,2403.118,2518.261,2633.084,2723.832,2804.693,2876.27,2923.754,2957.232,2994.086,3045.08,3110.203,3143.576,3191.696,3248.423,3293.786,3337.306,3371.67,3401.128,3459.96,3436.385,3525.368,3591.153,3650.35,3725.35,3710.798,4037.222,4365.483,4476.838,4594.905,4715.421
HRV,NaN,447.983,438.434,427.952,415.776,401.073,381.865,334.952,313.839,293.655,272.453,260.377,252.36,272.106,278.941,279.149,231.545,218.932,231.133,238.171,245.09,241.13,195.035,166.732,150.878,148.487,122.678,114.942,104.365,104.682,107.284,113.464,99.343
CUB,NaN,999.862,1008.548,1019.869,1013.633,1010.624,1027.31,1044.501,1044.199,990.482,982.884,960.607,976.001,995.958,990.004,961.462,966.08,915.621,916.382,948.009,926.411,986.994,968.097,942.54,966.954,964.828,957.628,950.338,938.736,925.28,879.785,886.804,894.601
CUW,NaN,NaN,NaN,NaN,NaN,NaN,NaN,NaN,NaN,NaN,NaN,NaN,NaN,NaN,NaN,NaN,NaN,NaN,NaN,NaN,NaN,NaN,NaN,NaN,NaN,NaN,NaN,NaN,NaN,NaN,NaN,NaN,NaN
CYP,NaN,44.051,43.224,42.768,40.895,40.858,34.264,28.502,23.609,19.023,22.821,21.65,24.297,24.841,23.456,23.557,22.016,23.697,23.435,21.731,21.451,21.469,15.748,16.15,23.375,21.09,19.53,14.057,12.672,14.557,16.451,17.608,15.162
CZE,NaN,409.544,399.583,379.211,341.488,328.647,308.171,286.518,268.581,249.21,234.469,223.011,213.028,199.916,188.577,179.896,171.959,165.413,158.083,152.578,150.28,145.644,149.081,149.53,136.668,147.174,148.675,145.732,147.269,139.708,134.586,130.8,130.712
PRK,NaN,5764.765,5901.868,6017.004,6119.943,6233.153,6327.706,6442.334,6496.037,6481.118,6517.972,6508.165,6524.964,6530.657,6547.574,6542.086,6589.57,6636.385,6636.002,6673.037,6714.727,6729.851,6734.206,6737.789,6742.953,6768.989,6734.996,6797.399,6860.759,6851.835,6746.274,6762.497,6824.246
COD,NaN,10394.362,10739.805,11140.158,11859.67,12423.78,12491.049,12614.72,12841.387,13272.029,13609.854,14126.271,14472.181,14777.03,15101.044,15419.686,15480.76,15496.551,15518.494,15484.024,15397.423,15277.445,15109.178,15326.582,15561.274,15790.75,16191.967,16610.314,16949.604,17208.154,17451.809,18032.066,18606.263
DNK,NaN,143.684,140.566,133.275,128.949,114.208,101.978,100.299,99.595,90.123,99.987,96.666,88.285,89.498,89.994,87.901,86.922,83.67,76.196,75.173,67.822,63.823,69.943,68.599,66.219,67.542,64.269,58.677,61.885,63.815,60.362,59.444,63.368
DJI,NaN,2.474,2.437,2.387,2.424,2.453,2.531,2.617,2.735,2.783,2.825,2.867,2.863,2.834,2.79,2.76,2.702,2.662,2.608,2.572,2.544,2.486,2.445,2.408,2.356,2.302,2.247,2.209,2.17,2.131,2.094,2.095,2.135
DMA,NaN,NaN,NaN,NaN,NaN,NaN,NaN,NaN,NaN,NaN,NaN,NaN,NaN,NaN,NaN,NaN,NaN,NaN,NaN,NaN,NaN,NaN,NaN,NaN,NaN,NaN,NaN,NaN,NaN,NaN,NaN,NaN,NaN
DOM,NaN,518.692,528.412,537.725,539.403,542.321,543.683,563.698,494.58,520.884,473.949,433.39,472.641,443.765,456.787,444.831,464.225,446.208,453.816,457.931,452.501,454.045,442.531,434.934,454.267,411.04,387.848,428.588,433.162,419.722,403.847,377.121,377.174
ECU,NaN,1061.016,1106.407,1112.41,1165.672,1203.931,1240.005,1255.654,1340.833,1350.081,1374.956,1486.612,1500.752,1612.925,1756.517,1806.04,1825.882,1774.513,1762.358,1757.74,1729.301,1755.76,1823,1771.096,1719.127,1905.541,2043.846,2181.285,2287.713,2399.522,2317.041,2657.395,2675.094
EGY,NaN,5525.418,5879.034,5506.621,5764.924,5616.149,5373.407,5511.604,5340.414,5478.092,5602.813,5385.508,5099.258,5765.159,6496.943,6564.671,6976.221,7553.928,7678.526,7430.135,7414.709,7490.389,6990.245,7328.787,7338.685,6855.23,6924.667,6728.388,5843.459,5792.385,5602.669,5614.596,5695.665
SLV,NaN,479.613,487.062,491.182,518.566,515.252,506.53,507.006,528.963,469.159,461.601,466.846,426.745,404.664,418.304,441.588,425.056,414.11,434.191,480.869,493.012,520.167,520.235,496.241,470.734,455.205,477.27,477.217,432.097,431.288,395.045,393.982,411.78
GNQ,NaN,102.854,105.67,107.594,111.629,113.669,116.106,118.52,120.372,124.574,128.88,132.65,137.091,142.783,147.825,153.665,160.231,165.969,171.583,179.264,188.839,196.46,204.057,213.547,222.525,232.313,242.445,252.348,259.471,268.778,263.442,272.364,290.237
ERI,NaN,608.645,570.396,585.972,601.522,646.325,681.532,675.413,673.018,671.511,674.474,687.49,705.944,738.526,772.168,793.214,805.829,813.693,848.041,865.588,888.967,902.207,916.314,945.539,929.847,948.957,940.744,959.646,964.13,974.436,988.373,1014.747,1052.62
EST,NaN,154.421,135.658,111.597,96.116,65.544,61.32,60.425,57.489,51.054,37.07,36.634,38.8,37.139,30.548,31.928,32.908,31.379,25.618,24.099,23.942,26.58,27.623,26.467,24.104,25.042,25.095,23.267,21.939,21.286,19.448,17.674,17.733
SWZ,NaN,41.569,42.815,43.095,42.222,41.353,41.677,41.749,41.75,41.716,42.036,41.956,41.659,41.083,40.406,39.732,38.906,38.17,38.073,38.011,37.872,37.953,37.83,37.607,37.7,37.537,37.502,37.978,38.635,39.301,39.138,40.38,41.517
ETH,NaN,15616.225,16265.092,16707.709,17202.446,17816.22,18312.477,18921.6,19535.017,20042.778,20856.68,21716.587,22679.203,23790.607,24700.254,25770.665,26423.421,27014.298,27652.322,28315.106,28831.058,29445.978,30268.686,30905.858,31527.254,32130.469,32809.923,33392.538,34034.345,34569.721,34608.774,35354.68,36237.413
FLK,NaN,NaN,NaN,NaN,NaN,NaN,NaN,NaN,NaN,NaN,NaN,NaN,NaN,NaN,NaN,NaN,NaN,NaN,NaN,NaN,NaN,NaN,NaN,NaN,NaN,NaN,NaN,NaN,NaN,NaN,NaN,NaN,NaN
FRO,NaN,NaN,NaN,NaN,NaN,NaN,NaN,NaN,NaN,NaN,NaN,NaN,NaN,NaN,NaN,NaN,NaN,NaN,NaN,NaN,NaN,NaN,NaN,NaN,NaN,NaN,NaN,NaN,NaN,NaN,NaN,NaN,NaN
FJI,NaN,48.391,47.683,47.448,47.355,47.071,47.569,51.183,54.509,60.403,65.463,70.404,75.842,84.027,88.86,90.974,95.249,100.158,103.373,107.044,110.296,114.088,113.608,112.383,109.198,108.544,108.249,106.22,104.728,104.442,102.33,101.864,105.105
FIN,NaN,200.628,185.367,172.7,166.742,159.024,163.993,165.96,155.911,144.64,142.515,136.495,129.624,123.79,117.296,116.381,114.64,113.562,114.959,114.143,108.918,105.08,103.701,101.914,104.577,103.333,94.958,93.379,94.555,97.263,92.754,106.175,99.606
FRA,NaN,1339.724,1303.938,1262.155,1187.6,1135.435,1126.824,1081.651,1041.176,1013.703,1014.986,1018.211,1043.628,1100.345,999.877,930.476,957.335,909.246,743.214,787.585,780.518,785.509,788.732,831.703,765.641,740.795,779.05,711.067,686.562,694.51,645.096,703.789,742.425
GUF,NaN,NaN,NaN,NaN,NaN,NaN,NaN,NaN,NaN,NaN,NaN,NaN,NaN,NaN,NaN,NaN,NaN,NaN,NaN,NaN,NaN,NaN,NaN,NaN,NaN,NaN,NaN,NaN,NaN,NaN,NaN,NaN,NaN
PYF,NaN,1.832,1.856,1.889,1.917,1.939,2.302,2.716,3.167,3.342,3.887,3.864,3.569,3.281,3.312,3.471,3.637,3.54,3.458,2.698,2.849,2.939,2.89,2.814,2.788,2.754,2.702,2.638,2.587,2.537,2.476,2.518,2.526
GAB,NaN,107.616,109.107,110.576,112.34,114.438,116.119,117.945,119.247,122.528,124.828,126.094,129.62,132.518,135.374,138.608,140.565,141.942,144.395,146.611,147.886,151.053,153.746,155.706,157.526,159.244,160.959,162.692,164.333,165.247,157.902,161.997,172.117
GMB,NaN,203.197,210.154,216.485,222.428,227.578,232.033,237.114,242.228,247.15,251.42,256.01,262.762,267.115,270.964,278.879,283.944,288.85,295.525,301.479,306.986,315.776,320.88,331.058,345.93,356.468,369.317,380.582,391.937,396.87,402.033,414.822,426.101
GEO,NaN,1218.575,1191.356,1190.306,1136.381,1107.024,1021.206,983.661,929.64,995.478,975.339,993.841,965.015,1010.895,963.975,947.164,939.602,925.964,842.671,791.576,783.77,804.04,791.058,787.489,786.999,769.013,756.449,740.368,651.72,634.685,684.343,682.673,654.061
DEU,NaN,1389.133,1328.567,1273.212,1170.747,1141.903,1051.581,1046.517,992.179,1037.932,960.423,955.999,900.214,867.519,829.068,856.209,836.312,852.208,684.244,646.472,639.26,655.496,626.635,585.997,582.457,569.897,546.383,538.213,530.372,518.592,511.563,524.171,528.385
GHA,NaN,4015.037,3999.736,4028.531,4047.421,4063.126,4078.523,4089.643,4112.084,4064.45,4028.675,4226.78,4434.034,4642.017,4849.712,5043.067,5251.443,5083.679,4874.659,4650.673,4395.343,4634.105,4931.19,5213.359,4632.653,4007.302,4594.178,5224.406,5249.199,5256.744,5368.13,5472.259,5578.694
GIB,NaN,NaN,NaN,NaN,NaN,NaN,NaN,NaN,NaN,NaN,NaN,NaN,NaN,NaN,NaN,NaN,NaN,NaN,NaN,NaN,NaN,NaN,NaN,NaN,NaN,NaN,NaN,NaN,NaN,NaN,NaN,NaN,NaN
GRC,NaN,762.587,763.707,753.96,779.235,793.986,831.601,825.673,742.803,746.159,729.238,664.88,638.799,632.836,513.739,511.071,504.221,485.95,488.477,500.989,517.052,472.126,451.253,458.064,457.948,445.312,430.562,429.535,444.374,427.369,391.015,437.919,452.612
GRD,NaN,NaN,NaN,NaN,NaN,NaN,NaN,NaN,NaN,NaN,NaN,NaN,NaN,NaN,NaN,NaN,NaN,NaN,NaN,NaN,NaN,NaN,NaN,NaN,NaN,NaN,NaN,NaN,NaN,NaN,NaN,NaN,NaN
GLP,NaN,NaN,NaN,NaN,NaN,NaN,NaN,NaN,NaN,NaN,NaN,NaN,NaN,NaN,NaN,NaN,NaN,NaN,NaN,NaN,NaN,NaN,NaN,NaN,NaN,NaN,NaN,NaN,NaN,NaN,NaN,NaN,NaN
GUM,NaN,0.44,0.436,0.425,0.411,0.404,0.395,0.381,0.381,0.346,0.33,0.313,0.291,0.283,0.275,0.264,0.26,0.228,0.225,0.222,0.215,0.201,0.198,0.194,0.197,0.193,0.191,0.186,0.182,0.177,0.174,0.18,0.181
GTM,NaN,957.357,1018.493,1081.369,1146.056,1215.578,1286.162,1360.709,1439.032,1527.638,1615.172,1667.733,1724.812,1479.179,1642.005,1610.949,1579.573,1622.784,1662.651,1697.853,1732.114,2038.742,1919.869,1744.565,1852.882,1923.666,1821.778,2033.205,2145.987,2030.131,1972.827,1986.938,1912.206
GGY,NaN,NaN,NaN,NaN,NaN,NaN,NaN,NaN,NaN,NaN,NaN,NaN,NaN,NaN,NaN,NaN,NaN,NaN,NaN,NaN,NaN,NaN,NaN,NaN,NaN,NaN,NaN,NaN,NaN,NaN,NaN,NaN,NaN
GIN,NaN,1668.151,1712.769,1762.204,1813.42,1862.136,1910.257,1933.725,1948.217,1983.368,2003.558,2002.313,2018.456,2011.029,2027.274,2034.625,2053.687,2065.901,2091.364,2116.618,2133.36,2145.416,2171.45,2180.485,2197.149,2203.902,2223.18,2245.422,2257.318,2272.447,2302.45,2359.463,2432.623
GNB,NaN,185.707,191.465,198.572,204.766,209.861,213.786,214.869,222.519,226.644,228.484,233.272,240.635,245.287,249.314,253.373,257.544,262.117,268.225,272.079,277.065,280.243,289.232,294.557,299.294,307.002,311.749,318.424,315.173,319.342,324.911,334.893,343.297
GUY,NaN,87.89,85.4,84.931,81.142,78.075,74.106,70.165,68.828,64.209,61.038,56.865,53.579,52.713,52.593,55.131,54.328,52.695,52.225,51.573,50.339,48.166,46.934,46.292,46.676,46.894,46.547,45.989,41.244,37.691,28.621,30.119,30.001
HTI,NaN,1349.545,1368.771,1384.276,1401.105,1418.263,1435.057,1455.478,1469.832,1486.394,1478.865,1485.445,1490.718,1506.459,1521.46,1544.975,1563.969,1588.611,1640.633,1695.832,1731.663,1773.558,1807.829,1842.09,1857.679,1878.745,1896.088,1917.95,1938.003,1953.782,1940.305,1973.751,1997.729
VAT,NaN,NaN,NaN,NaN,NaN,NaN,NaN,NaN,NaN,NaN,NaN,NaN,NaN,NaN,NaN,NaN,NaN,NaN,NaN,NaN,NaN,NaN,NaN,NaN,NaN,NaN,NaN,NaN,NaN,NaN,NaN,NaN,NaN
HND,NaN,669.37,707.951,724.591,737.35,764.737,803.639,813.367,780.83,817.853,849.743,891.428,960.296,933.913,887.712,871.665,953.581,929.077,977.694,1065.477,1139.451,1093.885,1164.221,1176.785,1020.952,1056.562,1016.402,1257.499,1294.795,1293.765,947.326,1014.757,1028.27
HUN,NaN,482.999,457.396,348.9,328.699,299.102,300.614,285.101,272.539,269.006,252.656,242.102,239.854,214.1,207.958,192.724,190.248,182.632,169.813,176.619,173.158,187.015,196.451,188.539,194.498,209.493,222.476,226.334,220.411,216.585,215.194,207.409,216.738
ISL,NaN,14.404,14.328,13.945,13.764,14.135,14.877,13.512,13.375,14.353,14.49,12.973,12.233,11.653,10.538,11.187,11.266,10.988,8.593,8.473,9.738,9.579,9.869,8.124,8.586,8.299,7.928,7.798,8.519,8.612,8.375,8.339,8.916
IND,NaN,177013.216,180678.661,184360.572,188058.752,193092.588,197982.983,203023.269,207641.982,211674.67,216371.569,214881.545,213336.72,210564.293,207473.534,204433.397,208013.909,211023.261,214698.221,217098.606,219412.867,212809.706,205910.433,205436.695,204374.591,202999.295,200946.911,198930.095,196539.638,197730.991,214267.618,220788.96,226058.04
IDN,NaN,36197.109,36809.851,36695.591,36962.62,37200.355,37833.769,38155.994,40407.42,41364.279,42801.914,41799.134,42166.202,44678.903,42181.221,42409.835,41278.665,42213.784,43195.412,43481.999,43279.385,42184.888,41993.298,41140.106,40945.741,39802.256,38777.699,38442.962,37876.729,37718.046,38538.376,37461.58,39042.944
IRN,NaN,3393.288,3437.991,3384.129,3360.647,3405.601,3419.94,3539.607,3654.57,3784.448,3867.588,3974.77,4015.435,4100.888,4277.454,4317.13,4301.1,4274.131,4094.501,4158.675,3810.828,3633.487,3929.445,3773.471,3748.121,3942.138,3943.115,4090.659,4183.892,4350.099,4104.396,3826.217,3939.745
IRQ,NaN,695.304,724.862,762.259,801.92,822.383,829.935,812.406,782.23,784.044,766.522,768.685,796.263,834.624,810.627,839.37,829.617,789.039,779.926,779.348,785.837,787.996,787.719,804.368,831.839,826.815,806.076,788.175,794.877,770.244,755.918,771.934,804.762
IRL,NaN,171.155,165.934,163.412,162.374,162.461,157.196,159.739,143.975,145.43,140.341,128.64,129.516,121.953,122.627,120.405,121.127,119.703,115.111,111.67,109.849,107.26,108.025,111.183,107.49,108.732,111.802,109.998,106.93,102.198,102.023,106.36,99.953
IMN,NaN,NaN,NaN,NaN,NaN,NaN,NaN,NaN,NaN,NaN,NaN,NaN,NaN,NaN,NaN,NaN,NaN,NaN,NaN,NaN,NaN,NaN,NaN,NaN,NaN,NaN,NaN,NaN,NaN,NaN,NaN,NaN,NaN
ISR,NaN,62.245,64.087,69.327,70.292,64.296,57.013,54.197,52.725,54.987,52.754,49.31,48.704,46.344,52.081,53.561,48.582,45.867,50.359,49.505,49.091,43.557,36.887,42.256,38.871,36.507,37.276,37.563,35.193,35.587,34.941,30.662,31.095
ITA,NaN,1838.799,1700.877,1480.256,1416.441,1334.127,1245.331,1196.392,1179.685,1121.953,1096.49,1111.884,1068.248,1042.882,940.686,950.831,980.978,917.167,862.085,844.604,855.428,837.688,838.049,801.091,810.953,840.92,882.112,869.036,870.749,907.475,909.816,921.216,883.85
JAM,NaN,286.275,283.312,256.135,250.417,244.327,239.7,226.127,224.742,221.294,225.565,226.16,221.14,226.077,207.684,205.579,209.531,204.34,204.707,200.946,198.849,200.876,207.82,213.745,223.471,228.024,215.214,222.901,221.879,215.213,216.588,223.925,219.261
JPN,NaN,4318.552,4159.567,3872.789,3773.21,3711.233,3602.212,3533.664,3461.364,3378.847,3195.164,3053.161,2889.077,2844.374,2840.317,2752.144,2662.024,2647.557,2629.169,2565.349,2476.158,2326.927,2355.556,2271.648,2245.543,2234.25,2183.878,2167.008,2255.625,2187.164,2090.939,2103.533,2067.848
JEY,NaN,NaN,NaN,NaN,NaN,NaN,NaN,NaN,NaN,NaN,NaN,NaN,NaN,NaN,NaN,NaN,NaN,NaN,NaN,NaN,NaN,NaN,NaN,NaN,NaN,NaN,NaN,NaN,NaN,NaN,NaN,NaN,NaN
JOR,NaN,30.418,32.598,34.813,37.961,40.326,41.807,42.167,42.556,42.798,42.911,41.585,40.669,42.225,44.849,45.405,47.135,52.5,52.64,52.763,53.22,52.883,52.103,54.283,61.262,69.47,73.593,74.583,82.83,77.957,78.034,76.382,77.4
KAZ,NaN,2967.436,2984.993,2994.884,2800.768,2656.802,2560.688,2521.855,2483.824,2452.421,2448.157,2488.724,2543.488,2577.672,2491.489,2439.135,2426.028,2473.418,2458.045,2388.705,2369.054,2242.956,2182.104,2081.642,1900.585,1570.3,1425.889,1354.06,1259.591,1219.163,1189.887,1175.66,1146.916
KEN,NaN,4162.675,4298.192,4429.413,4558.622,4682.974,4801.798,4927.168,5038.253,5164.151,5348.997,5491.884,5661.087,5814.845,5959.903,6094.294,6215.376,6312.927,6463.451,6610.75,6696.246,6819.882,6922.096,7023.354,7108.142,7191.497,7285.026,7302.126,7273.257,7262.193,7369.052,7549.312,7621.216
KIR,NaN,NaN,NaN,NaN,NaN,NaN,NaN,NaN,NaN,NaN,NaN,NaN,NaN,NaN,NaN,NaN,NaN,NaN,NaN,NaN,NaN,NaN,NaN,NaN,NaN,NaN,NaN,NaN,NaN,NaN,NaN,NaN,NaN
KWT,NaN,12.725,15.098,15.402,15.523,15.511,16.489,17.412,18.358,19.693,21.13,22.527,23.946,25.543,27.516,29.873,31.173,32.461,33.913,35.329,37.089,39.668,42.738,45.644,46.401,47.889,48.855,48.82,50.504,50.726,46.344,45.862,46.164
KGZ,NaN,680.866,748.385,774.377,856.912,985.233,995.921,1032.316,1071.361,1169.869,1205.277,1220.42,1156.604,1034.049,945.49,956.074,914.937,875.703,868.168,879.847,899.605,870.148,830.329,797.271,776.161,764.384,742.864,693.52,705.52,620.659,653.877,670.725,673.598
LAO,NaN,1373.992,1401.619,1432.977,1465.381,1488.433,1512.951,1514.478,1545.71,1574.173,1591.365,1612.705,1637.877,1655.222,1672.828,1690.701,1726.77,1733.814,1738.447,1752.668,1761.255,1760.201,1755.035,1737.331,1715.566,1701.582,1691.033,1670.683,1748.293,1823.826,1888.795,1953.474,2078.502
LVA,NaN,275.072,265.184,231.496,218.466,209.298,196.334,202.089,191.921,172.646,141.775,147.806,157.876,138.32,129.365,118.367,118.759,107.597,83.448,79.25,73.663,77.667,74.672,73.183,67.922,72.792,70.29,63.072,64.855,67.671,65.475,59.742,60.387
LBN,NaN,69.438,69.449,69.781,69.996,70.398,69.138,69.536,70.063,71.231,71.691,71.404,71.137,70.861,70.186,69.304,69.109,67.45,67.453,66.815,65.211,64.871,65.319,72.102,80.605,80.963,75.91,71.417,67.24,64.655,57.292,58.229,56.367
LSO,NaN,341.058,345.557,348.608,350.951,355.861,361.16,362.597,358.693,352.858,343.473,331.977,321.105,307.052,293.907,279.428,266.693,248.842,237.003,235.352,234.341,233.004,231.266,229.541,230.497,230.355,229.742,232.416,235.136,234.333,234.199,235.235,242.189
LBR,NaN,457.258,492.051,522.628,531.04,551.024,561.473,580.316,628.72,645.856,651.517,670.616,683.054,708.1,704.904,724.768,754.689,778.473,798.505,807.506,814.515,834.456,843.007,832.352,836.523,835.134,840.643,837.159,844.484,865.098,872.709,896.614,920.972
LBY,NaN,141.461,146.37,153.579,157.258,165.02,168.441,173.439,176.405,183.776,186.154,190.955,199.277,199.449,201.185,200.312,199.982,196.345,199.765,199.47,199.107,162.994,162.399,165.648,167.531,162.462,165.651,163.788,165.25,168.653,167.026,169.534,172.947
LIE,NaN,NaN,NaN,NaN,NaN,NaN,NaN,NaN,NaN,NaN,NaN,NaN,NaN,NaN,NaN,NaN,NaN,NaN,NaN,NaN,NaN,NaN,NaN,NaN,NaN,NaN,NaN,NaN,NaN,NaN,NaN,NaN,NaN
LTU,NaN,463.877,454.413,385.382,370.601,340.082,330.14,319.567,299.205,306.886,280.647,246.51,268.783,277.717,233.702,205.323,198.902,164.775,114.922,117.384,109.15,108.591,114.794,111.211,123.184,123.229,110.867,108.545,101.506,90.465,77.692,72.085,74.236
LUX,NaN,5.747,5.689,5.356,5.271,6.347,4.384,3.974,5.012,3.473,4.5,2.89,3.798,5.207,3.809,3.488,3.741,3.878,3.546,3.059,2.542,2.89,3.249,4.001,3.735,2.778,2.763,3.89,3.039,2.032,2.329,3.61,3.426
MDG,NaN,4288.478,4418.931,4557.974,4730.295,4873.775,5026.883,5189.34,5354.941,5526.819,5705.882,5915.279,6279.845,6561.603,6877.128,7208.87,7280.456,7333.051,7379.538,7471.601,7495.754,7665.577,7812.741,8309.968,8775.363,9206.298,9400.282,9595.894,9805.739,9975.096,10094.447,10361.899,10560.056
MWI,NaN,3036.741,3122.217,3159.327,3082.315,3089.866,3158.977,3231.657,3293.849,3364.742,3441.658,3528.66,3600.402,3662.183,3731.556,3801.347,3812.734,3804.832,3806.997,3799.544,3791.734,3792.092,3827.334,3853.911,3889.376,3932.062,3976.763,4019.255,4150.341,4296.128,4414.722,4558.995,4759.454
MYS,NaN,1286.554,1301.284,1283.951,1310.184,1330.844,1358.559,1319.855,1402.187,1394.188,1386.088,1405.13,1427.427,1402.657,1474.678,1527.903,1577.411,1638.563,1586.975,1583.839,1609.247,1697.237,1752.163,1757.625,1795.025,1817.811,1682.321,1705.556,1647.151,1624.459,1661.273,1680.045,1650.15
MDV,NaN,13.225,13.526,13.815,14.096,14.422,14.301,13.822,13.646,13.47,13.188,14.944,16.014,17.412,17.264,17.687,16.988,16.825,16.617,16.502,16.253,15.543,14.962,14.136,13.371,15.015,16.529,17.305,17.917,18.811,18.264,18.57,18.248
MLI,NaN,2325.888,2363.417,2408.549,2442.071,2493.91,2535.883,2583.988,2630.557,2692.723,2769.761,2813.186,2891.548,2947.307,3036.603,3124.475,3214.336,3400.131,3579.308,3770.75,3950.277,4138.495,4341.188,4516.838,4226.967,4069.698,4339.99,4315.634,4392.39,4635.832,4812.893,5064.994,5239.536
MLT,NaN,3.457,3.443,3.422,3.385,3.347,3.317,3.294,3.249,3.186,3.023,3.52,3.557,3.739,3.376,3.208,3.148,2.89,2.876,2.353,2.209,1.999,1.874,2.393,2.573,3.033,2.546,2.295,2.438,2.587,2.874,2.212,2.338
MHL,NaN,NaN,NaN,NaN,NaN,NaN,NaN,NaN,NaN,NaN,NaN,NaN,NaN,NaN,NaN,NaN,NaN,NaN,NaN,NaN,NaN,NaN,NaN,NaN,NaN,NaN,NaN,NaN,NaN,NaN,NaN,NaN,NaN
MTQ,NaN,NaN,NaN,NaN,NaN,NaN,NaN,NaN,NaN,NaN,NaN,NaN,NaN,NaN,NaN,NaN,NaN,NaN,NaN,NaN,NaN,NaN,NaN,NaN,NaN,NaN,NaN,NaN,NaN,NaN,NaN,NaN,NaN
MRT,NaN,222.794,232.248,242.902,251.232,256.108,257.798,263.195,266.596,271.785,279.651,283.229,284.152,284.414,284.965,284.835,283.049,284.724,286.861,286.814,289.65,291.487,289.778,287.697,283.683,280.23,280.943,277.942,296.069,313.421,318.008,322.882,334.508
MUS,NaN,62.197,61.754,61.434,61.26,65.369,59.782,58.283,56.044,53.197,54.817,55.588,52.793,65.425,50.592,50.613,49.688,47.968,48.113,48.09,46.755,41.711,41.89,40.123,41.633,43.377,41.497,40.492,36.103,33.013,28.834,27.917,28.937
MYT,NaN,NaN,NaN,NaN,NaN,NaN,NaN,NaN,NaN,NaN,NaN,NaN,NaN,NaN,NaN,NaN,NaN,NaN,NaN,NaN,NaN,NaN,NaN,NaN,NaN,NaN,NaN,NaN,NaN,NaN,NaN,NaN,NaN
MEX,NaN,7512.563,7786.081,8046.759,7781.513,7415.038,7229.98,8189.551,6926.205,7408.417,6504.875,6600.506,6568.216,6392.634,6240.912,6503.006,6426.782,6356.119,6391.391,6445.213,6613.195,6656.907,6917.099,6990.887,7127.049,7039.348,7007.07,7156.929,7152.118,7153.515,6694.943,7141.814,7179.004
FSM,NaN,NaN,NaN,NaN,NaN,NaN,NaN,NaN,NaN,NaN,NaN,NaN,NaN,NaN,NaN,NaN,NaN,NaN,NaN,NaN,NaN,NaN,NaN,NaN,NaN,NaN,NaN,NaN,NaN,NaN,NaN,NaN,NaN
MCO,NaN,NaN,NaN,NaN,NaN,NaN,NaN,NaN,NaN,NaN,NaN,NaN,NaN,NaN,NaN,NaN,NaN,NaN,NaN,NaN,NaN,NaN,NaN,NaN,NaN,NaN,NaN,NaN,NaN,NaN,NaN,NaN,NaN
MNG,NaN,325.418,341.383,351.342,358.773,378.081,389.015,416.665,431.099,437.504,439.837,447.284,424.953,448.05,407.763,421.101,425.79,431.425,401.44,382.095,361.435,376.562,405.043,345.805,330.672,339.493,351.572,345.652,327.047,364.138,319.403,329.425,343.146
MNE,NaN,18.948,19.132,19.252,19.316,19.297,19.176,18.917,18.514,18.147,17.64,17.043,16.55,16.052,15.475,14.876,16.087,17.231,15.351,13.042,11.156,11.093,11.653,9.369,12.66,17.665,17.942,18.806,19.662,17.962,16.917,17.321,17.546
MSR,NaN,NaN,NaN,NaN,NaN,NaN,NaN,NaN,NaN,NaN,NaN,NaN,NaN,NaN,NaN,NaN,NaN,NaN,NaN,NaN,NaN,NaN,NaN,NaN,NaN,NaN,NaN,NaN,NaN,NaN,NaN,NaN,NaN
MAR,NaN,2831.838,2912.667,2987.068,2986.95,3167.329,3224.183,3360.756,3460.049,3567.441,3693.198,3809.325,3915.368,3937.622,4247.887,4297.244,4249.754,4177.734,4147.481,4168.481,4166.075,4180.036,4121.12,4042.118,3977.061,3884.186,3781.217,3618.734,3584.481,3554.621,3386.193,3406.77,3371.953
MOZ,NaN,5270.358,5362.012,5508.677,5769.192,6042.329,6219.189,6354.807,6440.662,6504.332,6583.342,6644.2,6721.945,6833.755,6928.797,7024.853,7124.974,7214.385,7313.864,7407.527,7505.598,7610.239,7733.1,7857.322,7999.884,8133.015,8368.413,8640.447,8871.222,9094.348,9277.896,9525.994,9913.548
MMR,NaN,13553.963,13694.715,13878.086,14037.658,13880.117,13728.03,13558.712,13649.96,13711.015,13665.686,13634.683,13505.942,13326.152,13178.217,13004.079,12872.654,12749.172,12606.906,12502.859,12422.575,12418.771,12478.004,12540.946,12589.46,12543.114,12340.457,12155.477,11854.788,11864.533,11015.004,9844.93,9955.993
NAM,NaN,176.583,179.335,183.499,186.079,174.752,164.41,152.888,150.481,147.122,143.134,145.201,146.817,147.53,149.368,156.16,161.765,165.387,172.888,179.419,185.978,183.665,179.815,219.301,207.18,170.764,137.703,150.545,163.469,162.304,159.815,163.069,167.04
NRU,NaN,NaN,NaN,NaN,NaN,NaN,NaN,NaN,NaN,NaN,NaN,NaN,NaN,NaN,NaN,NaN,NaN,NaN,NaN,NaN,NaN,NaN,NaN,NaN,NaN,NaN,NaN,NaN,NaN,NaN,NaN,NaN,NaN
NPL,NaN,3344.218,3433.232,3514.746,3582.956,3647.958,3694.432,3739.236,3784.989,3831.636,3907.794,3975.421,4061.452,4127.111,4180.539,4221.422,4158.583,4150.818,4151.51,4163.152,4179.836,4195.833,4201.542,4207.773,4209.825,4226.128,4295.594,4352.436,4407.787,4463.853,4410.587,4590.648,4779.67
NLD,NaN,282.14,283.804,276.632,272.895,265.175,267.81,272.057,263.809,249.064,262.612,255.176,242.781,249.454,270.831,293.606,294.481,277.484,269.533,266.908,258.543,235.561,232.404,176.637,192.689,197.686,195.18,199.344,188.464,190.351,188.994,207.537,179.49
NCL,NaN,5.293,5.331,5.369,5.401,5.449,5.485,5.22,4.96,4.754,4.545,4.337,4.118,3.906,3.7,3.493,3.293,3.114,2.893,2.725,2.56,2.391,2.236,2.092,1.964,1.81,1.675,1.532,1.205,2.146,2.097,2.064,2.085
NZL,NaN,164.238,166.711,165.992,169.638,165.597,166.1,153.176,150.447,168.623,158.723,171.01,170.37,161.808,155.021,151.039,155.241,157.309,154.042,144.486,150.073,153.697,151.148,145.268,145.672,146.047,163.719,162.445,155.435,157.678,165.034,172.056,175.142
NIC,NaN,440.154,453.118,465.253,478.749,494.24,512.842,527.731,540.706,550.754,561.453,569.403,567.391,564.091,582.741,577.646,600.278,630.402,608.89,624.742,668.445,720.94,775.614,792.641,815.996,819.679,828.363,833.409,813.185,805.471,809.324,818.382,839.403
NER,NaN,2814.287,2905.863,3001.895,3104.491,3207.683,3321.701,3429.112,3535.749,3650.791,3771.998,3888.489,3994.134,4109.54,4212.224,4319.449,4477.269,4645.033,4809.837,4983.828,5166.106,5365.91,5165.838,5239.455,5295.878,5475.914,5670.969,5865.067,6050.934,6240.511,6416.026,6621.102,6930.784
NGA,NaN,16537.805,16928.053,17315.775,17759.539,18205.374,18633.872,19035.806,19358.537,19701.568,19937.588,20143.81,20366.323,20477.658,20409.661,20610.474,20819.956,20959.233,21201.706,21371.249,21555.199,21732.067,21632.148,21465.58,21789.245,22206.351,22808.923,23460.977,24066.83,24648.761,25118.212,25899.991,26809.343
NIU,NaN,NaN,NaN,NaN,NaN,NaN,NaN,NaN,NaN,NaN,NaN,NaN,NaN,NaN,NaN,NaN,NaN,NaN,NaN,NaN,NaN,NaN,NaN,NaN,NaN,NaN,NaN,NaN,NaN,NaN,NaN,NaN,NaN
MKD,NaN,175.966,168.75,162.238,154.332,140.675,133.21,136.685,139.519,142.771,140.214,142.064,138.039,123.521,98.842,102.082,107.407,105.662,118.273,113.792,111.34,118.206,110.135,124.928,124.071,126.098,119.909,118.159,111.605,109.106,92.965,89.566,77.378
MNP,NaN,NaN,NaN,NaN,NaN,NaN,NaN,NaN,NaN,NaN,NaN,NaN,NaN,NaN,NaN,NaN,NaN,NaN,NaN,NaN,NaN,NaN,NaN,NaN,NaN,NaN,NaN,NaN,NaN,NaN,NaN,NaN,NaN
NOR,NaN,117.01,111.451,111.54,108.172,113.006,115.887,112.969,108.374,105.932,99.683,95.204,92.544,88.527,83.286,76.951,77.488,70.548,66.988,68.024,64.057,60.238,57.688,57.572,59.164,53.143,55.192,54.597,56.622,55.507,57.295,66.523,63.116
OMN,NaN,58.401,61.336,64.218,61.602,57.319,53.288,52.268,51.334,50.931,49.985,53.29,57.255,61.514,66.335,71.973,77.705,83.241,89.146,73.071,63.017,76.628,89.96,102.146,109.55,114.786,113.684,111.917,106.703,113.489,113.655,133.118,135.038
PAK,NaN,15297.427,15798.048,15435.788,16224.351,15620.545,16392.8,16641.712,17730.221,18377.242,19876.867,20470.339,19951.821,20549.09,21693.273,22157.239,22789.397,23620.64,24890.818,25005.911,25974.55,26554.272,26145.035,26562.926,27061.799,26728.25,28117.933,26530.133,24989.142,26221.944,26281.068,26735.202,27122.375
PLW,NaN,NaN,NaN,NaN,NaN,NaN,NaN,NaN,NaN,NaN,NaN,NaN,NaN,NaN,NaN,NaN,NaN,NaN,NaN,NaN,NaN,NaN,NaN,NaN,NaN,NaN,NaN,NaN,NaN,NaN,NaN,NaN,NaN
PAN,NaN,235.337,227.446,221.139,196.54,214.322,212.564,201.696,194.929,198.098,199.245,218.849,217.262,224.663,212.544,213.972,219.805,207.563,264.178,273.626,265.352,255.887,271.845,274.868,266.942,254.508,271.995,258.562,264.782,275.496,232.805,280.102,287.789
PNG,NaN,610.349,625.604,640.126,660.525,688.158,700.448,730.421,755.335,783.533,831.13,822.857,823.359,810.976,786.196,759.49,727.331,684.495,661.298,620.943,574.647,568.43,561.261,562.378,557.046,554.824,552.746,555.862,557.972,554.798,558.409,558.424,569.184
PRY,NaN,475.489,488.832,496.31,507.485,517.852,507.085,532.693,544.905,580.31,637.948,662.776,691.657,661.831,749.128,750.009,688.103,685.47,622.781,697.259,636.353,623.156,680.482,631.867,600,607.293,610.235,592.271,613.329,583.444,646.205,625.338,552.778
PER,NaN,3241.743,3331.167,3451.543,3502.105,3642.517,3792.046,3911.5,4096.445,4280.558,4205.356,4504.381,4572.029,4659.494,4666.033,4624.572,4717.949,4671.049,4457.145,4490.986,4403.218,4268.318,4179.526,4169.433,4257.886,4355.235,4387.21,4429.308,4546.223,4576.997,5257.811,4723.34,4513.752
PHL,NaN,10116.471,10451.377,10829.469,10870.304,11024.648,10724.11,10668.29,10514.232,10866.852,10639.094,10791.043,10974.902,11078.331,11310.549,11411.632,11457.486,11636.845,11804.181,12036.056,12112.045,12416.033,12437.611,12221.632,12369.242,12059.116,11489.346,10653.895,10391.532,10076.236,10242.205,10481.774,11082.914
POL,NaN,3876.597,3805.305,3679.554,3538.141,3412.051,3365.568,3160.647,3081.887,2895.793,2747.245,2798.422,2770.826,2571.636,2492.892,2541.968,2388.635,2337.972,2304.723,2199.741,2160.827,2148.103,2096.671,1996.954,1952.351,1985.102,1851.709,1818.403,1725.135,1645.203,1718.429,1525.456,1587.79
PRT,NaN,555.278,537.989,523.755,525.303,512.811,544.383,602.322,681.745,631.685,638.085,676.377,653.518,663.172,624.225,609.561,605.289,603.306,586.163,570.328,549.492,482.974,490.897,452.684,389.184,342.448,318.453,304.133,294.334,270.043,258.148,249.824,247.482
PRI,NaN,35.75,34.6,35.681,38.058,31.581,30.53,32.847,28.911,26.31,22.724,24.163,23.441,24.286,26.227,26.051,17.963,13.822,17.635,16.316,16.2,15.926,15.91,15.422,14.973,14.767,14.315,13.93,13.906,13.753,13.366,13.511,13.879
QAT,NaN,11.841,12.056,12.276,12.318,12.377,12.323,12.238,11.388,10.865,10.308,9.652,10.877,12.252,13.423,15.629,20.469,20.723,16.634,18.832,18.633,18.136,18.952,20.626,21.564,22.363,23.8,25.459,28.208,32.55,27.686,25.919,26.08
KOR,NaN,3216.383,2801.059,2712.653,2597.244,2490.444,2396.471,2349.969,2459.991,2359.528,2394.549,2312.93,2211.134,2062.026,1926.767,1835.277,1783.814,1730.104,1695.317,1654.337,1575.481,1548.622,1526.526,1516.496,1454.836,1401.905,1336.875,1348.751,1372.719,1427.149,1475.888,1484.207,1552.382
MDA,NaN,800.015,757.159,820.683,818.492,803.208,785.193,760.846,819.128,865.813,923.174,902.975,868.046,864.56,828.494,820.219,868.701,904.381,904.542,924.205,1012.625,1006.478,1012.444,1014.586,1100.303,1101.168,1090.88,1028.739,993.895,995.296,985.871,1006.339,1051.147
REU,NaN,NaN,NaN,NaN,NaN,NaN,NaN,NaN,NaN,NaN,NaN,NaN,NaN,NaN,NaN,NaN,NaN,NaN,NaN,NaN,NaN,NaN,NaN,NaN,NaN,NaN,NaN,NaN,NaN,NaN,NaN,NaN,NaN
ROU,NaN,4223.999,4278.427,4309.55,4307.602,4454.079,4106.111,4558.589,4605.188,4778.561,4830.021,4680.151,3576.508,3502.814,2976.704,2865.715,2746.404,2645.669,2558.184,2542.617,2709.855,2499.968,2562.929,2503.767,2442.738,2181.698,1947.577,1971.82,1936.386,1845.675,1750.701,1445.245,1455.891
RUS,NaN,8757.475,8734.515,8463.468,8081.192,8025.003,7941.024,7437.279,6969.461,9523.611,9514.046,7921.353,7635.516,7235.9,6802.09,6984.754,6841.75,6288.429,6090.164,5774.055,5459.671,5480.243,5274.526,5014.154,4825.858,4778.658,4795.048,4201.696,4204.004,4137.949,4183.781,4138.714,4027.819
RWA,NaN,1906.142,1944.599,2001.305,1652.505,1345.629,1625.846,1899.552,2000.991,2065.293,2125.645,2181.276,2237.59,2288.502,2337.43,2375.407,2417.901,2452.332,2482.876,2515.87,2547.806,2577.085,2600.08,2534.265,2438.998,2328.802,2206.992,2057.645,2024.785,1896.216,2209.625,2265.083,2425.072
BLM,NaN,NaN,NaN,NaN,NaN,NaN,NaN,NaN,NaN,NaN,NaN,NaN,NaN,NaN,NaN,NaN,NaN,NaN,NaN,NaN,NaN,NaN,NaN,NaN,NaN,NaN,NaN,NaN,NaN,NaN,NaN,NaN,NaN
SHN,NaN,NaN,NaN,NaN,NaN,NaN,NaN,NaN,NaN,NaN,NaN,NaN,NaN,NaN,NaN,NaN,NaN,NaN,NaN,NaN,NaN,NaN,NaN,NaN,NaN,NaN,NaN,NaN,NaN,NaN,NaN,NaN,NaN
KNA,NaN,NaN,NaN,NaN,NaN,NaN,NaN,NaN,NaN,NaN,NaN,NaN,NaN,NaN,NaN,NaN,NaN,NaN,NaN,NaN,NaN,NaN,NaN,NaN,NaN,NaN,NaN,NaN,NaN,NaN,NaN,NaN,NaN
LCA,NaN,11.359,11.554,11.675,13.736,13.494,13.433,10.633,12.11,12.134,12.258,10.122,8.299,8.454,9.913,8.737,9.395,9.571,9.641,9.324,9.095,8.824,8.953,8.524,8.498,8.47,8.451,8.414,9.242,8.565,5.879,8.527,9.138
MAF,NaN,NaN,NaN,NaN,NaN,NaN,NaN,NaN,NaN,NaN,NaN,NaN,NaN,NaN,NaN,NaN,NaN,NaN,NaN,NaN,NaN,NaN,NaN,NaN,NaN,NaN,NaN,NaN,NaN,NaN,NaN,NaN,NaN
VCT,NaN,8.814,8.659,8.395,8.093,7.904,7.624,7.385,7.124,6.856,6.588,6.303,6.209,6.112,6.013,5.888,5.779,5.705,5.613,5.465,5.315,5.192,5.086,4.999,4.885,4.768,4.656,4.551,4.458,4.326,4.137,4.128,4.126
WSM,NaN,25.601,25.605,25.54,25.901,25.327,25.052,25.165,24.526,24.001,23.56,22.721,22.273,21.6,21.439,20.931,20.615,19.915,19.584,19.499,18.7,18.184,17.352,16.96,16.135,15.426,14.608,13.911,13.58,13.404,13.379,13.455,13.672
SMR,NaN,NaN,NaN,NaN,NaN,NaN,NaN,NaN,NaN,NaN,NaN,NaN,NaN,NaN,NaN,NaN,NaN,NaN,NaN,NaN,NaN,NaN,NaN,NaN,NaN,NaN,NaN,NaN,NaN,NaN,NaN,NaN,NaN
STP,NaN,13.188,13.09,13.098,13.022,13.01,12.917,12.743,12.641,12.452,12.323,12.24,11.744,11.814,12.214,11.902,11.42,11.424,11.313,11.29,11.068,11.033,11.097,10.908,10.751,10.646,10.785,10.545,10.409,10.39,10.42,10.673,10.892
SAU,NaN,379.629,389.006,397.216,404.33,414.569,425.525,437.618,447.619,465.855,491.275,504.733,518.573,529.894,538.657,553.094,572.836,597.744,624.757,640.473,671.048,692.849,715.037,728.971,732.804,752.247,600.738,511.91,416.573,506.933,469.393,406.634,452.471
SEN,NaN,1049.884,1080.221,1113.719,1146.665,1174.441,1203.116,1228.044,1245.011,1259.137,1274.7,1287.351,1276.848,1247.872,1212.577,1183.609,1145.529,1150.903,1158.627,1166.769,1164.751,1157.826,1150.83,1138.87,1109.427,1082.198,1381.778,1075.207,945.723,1044.935,1062.677,1073.51,1069.844
SRB,NaN,930.042,930.875,935.232,934.987,930.211,924.052,904.238,891.005,883.658,867.288,837.799,793.409,753.472,703.187,656.939,574.723,602.526,752.277,670.983,588.214,532.442,522.283,552.801,538.221,531.066,540.764,515.842,484.672,487.811,454.896,458.745,452.918
SYC,NaN,NaN,NaN,NaN,NaN,NaN,NaN,NaN,NaN,NaN,NaN,NaN,NaN,NaN,NaN,NaN,NaN,NaN,NaN,NaN,NaN,NaN,NaN,NaN,NaN,NaN,NaN,NaN,NaN,NaN,NaN,NaN,NaN
SLE,NaN,1089.987,1072.562,1065.556,1066.356,1071.981,1071.078,1086.088,1090.485,1089.869,1104.85,1179.814,1203.059,1240.531,1356.592,1362.694,1362.728,1356.814,1354.996,1359.727,1353.498,1348.923,1330.389,1309.37,1291.998,1274.662,1219.771,1169.42,1126.301,1124.395,1136.59,1154.033,1186.203
SGP,NaN,17.991,18.171,18.401,18.557,18.794,18.941,19.214,16.541,18.079,18.666,18.82,17.537,18.061,17.929,23.941,22.015,19.809,18.131,16.038,14.826,13.205,11.785,10.382,9.277,8.27,7.205,6.292,5.512,4.873,4.305,3.827,3.92
SXM,NaN,NaN,NaN,NaN,NaN,NaN,NaN,NaN,NaN,NaN,NaN,NaN,NaN,NaN,NaN,NaN,NaN,NaN,NaN,NaN,NaN,NaN,NaN,NaN,NaN,NaN,NaN,NaN,NaN,NaN,NaN,NaN,NaN
SVK,NaN,254.497,245.273,234.702,215.358,197.63,198.015,202.989,181.119,156.811,139.395,130.198,131.894,126.83,110.586,105.657,101.018,99.419,96.297,84.591,74.569,71.52,75.516,77.31,76.798,77.044,71.97,68.521,59.028,72,65.315,83.008,69.778
SVN,NaN,94.757,92.423,90.177,98.644,90.611,89.553,108.713,110.054,96.544,85.5,94.303,83.618,75.364,93.09,86.714,92.415,97.696,85.416,89.675,85.44,80.954,77.942,77.424,88.718,65.421,46.498,54.13,54.668,42.608,40.386,40.558,43.84
SLB,NaN,79.522,82.175,84.857,86.607,90.142,92.111,94.988,95.934,98.302,101.5,97.973,105.589,110.92,112.404,109.639,110.547,110.84,112.038,113.162,115.551,117.299,118.794,119.8,122.857,122.926,125.059,125.123,127.997,128.869,131.275,134.129,136.325
SOM,NaN,374.641,359.996,372.695,394.875,411.8,425.809,449.025,466.2,482.211,499.208,521.641,534.68,548.088,560.907,570.857,577.703,587.799,597.246,604.237,610.905,610.638,613.928,622.441,622.486,608.171,608.172,623.397,622.611,623.783,631.303,644.587,661.664
ZAF,NaN,2970.25,2982.546,3004.262,3033.356,3070.172,3090.009,3105.887,3123.652,3125.746,3116.007,3086.303,3051.997,3055.439,2991.639,2978.754,2965.185,2957.205,3083.476,2979.794,2544.231,2910.756,2687.601,2595.078,2376.109,2752.969,2851.535,3029.047,2820.142,2943.702,3714.165,3580.093,3339.49
SSD,NaN,1129.239,1138.908,1144.461,1162.704,1189.519,1208.104,1231.952,1253.367,1286.896,1335.048,1388.194,1438.732,1489.806,1554.685,1632.387,1716.701,1808.081,1903.471,1997.892,2111.209,2253.619,2363.978,2419.749,2395.267,2365.934,2301.04,2153.147,2072.977,2100,2108.966,2173.869,2279.337
ESP,NaN,1401.52,1268.093,1225.736,1182.87,1151.963,1097.217,1096.84,1093.634,1084.19,1056.338,1068.455,1012.351,999.683,996.752,1021.314,963.106,933.22,831.47,791.618,789.885,759.136,747.096,740.899,739.998,740.207,779.563,825.064,816.902,801.065,768.773,810.2,780.177
LKA,NaN,2488.196,2575.309,2340.974,2666.766,2312.179,2255.945,2448.792,2986.415,2821.852,2667.766,2565.191,2441.218,2441.276,2520.384,2412.091,2474.085,2456.155,2570.998,2571.63,2417.139,2427.071,2457.507,2333.483,2211.251,2350.808,2247.514,2192.763,2063.047,2077.663,2150.613,2177.539,2140.253
PSE,NaN,75.221,75.542,76.803,77.118,78.402,81.219,79.464,77.916,78.073,83.088,59.895,70.395,87.742,89.713,89.769,104.838,108.701,87.286,82.654,85.304,98.591,94.475,88.822,90.085,78.041,67.143,61.749,58.425,59.095,58.567,66.44,68.001
SDN,NaN,2665.55,2697.067,2748.443,2818.309,2900.892,2988.736,3043.044,3096.279,3153.853,3192.77,3244.048,3292.143,3322.83,3360.778,3416.731,3468.704,3551.681,3606.572,3767.411,3714.925,3593.582,3633.774,3667.846,3721.893,3825.49,3881.105,3959.064,4065.277,4152.198,4177.951,4307.142,4479.803
SUR,NaN,4.58,4.698,4.997,7.144,8.82,7.417,6.754,7.358,9.136,8.814,9.921,11.272,12.455,13.399,13.613,14.818,14.969,14.841,14.41,14.429,14.179,13.911,13.925,14.392,15.346,16.585,16.924,16.934,17.476,16.804,17.247,17.028
SWE,NaN,145.69,139.165,140.225,138.093,143.754,132.54,130.507,124.175,125.327,123.235,114.746,109.86,110.857,107.313,100.907,98.946,102.528,97.71,98.075,95.017,92.146,96.087,96.248,94.538,99.082,93.358,92.342,88.783,87.304,88.37,102.032,99.273
CHE,NaN,180.265,178.303,176.113,172.108,171.41,175.664,181.604,189.221,197.263,180.557,176.334,162.928,162.281,149.076,148.264,149.048,161.653,173.467,143.355,150.441,156.579,152.584,156.216,158.913,154.956,151.999,146.87,142.191,120.628,118.653,112.028,109.155
SYR,NaN,930.864,1001.493,1109.912,1081.032,1042.918,1073.696,1115.732,1150.673,1202.341,1456.254,1345.49,1363.245,1241.208,1152.515,1066.549,1003.297,1016.892,766.827,816.096,817.594,758.398,677.78,668.969,638.351,612.811,624.093,631.956,647.76,680.941,680.266,712.522,777.007
TJK,NaN,749.104,763.118,745.189,746.522,760.746,763.867,779.739,772.776,799.946,820.451,838.509,854.511,870.611,888.384,901.988,915.442,923.054,927.595,940.04,957.288,973.488,986.847,997.475,1012.729,1025.466,1035.615,1030.696,1025.472,1022.456,1026.509,1032.386,1056.911
THA,NaN,17747.433,18568.606,17838.688,18083.174,17327.603,17062.226,17620.423,17744.943,17120.92,17549.664,16529.724,16402.436,16238.872,16361.763,16502.076,16405.096,16564.297,16157.655,15549.7,14992.878,16650.321,17261.553,15714.251,13389.177,12921.038,12387.613,12444.322,12853.463,12490.659,12481.907,12716.945,12328.448
TLS,NaN,202.682,203.022,203.213,203.264,203.62,203.981,206.786,211.96,223.296,213.375,202.649,210.236,212.018,217.395,218.792,229.981,231.638,233.931,229.103,229.477,237.553,247.972,256.922,253.092,249.547,244.402,239.897,236.436,231.63,227.395,207.866,223.564
TGO,NaN,756.972,781.826,780.961,777.144,811.471,840.321,855.336,879.167,900.551,919.537,941.269,958.336,965.317,985.324,1011.137,1023.324,1002.257,972.026,913.538,870.549,834.093,854.879,873.177,894.256,910.994,894.511,873.493,869.658,866.143,877.065,893.887,910.437
TKL,NaN,NaN,NaN,NaN,NaN,NaN,NaN,NaN,NaN,NaN,NaN,NaN,NaN,NaN,NaN,NaN,NaN,NaN,NaN,NaN,NaN,NaN,NaN,NaN,NaN,NaN,NaN,NaN,NaN,NaN,NaN,NaN,NaN
TON,NaN,13.33,13.635,13.8,13.169,12.925,12.688,12.47,12.399,12.327,11.951,11.597,11.295,11.207,11.494,11.448,11.301,11.512,11.305,11.526,11.696,11.699,11.668,11.555,11.316,11.287,11.116,11.092,11.021,10.709,10.183,9.61,9.948
TTO,NaN,47.067,46.633,46.385,53.299,48.013,44.791,46.123,40.804,41.717,38.422,42.766,38.502,33.8,28.219,27.141,28.494,24.879,25.507,25.696,24.786,24.248,24.972,23.849,24.951,23.298,21.797,21.404,21.243,20.69,19.804,19.551,19.55
TUN,NaN,505.331,515.035,525.958,536.648,545.589,553.875,561.366,565.01,565.202,565.284,566.682,568.253,564.18,557.992,565.304,607.641,597.995,588.49,610.331,607.427,531.146,573.428,527.585,523.132,515.781,518.985,524.052,516.519,501.379,482.909,484.902,502.414
TUR,NaN,8963.683,8466.167,7664.456,8547.762,8771.25,8918.494,8491.589,8672.453,8475.15,7630.023,7737.075,7151.585,6824.813,5764.209,5215.91,4985.362,4946.61,5099.06,4968.24,5466.662,5940.385,5965.56,6012.246,5624.117,5635.235,5539.216,5683.406,5491.961,5254.699,4826.464,5039.281,5189.552
TKM,NaN,413.037,435.928,452.966,468.962,467.829,463.044,475.081,473.625,468.757,477.416,491.575,505.417,515.057,523.838,524.784,527.849,532.2,532.728,536.569,532.485,523.724,516.424,507.69,497.915,489.754,482.665,473.71,464.863,455.428,446.99,445.733,460.117
TCA,NaN,NaN,NaN,NaN,NaN,NaN,NaN,NaN,NaN,NaN,NaN,NaN,NaN,NaN,NaN,NaN,NaN,NaN,NaN,NaN,NaN,NaN,NaN,NaN,NaN,NaN,NaN,NaN,NaN,NaN,NaN,NaN,NaN
TUV,NaN,NaN,NaN,NaN,NaN,NaN,NaN,NaN,NaN,NaN,NaN,NaN,NaN,NaN,NaN,NaN,NaN,NaN,NaN,NaN,NaN,NaN,NaN,NaN,NaN,NaN,NaN,NaN,NaN,NaN,NaN,NaN,NaN
UGA,NaN,4593.892,4735.181,4866.753,5007.209,5076.298,5135.075,5235.191,5331.385,5455.328,5597.676,5726.689,5852.607,6027.041,6360.659,6708.169,6941.634,7215.764,7515.782,7809.736,7812.656,7793.46,7745.777,8861.144,8955.727,9326.349,9729.954,10115.534,10434.684,10739.942,10922.446,11294.342,11732.757
UKR,NaN,4573.205,4922.56,4876.434,4915.156,5038.03,4769.39,4699.985,4669.861,4602.371,4532.713,4480.666,4470.746,4434.704,4296.34,4258.133,3891.685,3727.037,3531.859,3400.522,3353.805,3275.064,3220.975,3170.394,2896.591,2977.939,3022.123,2964.863,2949.06,2939.025,2831.214,2744.938,NaN
ARE,NaN,96.327,101.331,105.881,110.571,114.855,122.086,129.877,137.257,147.302,158.095,156.414,155.024,153.536,153.074,154.621,160.708,173.945,188.666,198.925,196.849,184.326,170.097,155.145,140.511,125.118,112.832,101.147,91.672,141.835,110.797,89.42,88.776
GBR,NaN,575.22,551.364,527.506,539.506,538.749,516.596,500.7,469.39,426.582,427.385,391.541,392.577,357.797,369.582,403.743,400.325,407.366,325.23,328.864,361.397,364.618,359.593,324.622,394.181,362.28,362.426,379.79,353.392,348.486,341.994,338.477,335.245
TZA,NaN,10228.725,10519.177,10851.189,11297.804,11720.32,12007.833,12298.074,12620.961,12930.577,13253.498,13535.496,13693.138,13824.349,13899.966,13906.761,13888.946,14087.762,14349.457,14530.25,14618.232,14751.678,15032.031,15298.277,15657.456,16013.705,16394.003,16788.361,17167.377,17512.302,17807.32,18421.151,19201.609
USA,NaN,3301.36,3287.74,3164.267,3475.552,3525.255,3541.516,3500.363,3488.818,3394.221,3177.139,2960.451,2737.417,2542.637,2495.215,2454.01,2463.053,2347.981,2402.878,2336.268,2488.066,2538.11,2487.611,2414.193,2515.907,2743.315,2788.073,2812.958,2758.49,2753.109,2695.454,2654.045,2665.532
VIR,NaN,1.204,1.21,1.277,1.187,1.113,1.047,1.037,1.025,0.997,1.001,1.014,0.97,0.92,0.927,0.921,0.911,0.903,0.878,0.845,0.8,0.787,0.758,0.695,0.667,0.678,0.653,0.642,0.573,0.525,0.504,0.5,0.496
URY,NaN,88.241,90.699,86.595,91.844,96.826,105.632,115.39,146.71,148.375,145.345,145.085,140.439,137.866,142.47,138.122,151.095,157.945,160.259,169.324,179.784,158.763,138.487,149.508,150.141,142.222,132.089,140.011,132.941,132.08,121.012,127.976,135.099
UZB,NaN,3029.026,3138.472,3150.151,3209.79,3245.001,3171.496,3205.271,3131.336,3128.775,3169.654,3200.959,3236.945,3260.788,3249.512,3240.565,3221.776,3177.587,3090.096,3019.735,2969.595,3069.293,3065.703,3176.303,3253.674,3292.028,3312.529,3299.786,3288.125,3274.888,3334.78,3338.694,3356.214
VUT,NaN,38.034,38.939,39.964,40.649,41.847,42.89,43.648,44.513,45.715,46.77,48.149,49.801,50.671,52.332,53.381,54.327,55.974,57.119,58.42,63.208,63.199,63.494,63.442,63.041,61.946,60.944,60.597,59.853,59.005,55.189,54.892,55.127
VEN,NaN,928.005,909.343,905.805,1122.642,1103.252,1114.894,923.465,874.988,878.327,945.183,891.651,904.199,986.288,1014.89,1074.705,1038.198,1002.355,994.428,1024.159,1018.482,975.648,949.685,912.306,836.222,800.621,773.839,1019.616,1146.382,1192.317,1109.875,1137.563,1193.321
VNM,NaN,23886.254,24168.738,24431.626,24735.69,24989.048,25322.216,23587.076,24013.308,24672.936,25000.73,25203.551,24974.214,24338.588,23937.836,23498.328,22880.312,22543.182,22889.703,23065.914,24280.685,24505.538,24320.916,24534.717,24597.018,23547.92,22467.431,21672.13,20599.354,19057.42,17480.942,15604.101,18428.422
WLF,NaN,NaN,NaN,NaN,NaN,NaN,NaN,NaN,NaN,NaN,NaN,NaN,NaN,NaN,NaN,NaN,NaN,NaN,NaN,NaN,NaN,NaN,NaN,NaN,NaN,NaN,NaN,NaN,NaN,NaN,NaN,NaN,NaN
ESH,NaN,18.565,19.037,19.48,20.052,21.051,22.728,24.452,26.14,27.735,29.179,30.424,31.654,33.028,34.239,35.398,36.431,37.278,38.023,39.035,39.605,40.149,40.625,41.264,41.669,41.897,42.091,42.099,42.252,42.378,41.315,42.387,44.028
YEM,NaN,1513.619,1564.948,1624.316,1686.175,1772.778,1861.286,1944.203,2031.601,2005.239,1872.822,1725.911,1572.858,1416.421,1258.151,1238.124,1223.006,1208.058,1195.409,1173.704,1154.655,1260.987,1329.687,1395.775,1488.658,1307.05,1372.481,1431.479,1480.609,1511.826,1532.624,1537.283,1606.288
ZMB,NaN,1414.942,1438.935,1472.666,1520.042,1589.524,1652.984,1731.359,1791.971,1800.306,1804.545,1879.112,1946.862,2013.691,2079.069,2145.02,2282.978,2424.468,2568.403,2546.74,2522.783,2652.877,2764.773,2811.662,2857.706,2903.15,2960.75,3017.734,3286.646,3315.317,3604.327,3638.947,3741.652
ZWE,NaN,2272.149,2339.887,2379.629,2393.675,2420.206,2466.22,2514.063,2593.403,2679.642,2792.973,2897.697,3009.712,3121.429,3205.387,3218.642,3234.803,3245.315,3213.919,3126.155,3036.894,3018.07,3086.415,3202.989,3321.848,3341.4,3370.007,3402.66,3409.781,3417.487,3224.312,2998.904,3041.365