"Share of Agricultural Employment, ratio of Total Employment",1990,1991,1992,1993,1994,1995,1996,1997,1998,1999,2000,2001,2002,2003,2004,2005,2006,2007,2008,2009,2010,2011,2012,2013,2014,2015,2016,2017,2018,2019,2020,2021,2022
AFG,NaN,0.646825974,0.647711852,0.650590052,0.651860095,0.651691124,0.650615139,0.651876986,0.652774635,0.653547357,0.653479607,0.652541894,0.63931615,0.632560906,0.626406241,0.61637175,0.608719057,0.598526541,0.590025399,0.567226891,0.543494199,0.5279091,0.504166884,0.476973147,0.44798594,0.445935163,0.443371365,0.439890311,0.444535996,0.450160399,0.459834078,0.46587823,0.4658907
ALB,NaN,0.532995331,0.531987916,0.529873489,0.527358711,0.524132149,0.522033944,0.517549399,0.51319016,0.506929932,0.499195895,0.489888174,0.48143328,0.479953407,0.476007876,0.469627184,0.463577604,0.454934621,0.446560325,0.440516349,0.420844084,0.45388022,0.459956311,0.441980268,0.422570628,0.412835253,0.400408524,0.380783461,0.372857325,0.364168556,0.361907442,0.35640848,0.349267183
DZA,NaN,0.241185662,0.239670452,0.23853056,0.237340529,0.235568557,0.233728092,0.230755373,0.226906491,0.224750589,0.22235421,0.217154312,0.217072954,0.217220261,0.213404753,0.195934919,0.180170136,0.163800207,0.148298016,0.13355727,0.120062071,0.107719602,0.107550271,0.107532947,0.09746314,0.088347669,0.085351546,0.101612903,0.10092127,0.097984416,0.100237909,0.100330984,0.097432302
ASM,NaN,NaN,NaN,NaN,NaN,NaN,NaN,NaN,NaN,NaN,NaN,NaN,NaN,NaN,NaN,NaN,NaN,NaN,NaN,NaN,NaN,NaN,NaN,NaN,NaN,NaN,NaN,NaN,NaN,NaN,NaN,NaN,NaN
AND,NaN,NaN,NaN,NaN,NaN,NaN,NaN,NaN,NaN,NaN,NaN,NaN,NaN,NaN,NaN,NaN,NaN,NaN,NaN,NaN,NaN,NaN,NaN,NaN,NaN,NaN,NaN,NaN,NaN,NaN,NaN,NaN,NaN
AGO,NaN,0.400718567,0.399382623,0.401263803,0.398917723,0.393849533,0.388025436,0.384197643,0.381697504,0.375721396,0.371460067,0.369251441,0.364258485,0.361555716,0.361663353,0.381609804,0.405238641,0.426903205,0.449381526,0.472185489,0.486825181,0.511022141,0.532924849,0.554400667,0.575996382,0.568499019,0.562217534,0.553202788,0.54401488,0.53423328,0.551641529,0.567075063,0.563182611
AIA,NaN,NaN,NaN,NaN,NaN,NaN,NaN,NaN,NaN,NaN,NaN,NaN,NaN,NaN,NaN,NaN,NaN,NaN,NaN,NaN,NaN,NaN,NaN,NaN,NaN,NaN,NaN,NaN,NaN,NaN,NaN,NaN,NaN
ATG,NaN,NaN,NaN,NaN,NaN,NaN,NaN,NaN,NaN,NaN,NaN,NaN,NaN,NaN,NaN,NaN,NaN,NaN,NaN,NaN,NaN,NaN,NaN,NaN,NaN,NaN,NaN,NaN,NaN,NaN,NaN,NaN,NaN
ARG,NaN,0.136699989,0.134722546,0.132612966,0.130483473,0.12935374,0.127351675,0.124786913,0.122271302,0.120645944,0.11894394,0.117608865,0.119459456,0.116123886,0.111246995,0.106450303,0.101667394,0.098008218,0.094864934,0.092264127,0.089314535,0.085900119,0.083664165,0.0818455,0.080615875,0.07842719,0.076943251,0.075032051,0.074137009,0.073308798,0.072857518,0.073336076,0.072059057
ARM,NaN,0.542632518,0.551277095,0.558493824,0.560243039,0.560860432,0.560762878,0.561093378,0.560724172,0.560221177,0.559106405,0.55684252,0.552033356,0.546003744,0.541210463,0.535150459,0.53061757,0.526355823,0.523726306,0.528123419,0.527911553,0.527393365,0.525664988,0.524654375,0.523391549,0.521639834,0.520792178,0.51777924,0.515218352,0.496460814,0.52383909,0.531009177,0.524162234
ABW,NaN,NaN,NaN,NaN,NaN,NaN,NaN,NaN,NaN,NaN,NaN,NaN,NaN,NaN,NaN,NaN,NaN,NaN,NaN,NaN,NaN,NaN,NaN,NaN,NaN,NaN,NaN,NaN,NaN,NaN,NaN,NaN,NaN
AUS,NaN,0.053566517,0.05053976,0.051167165,0.049014565,0.047748746,0.048437204,0.04910028,0.048492306,0.049330616,0.048574458,0.047543011,0.043821205,0.03913118,0.037378898,0.035798463,0.034119473,0.033208134,0.032233284,0.032342764,0.032304064,0.028199397,0.028017804,0.026181879,0.027983185,0.026365048,0.02621163,0.025960541,0.02616852,0.025582981,0.027659935,0.024948326,0.021995544
AUT,NaN,0.073642306,0.070544307,0.069050792,0.071965027,0.073356229,0.074282835,0.068924525,0.064850055,0.062329454,0.060507832,0.058047878,0.057586877,0.055038346,0.049502387,0.052745816,0.05244476,0.05526849,0.054512543,0.055675711,0.054297415,0.04937549,0.046752543,0.045757037,0.048368982,0.045309987,0.043481641,0.039298505,0.036941117,0.036561324,0.038638432,0.037348244,0.035385583
AZE,NaN,0.438754733,0.454081585,0.445550204,0.443429363,0.447556307,0.450399394,0.431864759,0.423017643,0.423139306,0.410095838,0.399542484,0.401851788,0.382023808,0.395368836,0.393174259,0.395469185,0.38549128,0.395932103,0.381247996,0.382299753,0.378827776,0.376533345,0.371005503,0.367534525,0.363558415,0.363369094,0.363276962,0.362363326,0.359631546,0.36312789,0.362828097,0.356224903
BHS,NaN,0.052536971,0.052508528,0.054588339,0.054300753,0.043379029,0.04991731,0.038388911,0.035298179,0.040320186,0.041107023,0.042027392,0.037112486,0.029994362,0.044320676,0.034938179,0.025061834,0.02302918,0.0293743,0.028814734,0.032655283,0.036896841,0.036432492,0.035738858,0.035238338,0.034726705,0.033976806,0.033088752,0.032294929,0.031600941,0.031218847,0.031215058,0.030391791
BHR,NaN,0.024329391,0.023151933,0.022001111,0.021091671,0.020223807,0.01940078,0.018611771,0.017761653,0.017053716,0.016405692,0.015678514,0.01515969,0.014625505,0.014022519,0.013471389,0.012897663,0.012333592,0.011833095,0.011408365,0.010876976,0.010974675,0.010925702,0.010873598,0.010791607,0.010745101,0.010395107,0.010081042,0.009810736,0.009513247,0.009351355,0.009259462,0.00900849
BGD,NaN,0.641648331,0.640653599,0.639310197,0.637263066,0.633733513,0.629712836,0.625004399,0.619846913,0.614236969,0.608461557,0.580577754,0.549959068,0.517349543,0.499634889,0.480762679,0.480757116,0.478915576,0.477077129,0.47540733,0.473063798,0.466413801,0.458958455,0.450991816,0.443676043,0.435392449,0.426647419,0.405973065,0.394103688,0.382418656,0.381232034,0.375456404,0.368582165
BRB,NaN,0.055226036,0.062434738,0.055553906,0.053083745,0.046406078,0.052676903,0.052677906,0.044372303,0.04313204,0.037212807,0.042017,0.040437516,0.045556472,0.034085292,0.023789408,0.036102575,0.030064223,0.028208202,0.029998947,0.029954126,0.029642493,0.02955111,0.029218929,0.027822773,0.028902622,0.028617715,0.03105798,0.030958481,0.028293364,0.02791928,0.028007624,0.027248592
BLR,NaN,0.222233875,0.232390024,0.225995552,0.220433871,0.220151256,0.216186161,0.210126531,0.20398636,0.198900271,0.192797858,0.185415905,0.179286981,0.172194777,0.165501842,0.15850697,0.151849455,0.14533587,0.139339519,0.133932288,0.127785191,0.122469847,0.117337839,0.111919483,0.107044424,0.102484213,0.097382749,0.106964687,0.113147521,0.110571138,0.1089235,0.109072064,0.106309823
BEL,NaN,0.027497674,0.026817232,0.026319731,0.028884206,0.026786023,0.027410763,0.026565145,0.022377833,0.0239302,0.019078883,0.013796276,0.017897647,0.017211002,0.022188444,0.02038951,0.019542748,0.018563215,0.015528073,0.014870318,0.01351981,0.013005248,0.011719856,0.013598438,0.012181656,0.011765166,0.012513756,0.011636114,0.00994282,0.009195728,0.009154868,0.009359836,0.009077705
BLZ,NaN,0.286128049,0.282632805,0.279113286,0.273663247,0.271529436,0.286810069,0.299095508,0.250153574,0.274714537,0.260959136,0.246902991,0.233429977,0.219974354,0.207710291,0.195542844,0.193426551,0.191044748,0.189218136,0.186782774,0.18476961,0.183023656,0.18042739,0.174588285,0.176708653,0.180813336,0.185628307,0.174176854,0.174261166,0.168606373,0.173361851,0.172225637,0.167849959
BEN,NaN,0.55709961,0.554982354,0.552303699,0.548796596,0.543964838,0.540633982,0.535608653,0.531665334,0.527057452,0.519127001,0.51119431,0.504568384,0.497813495,0.491637521,0.487370915,0.480893403,0.471642181,0.462937501,0.457353988,0.451662421,0.436134175,0.416913759,0.395514644,0.37546498,0.359959726,0.343935777,0.32462665,0.306130257,0.295722965,0.294486817,0.29059294,0.283861144
BTN,NaN,0.722594417,0.720359368,0.718748077,0.716224256,0.714697125,0.711221474,0.709152759,0.70562403,0.702727345,0.694982988,0.686976284,0.679793054,0.674327458,0.661360919,0.65055,0.628032932,0.619862105,0.606736681,0.588555842,0.5719016,0.570919376,0.581087895,0.56344212,0.56650781,0.579857338,0.567754013,0.55498307,0.540001679,0.511256523,0.499152567,0.498590329,0.439556105
BOL,NaN,0.435213802,0.432467585,0.429039585,0.425436976,0.421351462,0.416748851,0.413037638,0.406721333,0.399502327,0.389389811,0.44202051,0.423853992,0.3508316,0.350832999,0.386083962,0.395000239,0.361000362,0.311642806,0.300679286,0.317400536,0.33177722,0.308555454,0.327603763,0.309878387,0.296773767,0.297427958,0.304901646,0.310700301,0.274144252,0.30000647,0.276474096,0.270201876
BES,NaN,NaN,NaN,NaN,NaN,NaN,NaN,NaN,NaN,NaN,NaN,NaN,NaN,NaN,NaN,NaN,NaN,NaN,NaN,NaN,NaN,NaN,NaN,NaN,NaN,NaN,NaN,NaN,NaN,NaN,NaN,NaN,NaN
BIH,NaN,0.273464399,0.270241554,0.265717073,0.259274216,0.250712133,0.240151638,0.228596429,0.217028253,0.207320546,0.196453075,0.18810133,0.190358907,0.193596195,0.197588673,0.201792406,0.205392862,0.198153982,0.205795048,0.212228976,0.196939404,0.196100647,0.205581737,0.188634994,0.170791216,0.178756756,0.179572605,0.188710894,0.15724892,0.17962457,0.122306508,0.138254537,0.168726029
BWA,NaN,0.162151856,0.159532446,0.158173685,0.156745515,0.152644134,0.150733888,0.177279619,0.207321256,0.202824168,0.199555547,0.191188798,0.201170937,0.212193319,0.239314359,0.265897774,0.290917957,0.276508827,0.26226454,0.250891012,0.238862048,0.227472859,0.217286436,0.203377898,0.192971741,0.186418067,0.176563407,0.166935508,0.157782498,0.14888698,0.194434051,0.175934527,0.176383566
BRA,NaN,0.183238565,0.189108361,0.184416739,0.175350973,0.170239215,0.15918674,0.157408694,0.150513108,0.155560435,0.153721146,0.153070626,0.154077158,0.155664754,0.16043454,0.155161481,0.144959503,0.135486355,0.12705353,0.122866658,0.114663093,0.108244031,0.098481485,0.100260699,0.093065022,0.093323929,0.097979306,0.091914293,0.090569413,0.088772771,0.093140712,0.094956085,0.08731441
VGB,NaN,NaN,NaN,NaN,NaN,NaN,NaN,NaN,NaN,NaN,NaN,NaN,NaN,NaN,NaN,NaN,NaN,NaN,NaN,NaN,NaN,NaN,NaN,NaN,NaN,NaN,NaN,NaN,NaN,NaN,NaN,NaN,NaN
BRN,NaN,0.020275525,0.019467767,0.018695939,0.017961667,0.017130479,0.016516359,0.015908348,0.015239227,0.014776109,0.014235075,0.013631075,0.013621363,0.013653863,0.013680197,0.013703875,0.013703347,0.013686296,0.013703853,0.013630427,0.013652625,0.01369959,0.013695625,0.01367984,0.013698558,0.01364417,0.013617601,0.013584139,0.010606068,0.019533624,0.013367709,0.014066033,0.013824756
BGR,NaN,0.151983763,0.148136609,0.149191942,0.150463483,0.151079423,0.148457179,0.144356892,0.140405798,0.13766288,0.131963421,0.096935783,0.107051314,0.111394936,0.107452851,0.089387777,0.081079917,0.07544334,0.074708554,0.070888943,0.068149512,0.067790553,0.064400633,0.066597838,0.07007934,0.068558726,0.067535677,0.070139946,0.065777367,0.066217499,0.065856887,0.06291865,0.064464839
BFA,NaN,0.892910199,0.892597888,0.89142056,0.891342863,0.886118731,0.879765284,0.873495138,0.867292558,0.860406343,0.854136946,0.847268844,0.84049483,0.832575375,0.824190024,0.815369222,0.806062236,0.800843433,0.798550936,0.794638289,0.791057971,0.787069055,0.782468463,0.776913242,0.772979574,0.768522797,0.763567249,0.758100472,0.752887036,0.746715418,0.748001391,0.745801394,0.74214804
BDI,NaN,0.919638214,0.919546175,0.920214324,0.920697682,0.922410432,0.92471569,0.924820362,0.922149381,0.920491608,0.918649257,0.915657837,0.91238353,0.910071008,0.909275082,0.90552457,0.900940346,0.895752481,0.891584195,0.887819108,0.8828809,0.877398542,0.871949811,0.86714851,0.861850297,0.863175202,0.863016526,0.8630985,0.859903469,0.855939222,0.853194885,0.853131342,0.850581299
CPV,NaN,0.372159833,0.366573139,0.361040169,0.353046674,0.344117572,0.33646935,0.32645574,0.316164604,0.305989233,0.292854405,0.285888984,0.276428425,0.268862658,0.25704647,0.247214838,0.237371588,0.223683899,0.215326743,0.211821688,0.201608424,0.191052604,0.182742005,0.174489682,0.166157064,0.157617965,0.147118964,0.136167404,0.118382836,0.106044463,0.107430906,0.105378314,0.101363179
KHM,NaN,0.78505985,0.779919172,0.780273695,0.790625479,0.786441721,0.775581863,0.769361747,0.760151905,0.748985787,0.734763114,0.689337968,0.672291845,0.658299156,0.636924286,0.620381766,0.600870846,0.581269491,0.559205843,0.580385791,0.547856714,0.565476656,0.532016721,0.495226799,0.459960248,0.424684297,0.375402476,0.382063781,0.390311073,0.398680953,0.368999764,0.371315781,0.366408341
CMR,NaN,0.687533006,0.688059488,0.688997259,0.688561429,0.686548257,0.683905137,0.680669299,0.676587307,0.671644504,0.666471659,0.658875049,0.65042353,0.640603193,0.628952992,0.619846484,0.609702938,0.59827353,0.582516756,0.566207876,0.549885716,0.531935327,0.513747584,0.494802843,0.476130356,0.465143016,0.45538655,0.44691186,0.438555323,0.430927972,0.431496303,0.428222125,0.421971509
CAN,NaN,0.03491257,0.034513301,0.034825293,0.033480415,0.031534911,0.031122873,0.030073124,0.029909982,0.02805973,0.025155083,0.021601408,0.021168833,0.02107053,0.020231675,0.021220535,0.021120009,0.020009054,0.019408566,0.019540765,0.018074959,0.017879192,0.017528786,0.017748816,0.017140299,0.016434127,0.019444936,0.015186087,0.014867458,0.015104777,0.015563528,0.013377098,0.01286758
CYM,NaN,NaN,NaN,NaN,NaN,NaN,NaN,NaN,NaN,NaN,NaN,NaN,NaN,NaN,NaN,NaN,NaN,NaN,NaN,NaN,NaN,NaN,NaN,NaN,NaN,NaN,NaN,NaN,NaN,NaN,NaN,NaN,NaN
CAF,NaN,0.764668653,0.766984376,0.767486205,0.765800382,0.763733203,0.766807885,0.764960658,0.762809114,0.757767648,0.760358603,0.758057715,0.755063909,0.761942146,0.756760028,0.755420911,0.75130133,0.74736471,0.745469536,0.738348051,0.733727952,0.729991248,0.723675956,0.736858459,0.734839903,0.729079169,0.72434944,0.719687298,0.715933262,0.712676593,0.713497413,0.712071285,0.708411521
TCD,NaN,0.833996378,0.829616898,0.833742482,0.828500162,0.827052092,0.826027113,0.822450086,0.816959834,0.816080004,0.815904257,0.807892701,0.799984215,0.793374275,0.782340163,0.769672056,0.769286579,0.764517747,0.761451282,0.75359861,0.748696433,0.74243315,0.734422441,0.726071394,0.717902876,0.713166214,0.714332991,0.711376662,0.703852898,0.698421845,0.697660707,0.695494387,0.69153914
CHL,NaN,0.190906383,0.180203174,0.165551706,0.162184889,0.157051599,0.154084156,0.144212066,0.144386895,0.144337701,0.144374699,0.136036881,0.134979802,0.135995228,0.131483796,0.127142853,0.122999374,0.118520254,0.11392609,0.110747831,0.10682417,0.103925659,0.100942537,0.093530344,0.092027182,0.09181175,0.09342858,0.093405075,0.092998805,0.090691724,0.071820174,0.065480487,0.063185014
CHN,NaN,0.596998013,0.585001232,0.564004288,0.542999,0.522001029,0.505003633,0.499004535,0.497996731,0.500994462,0.500006886,0.499999962,0.50000001,0.490994892,0.469002456,0.448001874,0.426004922,0.40800039,0.396000695,0.380998885,0.367006111,0.347997895,0.33600591,0.314002869,0.295004742,0.283004753,0.27422123,0.266835804,0.257514935,0.247219873,0.235998587,0.231645049,0.225711174
HKG,NaN,NaN,NaN,NaN,NaN,NaN,NaN,NaN,NaN,NaN,NaN,NaN,NaN,NaN,NaN,NaN,NaN,NaN,NaN,NaN,NaN,NaN,NaN,NaN,NaN,NaN,NaN,NaN,NaN,NaN,NaN,NaN,NaN
MAC,NaN,NaN,NaN,NaN,NaN,NaN,NaN,NaN,NaN,NaN,NaN,NaN,NaN,NaN,NaN,NaN,NaN,NaN,NaN,NaN,NaN,NaN,NaN,NaN,NaN,NaN,NaN,NaN,NaN,NaN,NaN,NaN,NaN
COL,NaN,0.203079884,0.202449632,0.195852018,0.186896138,0.184303123,0.185266198,0.180616055,0.182721932,0.189573823,0.203207253,0.20866449,0.201355192,0.206797398,0.199120181,0.203203347,0.195045219,0.183785833,0.180476259,0.186910327,0.185422274,0.180438518,0.176065707,0.170243942,0.164359022,0.163195736,0.162999589,0.169346037,0.169993717,0.161112116,0.166629564,0.159278313,0.146393241
COM,NaN,0.597100722,0.59420172,0.592844839,0.595022227,0.593242042,0.593454709,0.59027354,0.588470406,0.585789575,0.577914827,0.573363259,0.568247126,0.563070171,0.557187332,0.541464616,0.525422348,0.506849022,0.488420503,0.471531639,0.453632232,0.434977413,0.416735345,0.398275803,0.380056158,0.378844153,0.375220764,0.369700048,0.364765102,0.360557681,0.358433218,0.352127056,0.34627407
COG,NaN,0.451731081,0.450293484,0.449386532,0.452131133,0.450443663,0.448314243,0.445861475,0.440170529,0.443395647,0.437895111,0.429637404,0.421246488,0.416827299,0.411238567,0.399687134,0.388784525,0.38612727,0.380365839,0.364682716,0.355711781,0.348853082,0.337346662,0.33394782,0.324198659,0.320741143,0.321425439,0.324756079,0.330015275,0.326595291,0.329997057,0.328034331,0.322527221
COK,NaN,NaN,NaN,NaN,NaN,NaN,NaN,NaN,NaN,NaN,NaN,NaN,NaN,NaN,NaN,NaN,NaN,NaN,NaN,NaN,NaN,NaN,NaN,NaN,NaN,NaN,NaN,NaN,NaN,NaN,NaN,NaN,NaN
CRI,NaN,0.18253192,0.181043566,0.179804416,0.176235763,0.178539547,0.17710614,0.173329675,0.171329521,0.1661146,0.162859206,0.156425715,0.159077713,0.152084715,0.14878897,0.152494369,0.140373657,0.132666322,0.123952719,0.108894212,0.123509227,0.128277029,0.133147424,0.139152054,0.141844888,0.144039046,0.149329536,0.153685111,0.157834019,0.15308129,0.165464644,0.152045694,0.134074746
CIV,NaN,0.546381382,0.544759615,0.543411052,0.541423995,0.537855506,0.533508726,0.527617845,0.523384883,0.519445582,0.516749532,0.515554525,0.515616592,0.516448818,0.509128213,0.504203359,0.499661373,0.495254108,0.489298726,0.48269328,0.474293189,0.475434849,0.463646797,0.451701436,0.443742387,0.434608057,0.427473952,0.418912721,0.440050431,0.459449322,0.462405401,0.460182062,0.455800571
HRV,NaN,0.22645728,0.224611839,0.219980703,0.212540838,0.205962902,0.198900763,0.17771411,0.172928436,0.169170333,0.164966262,0.159889885,0.155507943,0.168652729,0.169652225,0.173000433,0.142423234,0.123541796,0.128168899,0.133242294,0.14254333,0.145883258,0.122534591,0.107862209,0.095187804,0.092276037,0.076024407,0.069794724,0.062410225,0.061940143,0.064660389,0.068034178,0.05895846
CUB,NaN,0.249112787,0.252979231,0.25894464,0.25464858,0.250999778,0.251000094,0.252256419,0.248482203,0.233200435,0.226879193,0.216564615,0.216564793,0.216564678,0.211647446,0.202498699,0.200205992,0.187419096,0.185744235,0.187277277,0.186008115,0.196882338,0.192607326,0.186142979,0.18899552,0.186778162,0.184068612,0.181493589,0.178733559,0.175208544,0.177870603,0.176123532,0.171384788
CUW,NaN,NaN,NaN,NaN,NaN,NaN,NaN,NaN,NaN,NaN,NaN,NaN,NaN,NaN,NaN,NaN,NaN,NaN,NaN,NaN,NaN,NaN,NaN,NaN,NaN,NaN,NaN,NaN,NaN,NaN,NaN,NaN,NaN
CYP,NaN,0.126278523,0.121611128,0.118732718,0.111028154,0.108155184,0.088845557,0.072174503,0.058119183,0.046649125,0.054044005,0.048382483,0.052542915,0.051866622,0.048256722,0.047385424,0.042608617,0.043850527,0.042311755,0.039294646,0.037954079,0.038283493,0.029126339,0.031053213,0.044301458,0.039951732,0.036434936,0.025277873,0.021657429,0.024107659,0.027317259,0.028531845,0.023746169
CZE,NaN,0.083680022,0.081297685,0.077948237,0.069452667,0.066380768,0.062158908,0.058248531,0.055418353,0.052534254,0.049764643,0.047124322,0.044543147,0.0420503,0.039845038,0.037541646,0.035444984,0.033544991,0.031742784,0.03116932,0.0309618,0.029891322,0.030502257,0.030303522,0.027485358,0.029255115,0.029014948,0.028029546,0.028021903,0.026637645,0.026100277,0.025475613,0.025303067
PRK,NaN,0.522129313,0.523470022,0.52408494,0.524437247,0.525240768,0.525623596,0.526881978,0.525908284,0.521986793,0.519382832,0.51447481,0.510780023,0.506259388,0.50195767,0.496705893,0.494087842,0.491581379,0.486875639,0.484051347,0.481459299,0.478186911,0.474242531,0.470311084,0.466358885,0.46370599,0.458719729,0.45792612,0.457442791,0.453968524,0.45473826,0.452222754,0.446390931
COD,NaN,0.72204786,0.726415272,0.731278806,0.735649748,0.735827416,0.732700339,0.73755675,0.737975121,0.743184966,0.741589112,0.746678939,0.74071486,0.733328255,0.726713009,0.718704746,0.708958288,0.697587552,0.6874453,0.675918229,0.661182556,0.644322958,0.626416037,0.614331752,0.602765577,0.591948474,0.58713256,0.582982784,0.576980651,0.568586317,0.569180947,0.566354347,0.560744571
DNK,NaN,0.054394975,0.052798311,0.051443486,0.050453814,0.043944594,0.038771632,0.037369169,0.037065694,0.03321635,0.036682058,0.035482876,0.032128896,0.032949454,0.03271712,0.031825219,0.030883134,0.029638336,0.027058488,0.027593125,0.025437501,0.023944972,0.026371851,0.02593586,0.024802303,0.024915708,0.023341814,0.021106075,0.021916854,0.022229754,0.02114526,0.020394552,0.0211809
DJI,NaN,0.025679084,0.025422756,0.025705086,0.025569081,0.025676454,0.025767896,0.025485212,0.025207141,0.024458623,0.023972574,0.023460387,0.022690348,0.02201507,0.021470622,0.021020404,0.0202795,0.019600191,0.018844339,0.018316088,0.01782199,0.01704082,0.016371598,0.015774545,0.015110313,0.014424734,0.013740262,0.013238484,0.012769138,0.012308101,0.012320908,0.012093469,0.011646937
DMA,NaN,NaN,NaN,NaN,NaN,NaN,NaN,NaN,NaN,NaN,NaN,NaN,NaN,NaN,NaN,NaN,NaN,NaN,NaN,NaN,NaN,NaN,NaN,NaN,NaN,NaN,NaN,NaN,NaN,NaN,NaN,NaN,NaN
DOM,NaN,0.219664768,0.216268914,0.213003587,0.208208077,0.203939877,0.199025306,0.200143158,0.170923984,0.175443903,0.156023347,0.143926583,0.152206382,0.14264522,0.142360097,0.136828976,0.136908956,0.128538823,0.126806857,0.131279014,0.124171074,0.120402359,0.113592487,0.110816913,0.112594469,0.097152894,0.089269923,0.095771051,0.093300453,0.087867895,0.089528849,0.080088132,0.077133669
ECU,NaN,0.265653343,0.269811735,0.265007108,0.270329777,0.272692536,0.274635722,0.268533029,0.271203208,0.273747599,0.279298315,0.290431676,0.285228663,0.299017072,0.305654457,0.305150045,0.29620366,0.28487342,0.279547675,0.285346198,0.278778149,0.279054214,0.279812417,0.266496054,0.252803686,0.261915706,0.269419327,0.276938564,0.288247114,0.297419324,0.317707049,0.321783074,0.315382881
EGY,NaN,0.37704788,0.384559342,0.352916404,0.351757342,0.339933575,0.312987922,0.31374922,0.298026797,0.286998776,0.296328153,0.285450601,0.275208905,0.298684596,0.31834965,0.309391047,0.312326001,0.317572309,0.316921229,0.29957987,0.282763541,0.292391068,0.270713505,0.279587974,0.275477653,0.258150815,0.255738277,0.250617914,0.216811971,0.211580254,0.203791302,0.192891709,0.18657414
SLV,NaN,0.268104381,0.266951891,0.265815722,0.264099111,0.261058793,0.258123793,0.255641956,0.250819369,0.221361454,0.216153,0.218081613,0.197472142,0.182418717,0.191294033,0.199923035,0.188601956,0.180201938,0.186878788,0.209083205,0.207782421,0.215936027,0.209704531,0.195858267,0.187644351,0.181104975,0.186788346,0.185748188,0.167082475,0.162939567,0.157957344,0.148723075,0.149736929
GNQ,NaN,0.686242327,0.684320278,0.675498019,0.678806195,0.668240232,0.659487092,0.649812765,0.636700237,0.634455151,0.628162012,0.615822435,0.604478994,0.596504934,0.583667958,0.573742948,0.566461503,0.556645951,0.546864144,0.545021161,0.548789454,0.54550705,0.542262036,0.544303152,0.545285465,0.549164362,0.553355579,0.557352428,0.554000243,0.555768535,0.560667586,0.559862195,0.555325528
ERI,NaN,0.714962833,0.711931552,0.70492533,0.698665093,0.695343968,0.691392642,0.687596523,0.685253196,0.681644325,0.679394857,0.675472002,0.670156313,0.66994081,0.669620914,0.675862621,0.677254872,0.675010701,0.68027935,0.673324289,0.675485281,0.667162364,0.663246856,0.671189586,0.654627287,0.664994411,0.655735694,0.661385121,0.650640396,0.643213307,0.646733039,0.644483906,0.639928312
EST,NaN,0.192536725,0.18085105,0.159964967,0.141566695,0.101831266,0.09720681,0.097163017,0.092943059,0.085880964,0.063621573,0.063444616,0.065964855,0.062354666,0.050622675,0.051932843,0.050640236,0.047765106,0.039016084,0.040544974,0.042170638,0.04412541,0.044933274,0.042619487,0.038582265,0.039016015,0.038942901,0.035260724,0.03293887,0.031671683,0.029643133,0.026842396,0.026006767
SWZ,NaN,0.203194885,0.200868876,0.197966815,0.196741936,0.194812292,0.191741811,0.188481368,0.186367289,0.18405471,0.183637094,0.181613554,0.178421833,0.1742762,0.169938049,0.16610854,0.161767947,0.157967488,0.154947175,0.152121886,0.148779616,0.146288723,0.142853367,0.13956535,0.1374593,0.134427509,0.132046041,0.132081312,0.132683795,0.133093342,0.135554124,0.136490853,0.134468016
ETH,NaN,0.777987428,0.782005052,0.77709407,0.774185851,0.77197562,0.766440659,0.766095729,0.767403245,0.763554122,0.76636581,0.767626188,0.772327625,0.780661016,0.779187725,0.781207636,0.774215963,0.766011894,0.758573971,0.751106595,0.73836979,0.727337034,0.720900077,0.710336398,0.700588955,0.690389883,0.681833235,0.67125727,0.662965488,0.652980961,0.645705706,0.634660086,0.627913598
FLK,NaN,NaN,NaN,NaN,NaN,NaN,NaN,NaN,NaN,NaN,NaN,NaN,NaN,NaN,NaN,NaN,NaN,NaN,NaN,NaN,NaN,NaN,NaN,NaN,NaN,NaN,NaN,NaN,NaN,NaN,NaN,NaN,NaN
FRO,NaN,NaN,NaN,NaN,NaN,NaN,NaN,NaN,NaN,NaN,NaN,NaN,NaN,NaN,NaN,NaN,NaN,NaN,NaN,NaN,NaN,NaN,NaN,NaN,NaN,NaN,NaN,NaN,NaN,NaN,NaN,NaN,NaN
FJI,NaN,0.176957592,0.173778199,0.171694693,0.170077434,0.167700447,0.167458152,0.177382462,0.185420529,0.201602056,0.214747554,0.227351697,0.241585041,0.263938711,0.275383743,0.282455144,0.286169673,0.291922424,0.293014844,0.296092631,0.29790889,0.301278124,0.304767832,0.306859511,0.303919577,0.304315036,0.306051824,0.299913318,0.295156445,0.293458012,0.296689533,0.294028166,0.287955748
FIN,NaN,0.083555764,0.082864511,0.082066381,0.080080185,0.077576846,0.078930675,0.077780236,0.071135751,0.063806519,0.062080646,0.058370335,0.0552699,0.052765039,0.050090319,0.048251049,0.046700799,0.045369413,0.045207834,0.046268424,0.044393958,0.042306178,0.041596521,0.04132278,0.042558569,0.0422364,0.038646387,0.037629699,0.037118573,0.037782956,0.036552235,0.041082115,0.03762785
FRA,NaN,0.057283341,0.055962387,0.054567681,0.051869739,0.048901617,0.048231471,0.04637165,0.044106604,0.042428571,0.041428972,0.040701468,0.041312898,0.042540406,0.038737202,0.035955206,0.036740903,0.034268084,0.027595406,0.029491934,0.029162893,0.029293559,0.029352014,0.030746863,0.028453289,0.027449292,0.028719003,0.026056715,0.024966502,0.025152964,0.023500453,0.024912858,0.025875231
GUF,NaN,NaN,NaN,NaN,NaN,NaN,NaN,NaN,NaN,NaN,NaN,NaN,NaN,NaN,NaN,NaN,NaN,NaN,NaN,NaN,NaN,NaN,NaN,NaN,NaN,NaN,NaN,NaN,NaN,NaN,NaN,NaN,NaN
PYF,NaN,0.025277333,0.025095324,0.025023845,0.024922969,0.024647261,0.028555126,0.032978375,0.037601662,0.038771651,0.044023875,0.042822471,0.038715206,0.034856791,0.03444582,0.035413308,0.036529635,0.035141708,0.033866103,0.026093096,0.027301825,0.027892454,0.027152977,0.026158494,0.02558925,0.024938198,0.024170319,0.023312536,0.022591519,0.02190903,0.021663808,0.021588532,0.021069665
GAB,NaN,0.443208916,0.440733081,0.435151844,0.430449493,0.423988915,0.417955843,0.411773126,0.404634496,0.406864308,0.404276336,0.396483362,0.392850973,0.388087763,0.384124714,0.379627297,0.37701462,0.369846738,0.368041006,0.362991958,0.355869026,0.347914512,0.340279269,0.332816067,0.326072602,0.319859558,0.31446026,0.310209187,0.30619097,0.299999637,0.301854114,0.299209297,0.292955133
GMB,NaN,0.664350777,0.660357023,0.656297558,0.654729561,0.65123879,0.644614897,0.637117208,0.630155518,0.621696882,0.612566606,0.603435678,0.603232397,0.59414078,0.584513301,0.583205593,0.57804306,0.570828368,0.562106036,0.552500353,0.543597826,0.545778537,0.536901971,0.529629244,0.526353428,0.51837073,0.513248227,0.504365365,0.496068155,0.486462237,0.485284532,0.481830674,0.475226069
GEO,NaN,0.473910472,0.480567053,0.486350745,0.486828549,0.484124388,0.483468339,0.482565484,0.48553917,0.522532926,0.521693851,0.527872572,0.537734141,0.548932864,0.540006621,0.543369686,0.553081853,0.534299495,0.513489699,0.493488017,0.480871172,0.486208746,0.471285562,0.473259702,0.46059858,0.44048183,0.438142198,0.4312727,0.388995298,0.381471021,0.410547338,0.40727735,0.399116047
DEU,NaN,0.036958108,0.035994898,0.035094769,0.032587701,0.031701781,0.029347801,0.029422063,0.02779926,0.028639068,0.026375242,0.026159913,0.024870962,0.024246262,0.02355155,0.02373413,0.022679591,0.022585267,0.017844934,0.016823797,0.016471597,0.016443798,0.015606077,0.014462395,0.014282721,0.013939947,0.013082784,0.012766215,0.012495399,0.012041488,0.012207221,0.01250586,0.012405863
GHA,NaN,0.634360704,0.623793329,0.6146484,0.605141207,0.594467425,0.583943248,0.571847277,0.560875122,0.549450549,0.53126683,0.535926981,0.539755671,0.542666945,0.545363193,0.546411889,0.548964415,0.519201931,0.485831659,0.453955956,0.419954389,0.428580294,0.442056085,0.453794885,0.404439,0.351775904,0.386814563,0.42018423,0.411367142,0.401761816,0.4047999,0.403435066,0.397412595
GIB,NaN,NaN,NaN,NaN,NaN,NaN,NaN,NaN,NaN,NaN,NaN,NaN,NaN,NaN,NaN,NaN,NaN,NaN,NaN,NaN,NaN,NaN,NaN,NaN,NaN,NaN,NaN,NaN,NaN,NaN,NaN,NaN,NaN
GRC,NaN,0.198805116,0.196207982,0.193471157,0.193842638,0.193883053,0.19850226,0.195748164,0.174042512,0.173715183,0.167540049,0.153249605,0.145384865,0.141917286,0.114824591,0.113390413,0.110133137,0.106127924,0.106201411,0.110864813,0.118742449,0.117510342,0.123426342,0.131533623,0.130940154,0.125007123,0.119289343,0.116725654,0.118529887,0.111507443,0.102879137,0.113577248,0.111562757
GRD,NaN,NaN,NaN,NaN,NaN,NaN,NaN,NaN,NaN,NaN,NaN,NaN,NaN,NaN,NaN,NaN,NaN,NaN,NaN,NaN,NaN,NaN,NaN,NaN,NaN,NaN,NaN,NaN,NaN,NaN,NaN,NaN,NaN
GLP,NaN,NaN,NaN,NaN,NaN,NaN,NaN,NaN,NaN,NaN,NaN,NaN,NaN,NaN,NaN,NaN,NaN,NaN,NaN,NaN,NaN,NaN,NaN,NaN,NaN,NaN,NaN,NaN,NaN,NaN,NaN,NaN,NaN
GUM,NaN,0.006412499,0.00632489,0.006226741,0.006108708,0.005977481,0.005825443,0.005665428,0.005508726,0.005327667,0.005141949,0.004877365,0.00463516,0.004416217,0.004189965,0.003999576,0.003825555,0.003647708,0.003479579,0.00331908,0.003173104,0.003064258,0.002966026,0.002870629,0.002781504,0.002696472,0.002620387,0.00254812,0.002491103,0.002419024,0.002419927,0.002435098,0.002405475
GTM,NaN,0.309424423,0.319079353,0.328414766,0.337558002,0.347226749,0.357003635,0.366353481,0.375557615,0.386722454,0.397694553,0.400332752,0.402183078,0.335210952,0.361596977,0.347073962,0.33231501,0.333260703,0.333992285,0.334738648,0.335001396,0.375666413,0.32256915,0.308809733,0.315335649,0.31875732,0.293773895,0.317795686,0.329162737,0.310846543,0.305275777,0.291745974,0.271415838
GGY,NaN,NaN,NaN,NaN,NaN,NaN,NaN,NaN,NaN,NaN,NaN,NaN,NaN,NaN,NaN,NaN,NaN,NaN,NaN,NaN,NaN,NaN,NaN,NaN,NaN,NaN,NaN,NaN,NaN,NaN,NaN,NaN,NaN
GIN,NaN,0.732785171,0.729503428,0.728442038,0.727892915,0.727277272,0.725400094,0.722311621,0.718158578,0.716562382,0.713487315,0.707994169,0.704504213,0.692996597,0.690860439,0.687812721,0.686828179,0.678985063,0.675644181,0.673491038,0.668626554,0.660701692,0.655016367,0.647594306,0.642843287,0.634984963,0.62735663,0.621272925,0.613955358,0.609817963,0.612152657,0.608798312,0.603369222
GNB,NaN,0.630509108,0.62961404,0.630389303,0.628853442,0.62618345,0.620433868,0.608585437,0.619735138,0.618760699,0.609565377,0.604107805,0.608503138,0.606094376,0.601537901,0.596751667,0.592108258,0.587967304,0.586748422,0.57977225,0.574623368,0.564639488,0.56679705,0.560953036,0.554488426,0.551904778,0.544062673,0.539284892,0.518790483,0.51075679,0.511843361,0.50911996,0.503000004
GUY,NaN,0.358941268,0.344542392,0.338437936,0.323568819,0.312231309,0.297343386,0.282829871,0.279124845,0.261925741,0.250627204,0.234337332,0.221771056,0.217409057,0.215750222,0.224965723,0.219904231,0.212768964,0.210526104,0.207928816,0.203209269,0.194569222,0.189081504,0.185658137,0.186887149,0.187560995,0.185831946,0.183270568,0.159148,0.152982243,0.1206914,0.125049303,0.118634014
HTI,NaN,0.536903046,0.537008593,0.535830383,0.536074416,0.531290106,0.52797824,0.525039969,0.522863857,0.520421296,0.516173337,0.51161095,0.506637493,0.504262836,0.502554291,0.502809269,0.50172077,0.500149231,0.498321245,0.495792509,0.49441632,0.491987537,0.48918443,0.485077869,0.479834307,0.475168026,0.471021592,0.467264788,0.463895997,0.461299087,0.462956534,0.460213124,0.455203536
VAT,NaN,NaN,NaN,NaN,NaN,NaN,NaN,NaN,NaN,NaN,NaN,NaN,NaN,NaN,NaN,NaN,NaN,NaN,NaN,NaN,NaN,NaN,NaN,NaN,NaN,NaN,NaN,NaN,NaN,NaN,NaN,NaN,NaN
HND,NaN,0.380437779,0.382251194,0.377531934,0.372107318,0.372507119,0.382920643,0.369997002,0.345860552,0.350631851,0.360594762,0.369390682,0.388310444,0.373574764,0.349244455,0.331090523,0.356227854,0.339924045,0.342670823,0.354952891,0.36451654,0.353031257,0.370050011,0.345166666,0.288336671,0.287220771,0.273542536,0.319848396,0.309557616,0.311384594,0.252128717,0.248338061,0.24220199
HUN,NaN,0.117697357,0.112813829,0.091327213,0.087338903,0.080227414,0.082193294,0.078115299,0.073418258,0.069538913,0.064624646,0.061869412,0.061178115,0.053814941,0.052606003,0.048663707,0.047636945,0.045864136,0.043145893,0.046090421,0.045405856,0.048858399,0.050636726,0.047773215,0.046752607,0.049001425,0.050397755,0.050366846,0.048482341,0.047222633,0.047569395,0.043927359,0.043648311
ISL,NaN,0.102041684,0.101266539,0.099567316,0.097240473,0.095740934,0.09977198,0.090843082,0.086480021,0.089167899,0.087127498,0.077122458,0.073685669,0.069845361,0.063211186,0.065301524,0.06313996,0.059193975,0.046044206,0.048345591,0.055872717,0.054888006,0.05548559,0.044451497,0.045358015,0.042387685,0.038952489,0.037570583,0.040297251,0.040365407,0.040433544,0.040138432,0.041031588
IND,NaN,0.634089826,0.631983936,0.629621986,0.626797936,0.623284745,0.618953692,0.614848427,0.609287506,0.601915752,0.596447286,0.584700066,0.573269262,0.559013868,0.544443254,0.530652554,0.527842666,0.523689385,0.52138176,0.516067057,0.510560741,0.490791045,0.470881568,0.462013112,0.452375993,0.442728762,0.43236821,0.422682554,0.412949997,0.406518196,0.446754944,0.440791915,0.428609336
IDN,NaN,0.469370762,0.46328374,0.455354362,0.446894911,0.439807784,0.437645895,0.433788096,0.448724605,0.451711642,0.452779835,0.437706787,0.443382486,0.463789036,0.433299518,0.439947772,0.420641152,0.412611809,0.41096168,0.404536715,0.391280807,0.371928801,0.359307263,0.349751815,0.342823898,0.33043854,0.318204312,0.307900321,0.297132445,0.287239298,0.295715828,0.289872037,0.292848628
IRN,NaN,0.24984628,0.247687095,0.244777236,0.243419786,0.240961914,0.23507623,0.234162506,0.232065482,0.230957577,0.226196589,0.223258363,0.218579165,0.212554349,0.209807923,0.207099107,0.203286356,0.198950066,0.195832942,0.193911885,0.181118949,0.174841425,0.183880921,0.171345453,0.16933666,0.171457486,0.166884242,0.165854987,0.166539901,0.169791348,0.167277472,0.155190564,0.150852365
IRQ,NaN,0.181041217,0.18297508,0.182777645,0.182498471,0.181067687,0.176663894,0.167346981,0.155597836,0.150639018,0.142309907,0.138330073,0.138986554,0.141502467,0.13294673,0.133131709,0.130030752,0.124597349,0.120399548,0.115808705,0.112871207,0.109248804,0.104281377,0.100368373,0.09912367,0.095490787,0.090158253,0.090429072,0.0890291,0.084946025,0.087046391,0.086190537,0.083687377
IRL,NaN,0.139661249,0.135574747,0.131242179,0.125795938,0.120083169,0.112386815,0.109127961,0.091026515,0.086411119,0.079512864,0.071045525,0.070310604,0.064951292,0.063726074,0.059061462,0.057052114,0.054409836,0.052862305,0.055911907,0.057512746,0.057237386,0.057861908,0.057770367,0.054413249,0.053209882,0.052805739,0.050458817,0.047630968,0.044287879,0.044796756,0.044850386,0.039952626
IMN,NaN,NaN,NaN,NaN,NaN,NaN,NaN,NaN,NaN,NaN,NaN,NaN,NaN,NaN,NaN,NaN,NaN,NaN,NaN,NaN,NaN,NaN,NaN,NaN,NaN,NaN,NaN,NaN,NaN,NaN,NaN,NaN,NaN
ISR,NaN,0.035350951,0.035256863,0.035595442,0.033491184,0.029209933,0.025399042,0.024022716,0.023273861,0.023686601,0.021982372,0.020271876,0.020113577,0.018803489,0.020448628,0.020105971,0.017660755,0.016004748,0.016957211,0.016714927,0.016022332,0.013828923,0.011081716,0.012430732,0.011113176,0.010205873,0.01017976,0.010042694,0.00922922,0.009208278,0.00914951,0.007957348,0.007671497
ITA,NaN,0.08442846,0.080043655,0.070827039,0.068978775,0.065830037,0.061289452,0.058806048,0.057657786,0.054212274,0.052318531,0.052101871,0.049253589,0.047159998,0.041369052,0.041983105,0.042725792,0.03967046,0.036990777,0.036907542,0.03768187,0.036807459,0.036924565,0.036013458,0.036430465,0.037513757,0.038844491,0.03782814,0.037568807,0.038898685,0.039819564,0.040501729,0.037875457
JAM,NaN,0.279299495,0.274747569,0.246318707,0.239433468,0.231943975,0.226613308,0.212407394,0.209968609,0.205948183,0.208534026,0.207659224,0.201271669,0.203849643,0.184824861,0.181083636,0.182760913,0.176410207,0.175021888,0.176515543,0.177421773,0.1762367,0.18109255,0.182208375,0.184513243,0.177449065,0.167224824,0.167608347,0.162610903,0.152306253,0.15936486,0.157378904,0.15298809
JPN,NaN,0.067360781,0.064158601,0.05964802,0.058072536,0.05706734,0.055142494,0.05364806,0.052956604,0.052172573,0.049478833,0.047565047,0.045576917,0.044990974,0.044810851,0.043196258,0.041588798,0.041179656,0.041038961,0.040641627,0.039384593,0.036991593,0.037525228,0.035928241,0.035248679,0.034977246,0.03383711,0.033251578,0.033967349,0.032656416,0.031478963,0.031697662,0.031008916
JEY,NaN,NaN,NaN,NaN,NaN,NaN,NaN,NaN,NaN,NaN,NaN,NaN,NaN,NaN,NaN,NaN,NaN,NaN,NaN,NaN,NaN,NaN,NaN,NaN,NaN,NaN,NaN,NaN,NaN,NaN,NaN,NaN,NaN
JOR,NaN,0.048475673,0.047773417,0.047171511,0.046532638,0.045651162,0.045016448,0.044139599,0.043503284,0.042703284,0.04183117,0.040600083,0.039339026,0.040388881,0.04114489,0.039928734,0.038753253,0.037750556,0.036817883,0.035409461,0.035066588,0.034325256,0.033720067,0.033712547,0.034112429,0.034427084,0.034286026,0.033751537,0.037423706,0.033561852,0.03304796,0.03279819,0.031830278
KAZ,NaN,0.366573733,0.366534342,0.36721257,0.369406299,0.368665765,0.368072008,0.367246353,0.366453443,0.365813879,0.361392073,0.355197962,0.354782515,0.352540337,0.335013585,0.324052448,0.315350872,0.312245255,0.301601613,0.290166302,0.282828657,0.264539396,0.25539535,0.241943393,0.219364475,0.180128447,0.162868876,0.153865366,0.142416011,0.137025391,0.134627578,0.132383574,0.128613915
KEN,NaN,0.479918074,0.479407907,0.478073435,0.475375261,0.471546592,0.467613209,0.464883307,0.460427183,0.456551275,0.455146941,0.449163689,0.445528574,0.440378874,0.434600367,0.427877147,0.420875631,0.412973213,0.409453931,0.405288631,0.397092719,0.390961165,0.384183642,0.378074242,0.370797321,0.363666112,0.356938714,0.350799571,0.342789086,0.335881516,0.336332248,0.332623833,0.326342818
KIR,NaN,NaN,NaN,NaN,NaN,NaN,NaN,NaN,NaN,NaN,NaN,NaN,NaN,NaN,NaN,NaN,NaN,NaN,NaN,NaN,NaN,NaN,NaN,NaN,NaN,NaN,NaN,NaN,NaN,NaN,NaN,NaN,NaN
KWT,NaN,0.02381915,0.023257247,0.02246139,0.021551341,0.020759416,0.021284643,0.021695655,0.022038548,0.022727535,0.02341212,0.023887767,0.024338482,0.024843555,0.025673107,0.026428144,0.025976548,0.025506239,0.025126566,0.024571636,0.024269539,0.023968855,0.023514343,0.023074889,0.022624238,0.021967955,0.021482827,0.021056091,0.020694943,0.020200572,0.020044783,0.019958431,0.019492545
KGZ,NaN,0.354997111,0.381611407,0.389747779,0.419836957,0.471888559,0.471450374,0.482803293,0.489999556,0.523890515,0.530705601,0.529210841,0.490972271,0.432397409,0.389050989,0.384978465,0.362690996,0.344837322,0.340139242,0.340640965,0.343795812,0.333173667,0.327041268,0.319872111,0.313096414,0.303650637,0.293877913,0.278725816,0.276917437,0.242113435,0.251092303,0.251675397,0.245775359
LAO,NaN,0.863433986,0.860786181,0.859416307,0.859447387,0.854129271,0.848796079,0.831629507,0.829682439,0.82740121,0.818366389,0.810806259,0.805419533,0.795760296,0.786211266,0.775214162,0.77127302,0.754313295,0.737726359,0.726492701,0.714382771,0.702428289,0.689538321,0.672379188,0.654015359,0.639271667,0.626414777,0.610454826,0.62799347,0.6440598,0.663677277,0.67752619,0.695660003
LVA,NaN,0.229256279,0.226706277,0.221986328,0.217307101,0.211140411,0.204594503,0.198004562,0.190284176,0.174916061,0.149255853,0.154709283,0.16228746,0.142436412,0.133013562,0.120512361,0.114610114,0.101799132,0.079571363,0.087507854,0.086144372,0.088951371,0.083732999,0.080562173,0.075036512,0.079391844,0.076918531,0.06867551,0.06972239,0.072937527,0.072197608,0.067885165,0.067867414
LBN,NaN,0.07327211,0.071682557,0.070366875,0.0689357,0.067620683,0.065212962,0.063869322,0.06274055,0.061963654,0.060544411,0.058781013,0.05709894,0.055419472,0.05351827,0.052019368,0.051018917,0.048849378,0.046521267,0.044076882,0.04213879,0.041115782,0.039991845,0.039929513,0.040064676,0.039412457,0.037983963,0.036804065,0.035765615,0.035632033,0.036551133,0.036285154,0.035227878
LSO,NaN,0.513942656,0.511475589,0.508610879,0.504376182,0.505219565,0.504583247,0.500828044,0.49025753,0.479653423,0.465608674,0.449258672,0.435372406,0.417760665,0.403044083,0.385033959,0.369042512,0.343538345,0.325952505,0.324544215,0.322357489,0.319999341,0.31467031,0.312071403,0.310644113,0.307773192,0.30245567,0.30300889,0.302972828,0.298341972,0.302210586,0.299581896,0.293885877
LBR,NaN,0.555685453,0.56358453,0.573805733,0.583084361,0.596860499,0.588035751,0.559239386,0.545556937,0.529737098,0.515466356,0.515837431,0.512976221,0.530218961,0.522796668,0.515137451,0.507591451,0.499164184,0.491975944,0.48232321,0.473061269,0.462649031,0.448846559,0.434367756,0.428104478,0.420556526,0.416456575,0.406168809,0.40093758,0.401473915,0.402492597,0.399314682,0.392798894
LBY,NaN,0.144185089,0.144043978,0.14587477,0.144449252,0.146743533,0.144847637,0.144915439,0.142838751,0.144715767,0.141886968,0.140674957,0.14188405,0.137042277,0.133590752,0.128528466,0.124868564,0.119405118,0.11865334,0.115854671,0.11307212,0.099193883,0.105851734,0.105954165,0.104797853,0.100197914,0.09997423,0.096288562,0.094858089,0.094943136,0.096262707,0.095007742,0.092101697
LIE,NaN,NaN,NaN,NaN,NaN,NaN,NaN,NaN,NaN,NaN,NaN,NaN,NaN,NaN,NaN,NaN,NaN,NaN,NaN,NaN,NaN,NaN,NaN,NaN,NaN,NaN,NaN,NaN,NaN,NaN,NaN,NaN,NaN
LTU,NaN,0.240985205,0.238599883,0.234630498,0.228560063,0.222252139,0.215888685,0.206582357,0.195569816,0.19988888,0.192411904,0.175732754,0.186413171,0.187128478,0.162842309,0.14271128,0.138324943,0.113253728,0.080645433,0.089838796,0.088304775,0.084861116,0.087967178,0.084228488,0.091660627,0.090689979,0.079755382,0.077840279,0.071825789,0.064362018,0.056898292,0.05312986,0.054573336
LUX,NaN,0.035334407,0.033697217,0.031988724,0.031548328,0.038718454,0.02644022,0.023412691,0.029190448,0.019522094,0.02444098,0.015290924,0.019690795,0.027226429,0.019604109,0.017357379,0.018283743,0.018446551,0.016653595,0.013553389,0.011033609,0.012323516,0.01325057,0.015859928,0.014264,0.01044573,0.010257495,0.013890774,0.010539641,0.006816367,0.007757386,0.011445965,0.010689247
MDG,NaN,0.792056602,0.791709726,0.791385001,0.792726775,0.790988578,0.790016021,0.788547796,0.787512864,0.78670646,0.786854216,0.786460462,0.811103113,0.815511692,0.819183767,0.819640948,0.803407293,0.784531643,0.765066455,0.75292062,0.733571582,0.712551299,0.688728786,0.711856752,0.730968857,0.746442816,0.739809314,0.733285308,0.727796981,0.719196152,0.716667729,0.711895853,0.700664413
MWI,NaN,0.750296858,0.751899365,0.749932171,0.744570169,0.740622509,0.738790083,0.734989175,0.733709902,0.732516495,0.731947471,0.734478153,0.732554931,0.727094203,0.721152358,0.716309622,0.710360586,0.70015693,0.692659712,0.684227369,0.676721589,0.670752047,0.667073813,0.660583638,0.654642429,0.649502045,0.64497793,0.6395111,0.633438791,0.62831091,0.629135437,0.626280483,0.621409788
MYS,NaN,0.188878829,0.185288644,0.178130288,0.175421938,0.171912729,0.169066746,0.159034482,0.164689288,0.159043313,0.152821691,0.151318193,0.149274832,0.142677637,0.145558423,0.146375454,0.146324578,0.147300504,0.139589056,0.134962185,0.133024819,0.133657811,0.132511461,0.126929828,0.125864376,0.124690779,0.113671021,0.112767396,0.106176262,0.102167201,0.104662697,0.103056582,0.099961806
MDV,NaN,0.216991813,0.2139919,0.210591302,0.206780208,0.202966674,0.191720403,0.176429292,0.165826154,0.155785578,0.144969276,0.160181791,0.167489436,0.17792947,0.172570972,0.173220249,0.161622696,0.153894702,0.146177327,0.140211056,0.127928027,0.11377811,0.102242753,0.090498201,0.079782092,0.083117444,0.085213769,0.082662196,0.079701603,0.07858611,0.080434763,0.077691918,0.073171416
MLI,NaN,0.692731214,0.692186352,0.691112647,0.68737814,0.686684962,0.682389896,0.679081869,0.672297865,0.668051119,0.666584119,0.654537392,0.651113168,0.641315894,0.640930888,0.63864803,0.636923431,0.652634478,0.666459242,0.681495616,0.693306064,0.705545147,0.723426075,0.734953217,0.667015352,0.622658622,0.649026757,0.631260981,0.630028702,0.656205407,0.680618116,0.682466584,0.679771151
MLT,NaN,0.026198127,0.025723593,0.025213675,0.024634665,0.024026417,0.023380724,0.022868013,0.022260743,0.021548284,0.020433545,0.023450251,0.023414409,0.024593021,0.022553879,0.020957595,0.020328957,0.018201514,0.017869903,0.014610188,0.013370295,0.011660668,0.010429711,0.012623372,0.012923349,0.014675428,0.011681686,0.009981342,0.009960534,0.010115743,0.010896806,0.007976489,0.008136787
MHL,NaN,NaN,NaN,NaN,NaN,NaN,NaN,NaN,NaN,NaN,NaN,NaN,NaN,NaN,NaN,NaN,NaN,NaN,NaN,NaN,NaN,NaN,NaN,NaN,NaN,NaN,NaN,NaN,NaN,NaN,NaN,NaN,NaN
MTQ,NaN,NaN,NaN,NaN,NaN,NaN,NaN,NaN,NaN,NaN,NaN,NaN,NaN,NaN,NaN,NaN,NaN,NaN,NaN,NaN,NaN,NaN,NaN,NaN,NaN,NaN,NaN,NaN,NaN,NaN,NaN,NaN,NaN
MRT,NaN,0.470589478,0.46940314,0.466766463,0.466488414,0.462037774,0.45821632,0.458499119,0.453043988,0.448942746,0.447893794,0.444522744,0.438863766,0.429684219,0.42181105,0.412635705,0.400517611,0.395546689,0.390564987,0.383772616,0.378200307,0.372020987,0.362004392,0.354237286,0.343625766,0.333715203,0.329270337,0.319833836,0.331224877,0.340103109,0.340301855,0.336992904,0.330479129
MUS,NaN,0.147842747,0.144072641,0.140829056,0.137923892,0.144853383,0.130452904,0.125370791,0.119043219,0.112010899,0.114294471,0.117394628,0.107990296,0.127700397,0.100636337,0.100216618,0.097233746,0.093614181,0.091441593,0.090387261,0.086300619,0.077259761,0.076644266,0.071510684,0.073460364,0.075445084,0.072069178,0.069541741,0.062032113,0.055842741,0.053178658,0.053453911,0.051473113
MYT,NaN,NaN,NaN,NaN,NaN,NaN,NaN,NaN,NaN,NaN,NaN,NaN,NaN,NaN,NaN,NaN,NaN,NaN,NaN,NaN,NaN,NaN,NaN,NaN,NaN,NaN,NaN,NaN,NaN,NaN,NaN,NaN,NaN
MEX,NaN,0.259357389,0.259170525,0.258443357,0.246004905,0.234781756,0.219259625,0.234090004,0.193265777,0.202211625,0.174054241,0.174603027,0.172093819,0.163754754,0.155800321,0.156364546,0.149555811,0.144999479,0.144094053,0.145104423,0.14635558,0.143948101,0.144549101,0.143746499,0.144948588,0.139526317,0.136044583,0.136489919,0.133559484,0.130440898,0.131845283,0.130652343,0.126381951
FSM,NaN,NaN,NaN,NaN,NaN,NaN,NaN,NaN,NaN,NaN,NaN,NaN,NaN,NaN,NaN,NaN,NaN,NaN,NaN,NaN,NaN,NaN,NaN,NaN,NaN,NaN,NaN,NaN,NaN,NaN,NaN,NaN,NaN
MCO,NaN,NaN,NaN,NaN,NaN,NaN,NaN,NaN,NaN,NaN,NaN,NaN,NaN,NaN,NaN,NaN,NaN,NaN,NaN,NaN,NaN,NaN,NaN,NaN,NaN,NaN,NaN,NaN,NaN,NaN,NaN,NaN,NaN
MNG,NaN,0.438498408,0.446772062,0.448010017,0.446959438,0.461438476,0.465306684,0.489478328,0.497350572,0.494837898,0.486402769,0.483479186,0.449471205,0.466921569,0.415439068,0.420339345,0.417419896,0.415782433,0.384637496,0.361845065,0.335273601,0.330879168,0.350194186,0.298167135,0.279751612,0.284531954,0.303601452,0.287825306,0.266635849,0.278150967,0.251469912,0.269073222,0.263308091
MNE,NaN,0.116833148,0.117092636,0.117131697,0.116854204,0.116022631,0.114519818,0.112416506,0.109819321,0.106872162,0.103706142,0.099887471,0.096577481,0.093495722,0.089956286,0.08630172,0.086607052,0.086546189,0.075017593,0.064994219,0.055904387,0.055493579,0.056555058,0.045130058,0.056765446,0.077199407,0.077434001,0.079362266,0.080188583,0.071493393,0.075047246,0.07409578,0.071629483
MSR,NaN,NaN,NaN,NaN,NaN,NaN,NaN,NaN,NaN,NaN,NaN,NaN,NaN,NaN,NaN,NaN,NaN,NaN,NaN,NaN,NaN,NaN,NaN,NaN,NaN,NaN,NaN,NaN,NaN,NaN,NaN,NaN,NaN
MAR,NaN,0.429799106,0.429476105,0.428450349,0.419993428,0.430348175,0.427732614,0.434313994,0.43485494,0.438650447,0.441136727,0.440772375,0.443866483,0.43895298,0.458252794,0.454755748,0.433954172,0.417728745,0.407028359,0.40300683,0.400377209,0.397866616,0.392180859,0.380323384,0.372360211,0.361878368,0.353411322,0.342560717,0.332935579,0.323568886,0.320956456,0.312337781,0.307511492
MOZ,NaN,0.850538433,0.850635715,0.847905156,0.845607152,0.845679105,0.843456905,0.839176539,0.834396669,0.827570325,0.823844884,0.815322497,0.808775685,0.804832537,0.799968065,0.79494441,0.789649207,0.783130294,0.777622678,0.772137463,0.765406544,0.7572298,0.748995726,0.739552751,0.730994039,0.721161954,0.716786696,0.71539979,0.711739941,0.707329478,0.707831089,0.70530062,0.701292158
MMR,NaN,0.69246631,0.690538239,0.688991446,0.686864437,0.66915536,0.65189169,0.633544914,0.627597497,0.623022102,0.615690558,0.608943292,0.599233594,0.588972298,0.580398591,0.570874539,0.563293574,0.555767478,0.547452624,0.540863655,0.534133309,0.52890165,0.526788148,0.525180418,0.522960357,0.516900021,0.514501183,0.513367688,0.489375228,0.497566129,0.464675597,0.461434662,0.455424516
NAM,NaN,0.482843198,0.473308049,0.47057662,0.465154473,0.438772205,0.41256904,0.384967707,0.361240809,0.336742985,0.312895398,0.311360951,0.308398258,0.304206266,0.299686005,0.304969622,0.305781812,0.30528288,0.30990566,0.314511945,0.317108853,0.295791138,0.27367644,0.313922163,0.293211056,0.244506745,0.200713925,0.213979106,0.225906666,0.220718466,0.221374945,0.220269453,0.215577487
NRU,NaN,NaN,NaN,NaN,NaN,NaN,NaN,NaN,NaN,NaN,NaN,NaN,NaN,NaN,NaN,NaN,NaN,NaN,NaN,NaN,NaN,NaN,NaN,NaN,NaN,NaN,NaN,NaN,NaN,NaN,NaN,NaN,NaN
NPL,NaN,0.774760486,0.772279535,0.768551193,0.763847056,0.758972014,0.753116076,0.746498874,0.739650915,0.732849744,0.731901343,0.7307508,0.732986402,0.731997635,0.729713907,0.726273273,0.704884241,0.69436393,0.68586455,0.679480519,0.67391829,0.669593943,0.664656555,0.660151347,0.654188855,0.648789122,0.644913008,0.637351437,0.629942133,0.622834501,0.621569246,0.619125444,0.613882643
NLD,NaN,0.042911549,0.041858614,0.040786917,0.03985769,0.038289024,0.037804955,0.037056157,0.034896127,0.032108885,0.032828954,0.031220808,0.029363688,0.030406383,0.033130058,0.037013528,0.036476244,0.033352392,0.031651158,0.031310167,0.030616994,0.027838015,0.027326736,0.020952653,0.022922845,0.023198005,0.022623236,0.02268297,0.020984851,0.020789338,0.02068783,0.022561749,0.019143627
NCL,NaN,0.080784493,0.079258411,0.077511658,0.075787553,0.073987074,0.072426451,0.067008986,0.062434702,0.058296239,0.054327687,0.050406788,0.046628546,0.043112583,0.039868542,0.036676152,0.033651144,0.031028916,0.028183147,0.025934844,0.02383879,0.021767432,0.019944163,0.018325639,0.016949153,0.015558249,0.01443841,0.013244117,0.010589217,0.019022462,0.019054282,0.018625301,0.018239555
NZL,NaN,0.107641429,0.108394105,0.105775291,0.103662006,0.096735808,0.094165215,0.086433707,0.085401283,0.094211004,0.087053504,0.091304332,0.088235111,0.081841577,0.075667578,0.071565947,0.071966355,0.071659853,0.069852904,0.066375901,0.068705212,0.069293655,0.068197302,0.064281431,0.06227122,0.061155611,0.065955621,0.06311843,0.05889155,0.058254465,0.060127524,0.060710976,0.060248863
NIC,NaN,0.350278215,0.349549869,0.348648019,0.346935152,0.345546019,0.343897295,0.341114449,0.337765612,0.333287342,0.329537611,0.32466963,0.315496086,0.305346987,0.303050837,0.288929615,0.291529974,0.296059009,0.281594325,0.286620709,0.296899422,0.307226038,0.316778718,0.315442972,0.313902808,0.30891369,0.302915601,0.296444096,0.290370844,0.284099719,0.285473421,0.282941802,0.277032339
NER,NaN,0.7905627,0.790310596,0.790220248,0.790512851,0.789789776,0.790616899,0.790403355,0.788209941,0.788385857,0.789635009,0.788625468,0.787303976,0.787441376,0.787186511,0.784432014,0.781743433,0.78026185,0.777645381,0.775722292,0.772409778,0.770606789,0.745476457,0.740946712,0.735005732,0.731414422,0.727985569,0.724383099,0.719239174,0.714169835,0.714426047,0.712832894,0.708922608
NGA,NaN,0.523565572,0.521195644,0.52030194,0.519341347,0.518822437,0.51583486,0.512282168,0.506886001,0.502942272,0.495764591,0.48745162,0.478681737,0.469047512,0.455551609,0.449507372,0.442755675,0.4347608,0.428685937,0.420966727,0.413464509,0.405817662,0.395211304,0.383544,0.380787296,0.379866995,0.382497955,0.385090631,0.386061836,0.385943126,0.38782919,0.385536135,0.379852431
NIU,NaN,NaN,NaN,NaN,NaN,NaN,NaN,NaN,NaN,NaN,NaN,NaN,NaN,NaN,NaN,NaN,NaN,NaN,NaN,NaN,NaN,NaN,NaN,NaN,NaN,NaN,NaN,NaN,NaN,NaN,NaN,NaN,NaN
MKD,NaN,0.268039824,0.267024281,0.26680722,0.266104337,0.264784051,0.263123068,0.260943854,0.258406801,0.254468813,0.247449862,0.242789246,0.239235287,0.220382347,0.177741733,0.184204353,0.190413298,0.178865312,0.193130307,0.179777553,0.181294167,0.181892043,0.16860426,0.182768059,0.17852636,0.177175101,0.163842117,0.157583153,0.146288553,0.134893111,0.115541453,0.111307326,0.097029112
MNP,NaN,NaN,NaN,NaN,NaN,NaN,NaN,NaN,NaN,NaN,NaN,NaN,NaN,NaN,NaN,NaN,NaN,NaN,NaN,NaN,NaN,NaN,NaN,NaN,NaN,NaN,NaN,NaN,NaN,NaN,NaN,NaN,NaN
NOR,NaN,0.057835954,0.055139887,0.055134901,0.052544579,0.054560272,0.053819675,0.050866728,0.04737626,0.045985474,0.042904543,0.0408664,0.039484834,0.038295327,0.03584483,0.032998266,0.032516027,0.028640246,0.026405122,0.027001076,0.025482504,0.023688516,0.022270771,0.02207407,0.022497571,0.020098117,0.020897084,0.020631931,0.021048625,0.020398136,0.021165231,0.023476364,0.021969928
OMN,NaN,0.099672486,0.097001211,0.094303575,0.086814124,0.079703817,0.072988662,0.070503525,0.068065437,0.066232495,0.063929329,0.066803977,0.069999621,0.073319372,0.076508133,0.079606728,0.082184464,0.084213242,0.0861672,0.067491604,0.051577266,0.052537289,0.052525805,0.052855499,0.053012622,0.052576855,0.048904884,0.046164799,0.043603377,0.047469981,0.052276564,0.061715448,0.060651628
PAK,NaN,0.463125456,0.468448622,0.452461955,0.462771199,0.439222438,0.437675379,0.422031287,0.435952139,0.434511891,0.450124993,0.445521288,0.420914592,0.420907394,0.430694463,0.430681177,0.433885925,0.436316276,0.446952496,0.433076872,0.433894846,0.434934212,0.428959891,0.422365632,0.422331957,0.410100096,0.422680823,0.398655101,0.374164177,0.383088977,0.380139694,0.370980386,0.364303072
PLW,NaN,NaN,NaN,NaN,NaN,NaN,NaN,NaN,NaN,NaN,NaN,NaN,NaN,NaN,NaN,NaN,NaN,NaN,NaN,NaN,NaN,NaN,NaN,NaN,NaN,NaN,NaN,NaN,NaN,NaN,NaN,NaN,NaN
PAN,NaN,0.272950381,0.249846486,0.23087066,0.19911798,0.208033763,0.201503474,0.186497222,0.17758272,0.174357945,0.169703665,0.18059262,0.173544979,0.174788092,0.160126447,0.156808084,0.159476251,0.147389268,0.179044856,0.180396412,0.17420739,0.16549465,0.167127554,0.163581525,0.157029509,0.146731676,0.153616811,0.14494255,0.142071237,0.144070309,0.140616355,0.156650116,0.152952337
PNG,NaN,0.374589261,0.371450065,0.368247229,0.365873924,0.364977812,0.358723597,0.358073557,0.354251477,0.353603649,0.35951204,0.352585807,0.350596329,0.343832185,0.332892269,0.322006225,0.309843777,0.293859809,0.287236505,0.273495581,0.2574671,0.247756946,0.237463747,0.231103166,0.223577221,0.216775375,0.210186525,0.205785032,0.200592821,0.194548962,0.193210344,0.189669824,0.184839789
PRY,NaN,0.29585998,0.296134749,0.292028311,0.287592252,0.280923428,0.281644886,0.278434453,0.274951673,0.288866367,0.318565122,0.31926226,0.338280779,0.313262826,0.327500679,0.320162572,0.303091556,0.286688058,0.252962695,0.279572113,0.254540996,0.243563025,0.246515722,0.22932293,0.220848138,0.218194772,0.21039278,0.201777762,0.200768863,0.187222829,0.212745048,0.197142692,0.174128919
PER,NaN,0.418949846,0.421195503,0.417065834,0.404265438,0.396125029,0.393699841,0.386616038,0.38890516,0.388320374,0.385821893,0.386933691,0.377782513,0.369277265,0.360017632,0.346621496,0.332090924,0.315347017,0.29686638,0.293758396,0.280998564,0.270589963,0.261464419,0.260184293,0.263679434,0.269786903,0.270292966,0.261958391,0.261267844,0.255684615,0.336557264,0.278582248,0.256972557
PHL,NaN,0.452875356,0.454865013,0.458188348,0.447134066,0.441012592,0.41735614,0.403830333,0.386275934,0.388476251,0.370946567,0.367114016,0.364572195,0.359689902,0.356431213,0.351642343,0.346608603,0.342161172,0.340384545,0.33680055,0.329966859,0.326111336,0.321613701,0.310495722,0.304201295,0.291891858,0.269859622,0.254397583,0.242932195,0.228580656,0.247694686,0.24325509,0.237146726
POL,NaN,0.254505886,0.248986679,0.242463192,0.235132202,0.226134112,0.221114377,0.205926605,0.198382767,0.191767983,0.186674948,0.191959469,0.196323065,0.181922597,0.175990285,0.17378221,0.157899044,0.147442919,0.139713705,0.132845463,0.130544216,0.129081023,0.12578911,0.119988322,0.114908647,0.11534171,0.105841451,0.102220401,0.096184881,0.091538828,0.09591755,0.083988537,0.082537647
PRT,NaN,0.119032772,0.116716182,0.115587055,0.117473719,0.114761072,0.12203779,0.132850387,0.139272155,0.127822864,0.12663756,0.131709702,0.12612316,0.129631993,0.122758064,0.120462197,0.118919532,0.11820034,0.114287413,0.114449395,0.111974885,0.10181474,0.107842355,0.102049585,0.086336853,0.075108935,0.068983273,0.063804898,0.060328858,0.054822695,0.053607558,0.051876339,0.050390673
PRI,NaN,0.035751037,0.034447535,0.033864733,0.035053947,0.028810838,0.02697864,0.028268615,0.024604206,0.021853539,0.018916946,0.020246565,0.019624653,0.02,0.021189734,0.020766622,0.014365148,0.011281295,0.014888289,0.014862154,0.015407661,0.015606488,0.015457738,0.015065696,0.014717041,0.014385062,0.014034176,0.013695088,0.01335958,0.012990705,0.012833734,0.012860931,0.012608218
QAT,NaN,0.043507176,0.042937837,0.04224,0.041036472,0.039929155,0.038575677,0.036977166,0.032465163,0.029086811,0.026003905,0.022935573,0.024429137,0.025986752,0.027481819,0.02868038,0.029680187,0.023526861,0.015698673,0.015739871,0.014630423,0.013615841,0.01354772,0.013800967,0.013129806,0.01232988,0.012158229,0.012461967,0.013564186,0.015546462,0.013542545,0.013079221,0.012985228
KOR,NaN,0.163668487,0.140287173,0.134806328,0.125560522,0.117707556,0.111404205,0.107711883,0.120234734,0.113438143,0.109655996,0.104079163,0.097036847,0.090784387,0.083069229,0.078625835,0.075517799,0.072372522,0.070638308,0.069235952,0.065080219,0.062666708,0.060472011,0.05893392,0.055012771,0.052327644,0.049391409,0.049234268,0.049965217,0.051429907,0.053712071,0.053469983,0.054318027
MDA,NaN,0.417874563,0.400000106,0.431279698,0.438079987,0.427099718,0.428313101,0.415553021,0.456759854,0.488963473,0.508653468,0.510242137,0.496383682,0.494477337,0.49459287,0.490977701,0.488215842,0.500176703,0.497485464,0.51139058,0.545999571,0.543871651,0.553745551,0.56345229,0.587577232,0.595608101,0.603905946,0.593617084,0.591537971,0.582075761,0.577797144,0.569788615,0.553807725
REU,NaN,NaN,NaN,NaN,NaN,NaN,NaN,NaN,NaN,NaN,NaN,NaN,NaN,NaN,NaN,NaN,NaN,NaN,NaN,NaN,NaN,NaN,NaN,NaN,NaN,NaN,NaN,NaN,NaN,NaN,NaN,NaN,NaN
ROU,NaN,0.388858305,0.389780196,0.391273277,0.39042249,0.403292726,0.37957149,0.408610309,0.419712771,0.43993571,0.451840808,0.443942538,0.37692946,0.376844125,0.32572047,0.322904596,0.306039707,0.295296189,0.287042543,0.290915513,0.310114437,0.29254861,0.297121769,0.292515418,0.283483345,0.255856579,0.231030862,0.227767983,0.223065463,0.212406689,0.20505102,0.184678901,0.180138804
RUS,NaN,0.120918076,0.121244885,0.121470104,0.122208383,0.123754075,0.124450824,0.121559471,0.116873344,0.150080332,0.144923886,0.12044916,0.113358082,0.108007704,0.099989981,0.10140117,0.09875644,0.088567964,0.085325736,0.082681567,0.077472775,0.076862279,0.073261267,0.069922636,0.067244306,0.067097934,0.067177559,0.059019433,0.058826288,0.058332761,0.060008128,0.058529956,0.056586732
RWA,NaN,0.897211509,0.896299984,0.898496583,0.902330216,0.903124289,0.902696631,0.900152399,0.897341194,0.893892099,0.889329072,0.884742137,0.877142985,0.872160479,0.864316862,0.854525656,0.842968542,0.831414254,0.817882714,0.806559113,0.79369049,0.780822221,0.76613685,0.72914284,0.684525529,0.63623759,0.585900584,0.530782027,0.50097422,0.472697241,0.501424196,0.56246553,0.559929753
BLM,NaN,NaN,NaN,NaN,NaN,NaN,NaN,NaN,NaN,NaN,NaN,NaN,NaN,NaN,NaN,NaN,NaN,NaN,NaN,NaN,NaN,NaN,NaN,NaN,NaN,NaN,NaN,NaN,NaN,NaN,NaN,NaN,NaN
SHN,NaN,NaN,NaN,NaN,NaN,NaN,NaN,NaN,NaN,NaN,NaN,NaN,NaN,NaN,NaN,NaN,NaN,NaN,NaN,NaN,NaN,NaN,NaN,NaN,NaN,NaN,NaN,NaN,NaN,NaN,NaN,NaN,NaN
KNA,NaN,NaN,NaN,NaN,NaN,NaN,NaN,NaN,NaN,NaN,NaN,NaN,NaN,NaN,NaN,NaN,NaN,NaN,NaN,NaN,NaN,NaN,NaN,NaN,NaN,NaN,NaN,NaN,NaN,NaN,NaN,NaN,NaN
LCA,NaN,0.247494335,0.244280942,0.239619892,0.274204496,0.258347373,0.2521398,0.204941888,0.231362959,0.217070073,0.21071269,0.17477941,0.143093608,0.1456105,0.164345635,0.137727194,0.140284601,0.136683661,0.132907815,0.129929489,0.126597255,0.122669707,0.119386068,0.1163416,0.113211569,0.110034296,0.106792191,0.103807338,0.112780212,0.100573026,0.076187391,0.105513896,0.105299547
MAF,NaN,NaN,NaN,NaN,NaN,NaN,NaN,NaN,NaN,NaN,NaN,NaN,NaN,NaN,NaN,NaN,NaN,NaN,NaN,NaN,NaN,NaN,NaN,NaN,NaN,NaN,NaN,NaN,NaN,NaN,NaN,NaN,NaN
VCT,NaN,0.247807018,0.238776748,0.227932991,0.218228394,0.209944751,0.201166258,0.192107591,0.184196918,0.175677753,0.16809553,0.160353118,0.155551658,0.150512214,0.146397877,0.142556231,0.138306529,0.135321047,0.132148323,0.129180948,0.126385124,0.123401626,0.12044997,0.117617994,0.114738696,0.11174127,0.10894541,0.106398897,0.103971826,0.101228501,0.102090171,0.10034518,0.097105201
WSM,NaN,0.466380048,0.463329895,0.459327734,0.460863686,0.44945874,0.444137149,0.443701954,0.43112783,0.420826539,0.413086931,0.398921975,0.389912995,0.376746376,0.372975418,0.362592246,0.35416094,0.339672523,0.330587441,0.32436164,0.307368629,0.296354243,0.287947429,0.278092052,0.26146068,0.248549884,0.234470804,0.221721044,0.213932386,0.209260936,0.209226679,0.206323892,0.201384593
SMR,NaN,NaN,NaN,NaN,NaN,NaN,NaN,NaN,NaN,NaN,NaN,NaN,NaN,NaN,NaN,NaN,NaN,NaN,NaN,NaN,NaN,NaN,NaN,NaN,NaN,NaN,NaN,NaN,NaN,NaN,NaN,NaN,NaN
STP,NaN,0.41175185,0.4019653,0.393250668,0.383022531,0.374863136,0.364547174,0.352913482,0.342927676,0.330563593,0.32053583,0.316516252,0.303117902,0.292122051,0.293049257,0.27912758,0.261986694,0.254262186,0.244573677,0.238527846,0.226395025,0.219444279,0.214683691,0.207712082,0.200799387,0.195214083,0.194296318,0.186871998,0.181136344,0.177618982,0.177651993,0.175551425,0.171462754
SAU,NaN,0.078570043,0.076675043,0.075818398,0.075149931,0.074731399,0.074248308,0.073851713,0.072942247,0.073167847,0.072716995,0.072162001,0.071781725,0.070594853,0.069511645,0.068784522,0.06796804,0.067109118,0.066369062,0.065180336,0.064373373,0.063307987,0.062219727,0.061112727,0.059992534,0.059284358,0.045561117,0.039058372,0.030522741,0.03469281,0.031708103,0.026655205,0.028841311
SEN,NaN,0.523337447,0.522328354,0.521357163,0.521736895,0.518596447,0.516456992,0.512793489,0.50690587,0.499038297,0.492478946,0.484937145,0.470044617,0.45273397,0.433954371,0.416450222,0.398434476,0.394260711,0.390553912,0.386732803,0.379646159,0.372164591,0.360371222,0.348151164,0.329423247,0.312548791,0.34307616,0.280995772,0.222450357,0.229897411,0.229859049,0.222351929,0.215285963
SRB,NaN,0.286305694,0.287540148,0.288719576,0.289129149,0.288249822,0.287193596,0.284611661,0.280798118,0.276366118,0.269322687,0.262381309,0.252851801,0.245433017,0.240504234,0.233208163,0.205381223,0.208074819,0.250449194,0.238742185,0.223464167,0.21219093,0.209649573,0.212899991,0.198568166,0.194086542,0.186121463,0.172176328,0.159255403,0.156121202,0.145635507,0.140651976,0.135715934
SYC,NaN,NaN,NaN,NaN,NaN,NaN,NaN,NaN,NaN,NaN,NaN,NaN,NaN,NaN,NaN,NaN,NaN,NaN,NaN,NaN,NaN,NaN,NaN,NaN,NaN,NaN,NaN,NaN,NaN,NaN,NaN,NaN,NaN
SLE,NaN,0.706333489,0.709756956,0.706999692,0.705825819,0.708029674,0.704346111,0.70639824,0.702514398,0.700208996,0.692780622,0.699458249,0.671900682,0.665620909,0.684618106,0.680426723,0.675299473,0.666672563,0.657960201,0.651197774,0.639115635,0.628189969,0.61028866,0.591578109,0.576492457,0.559482629,0.524550339,0.491580142,0.461947124,0.448455327,0.446089986,0.440780166,0.433456454
SGP,NaN,0.012150548,0.011850067,0.011491776,0.011081856,0.010764427,0.010455277,0.010087159,0.008456289,0.009035222,0.008937455,0.008843561,0.008381645,0.008517335,0.008313171,0.010685862,0.009211397,0.007932427,0.00682694,0.005879075,0.005083109,0.004387297,0.003794086,0.003280438,0.002834003,0.002449663,0.002118839,0.00184055,0.0015974,0.001386075,0.001229808,0.001077741,0.001083199
SXM,NaN,NaN,NaN,NaN,NaN,NaN,NaN,NaN,NaN,NaN,NaN,NaN,NaN,NaN,NaN,NaN,NaN,NaN,NaN,NaN,NaN,NaN,NaN,NaN,NaN,NaN,NaN,NaN,NaN,NaN,NaN,NaN,NaN
SVK,NaN,0.110381156,0.10857813,0.106137182,0.101722055,0.091959981,0.088984947,0.091700476,0.082512434,0.073717197,0.066509151,0.061507079,0.061755124,0.057939275,0.050677287,0.047477543,0.043881262,0.042102682,0.039551668,0.035869604,0.032349881,0.030821037,0.032384865,0.033155213,0.031685415,0.031758686,0.028863565,0.027073116,0.022992499,0.027863605,0.025825801,0.032145784,0.025421101
SVN,NaN,0.11177984,0.109076983,0.106635433,0.115702344,0.104426284,0.102328627,0.121435832,0.120696935,0.108442288,0.096015201,0.103570828,0.092403034,0.084319866,0.098757286,0.091127486,0.095863597,0.098886795,0.085903762,0.091218972,0.088175559,0.085983794,0.083936854,0.085016109,0.096271041,0.070777513,0.050242579,0.055623491,0.054814409,0.042843769,0.04096126,0.040503118,0.04309256
SLB,NaN,0.531113293,0.532545721,0.531459027,0.525540668,0.530921642,0.524135223,0.522141601,0.510444712,0.505655719,0.502373281,0.469457675,0.491196159,0.501782386,0.495315819,0.470955881,0.463616348,0.453979488,0.448361833,0.441494093,0.438656898,0.432978236,0.425049109,0.416285882,0.414953694,0.403542809,0.400027509,0.38991396,0.388378119,0.380315068,0.381098225,0.378818432,0.372886317
SOM,NaN,0.387082209,0.387417404,0.387130717,0.394774333,0.394835498,0.392645023,0.395812031,0.393290607,0.390419161,0.387206865,0.388149137,0.383274912,0.379273669,0.375381216,0.37123164,0.366756901,0.363030937,0.358408386,0.353352491,0.34836616,0.342401416,0.338910369,0.333087708,0.32190664,0.302538169,0.291229109,0.287820614,0.278158468,0.268861321,0.267456959,0.264979386,0.259175333
ZAF,NaN,0.235583952,0.234732361,0.233144842,0.23092639,0.228631574,0.225303902,0.222118168,0.219315554,0.215473406,0.210249576,0.203546264,0.196978392,0.193657221,0.185880314,0.181784828,0.177694451,0.174407084,0.179530081,0.177759221,0.165671933,0.175922735,0.161443473,0.15354747,0.1396787,0.154376,0.160178933,0.167606304,0.156552175,0.163751677,0.214174702,0.212776948,0.192595821
SSD,NaN,0.682223178,0.680269167,0.67855055,0.677789994,0.675578634,0.673122815,0.667307278,0.664654197,0.662231194,0.657967353,0.652856695,0.647875527,0.642691303,0.638048268,0.633055584,0.627403562,0.622028382,0.617774388,0.616169685,0.612166615,0.614252578,0.616938298,0.606796474,0.601650373,0.603664853,0.609316367,0.611718858,0.612202486,0.609573438,0.610425212,0.607832962,0.602715707
ESP,NaN,0.106668412,0.097166718,0.097828357,0.094902456,0.089867994,0.083595378,0.080428402,0.076979009,0.072086334,0.066882661,0.065559236,0.060026952,0.05704891,0.054854475,0.052994086,0.048052307,0.045160104,0.04045787,0.041244168,0.041977891,0.041002726,0.042160289,0.042979177,0.042427003,0.041238863,0.042229105,0.043536135,0.04204099,0.040305305,0.039852497,0.040595413,0.037998099
LKA,NaN,0.413901814,0.436243357,0.386569301,0.425685842,0.373464163,0.351296066,0.37360202,0.415779985,0.397214566,0.378549622,0.362037909,0.344755183,0.340008596,0.349103626,0.329323304,0.33121833,0.324538061,0.33466013,0.334890433,0.309433558,0.307774939,0.309942133,0.296272488,0.281264302,0.286624166,0.27100649,0.26073812,0.254978833,0.25327195,0.271240599,0.269120931,0.264119074
PSE,NaN,0.18234333,0.176020878,0.17160304,0.164614974,0.160823626,0.158827222,0.15022402,0.143106143,0.138900404,0.140603345,0.12242808,0.153911914,0.162365816,0.163571952,0.150326546,0.167419087,0.160558034,0.133701979,0.11816222,0.118108198,0.122023095,0.11483153,0.105448234,0.103989546,0.086575145,0.073608958,0.067100463,0.063209381,0.060453017,0.063540989,0.066611458,0.062209939
SDN,NaN,0.554731665,0.551408408,0.548053756,0.54600202,0.542628507,0.539451483,0.531230786,0.526867839,0.522734889,0.515893258,0.509565922,0.50390548,0.496442849,0.489506307,0.483264329,0.475040575,0.470648545,0.46371635,0.460856713,0.455584071,0.446017589,0.445492601,0.440375271,0.432859543,0.426888262,0.418831407,0.413346221,0.411179954,0.408842873,0.411455638,0.40936807,0.404133876
SUR,NaN,0.043364231,0.044271471,0.046249676,0.063266029,0.072882925,0.06149522,0.054466424,0.057966219,0.072695445,0.066756544,0.071465103,0.07731987,0.081540597,0.08437498,0.083557372,0.088698671,0.087449028,0.084533276,0.080050219,0.076911186,0.074059178,0.071323831,0.068527532,0.069338986,0.072334248,0.076823309,0.07714468,0.075623535,0.076692515,0.078158867,0.077553645,0.075416879
SWE,NaN,0.032239177,0.032197373,0.034421669,0.034340558,0.035120362,0.032610196,0.03244138,0.030591697,0.030071095,0.029056772,0.026417604,0.025240487,0.025466284,0.024851292,0.023199443,0.022267276,0.022511728,0.021223716,0.021776689,0.021005065,0.019899889,0.02058827,0.020333051,0.019742853,0.020361042,0.018855067,0.018309503,0.017313479,0.016889156,0.017275074,0.019726491,0.018617078
CHE,NaN,0.050314379,0.049641117,0.04905134,0.048324922,0.047556253,0.046417472,0.048175435,0.049264987,0.050918065,0.046407128,0.044539473,0.040941395,0.040807566,0.037529369,0.037188387,0.036664407,0.03899566,0.040744696,0.033432995,0.035545081,0.036143652,0.034805959,0.035286145,0.035282567,0.033875073,0.032713516,0.031354186,0.03010644,0.025379606,0.025032115,0.023733192,0.023050505
SYR,NaN,0.282144808,0.29510914,0.316038758,0.301430007,0.283784817,0.280667047,0.280611901,0.278530163,0.278349895,0.328933263,0.305923825,0.302825366,0.269768594,0.244032297,0.220206628,0.197392165,0.191378364,0.144489687,0.149330589,0.147568025,0.132320802,0.140634713,0.156332106,0.164513532,0.165995752,0.168867297,0.167406139,0.163905307,0.159999483,0.160817713,0.15887182,0.154999177
TJK,NaN,0.548628144,0.554324881,0.564293449,0.576161435,0.586888046,0.597958134,0.60175865,0.603748702,0.604820594,0.60077384,0.590978321,0.579672186,0.569065107,0.557079057,0.55244703,0.548730736,0.543470696,0.53731479,0.531286648,0.524379028,0.517371074,0.509256015,0.499728462,0.492639562,0.484324693,0.47467693,0.465864354,0.457560802,0.450163144,0.448176181,0.443389736,0.435169158
THA,NaN,0.612579149,0.618534023,0.582450989,0.577968302,0.540049829,0.520283246,0.525036895,0.540707465,0.516924191,0.516637716,0.475811613,0.461314965,0.449026244,0.443302816,0.438548962,0.43388974,0.428557816,0.413937595,0.39847003,0.38244488,0.410084591,0.421429861,0.393005411,0.334930291,0.323344986,0.312290605,0.315296815,0.321983101,0.314905866,0.31389471,0.318973222,0.304232471
TLS,NaN,0.690434907,0.686931778,0.682944944,0.677440534,0.672532583,0.66784642,0.668142193,0.67299785,0.678062038,0.643639918,0.606388581,0.613122423,0.605821104,0.607953354,0.595676559,0.605095324,0.594811404,0.586955213,0.561339848,0.549698175,0.556571348,0.568012259,0.573242211,0.550106721,0.529328166,0.507420234,0.481506236,0.459541617,0.440770144,0.424550935,0.378432897,0.391912952
TGO,NaN,0.60269431,0.604310419,0.608428835,0.599274526,0.595298041,0.589827675,0.580016221,0.578611373,0.575199296,0.572127114,0.56835694,0.562838767,0.550780396,0.547027508,0.547223124,0.537470246,0.507835483,0.475006389,0.431727101,0.398643361,0.370462013,0.370057464,0.368489285,0.367908021,0.365414475,0.352297844,0.337922828,0.327946362,0.318447337,0.31804071,0.314288356,0.307980651
TKL,NaN,NaN,NaN,NaN,NaN,NaN,NaN,NaN,NaN,NaN,NaN,NaN,NaN,NaN,NaN,NaN,NaN,NaN,NaN,NaN,NaN,NaN,NaN,NaN,NaN,NaN,NaN,NaN,NaN,NaN,NaN,NaN,NaN
TON,NaN,0.403706957,0.404035914,0.400185593,0.375484717,0.3697717,0.364398748,0.357634507,0.353832544,0.350139181,0.338679967,0.32841527,0.320261994,0.318606965,0.322403299,0.316601676,0.307895597,0.313490551,0.307368135,0.313462061,0.317990267,0.31821891,0.318554112,0.317575924,0.313558148,0.314988977,0.311616954,0.312081481,0.310932431,0.300468561,0.28754165,0.267211656,0.269374492
TTO,NaN,0.117382261,0.115411934,0.113283349,0.123735633,0.106396935,0.095902143,0.095061337,0.081419108,0.081202712,0.072253857,0.078603567,0.06891873,0.059011471,0.046403289,0.04341025,0.044132407,0.038128034,0.038364872,0.039080299,0.038002048,0.037220783,0.03742043,0.035271811,0.036139343,0.034263629,0.032449822,0.032090965,0.031638113,0.030851311,0.030722834,0.030616991,0.030099614
TUN,NaN,0.230520965,0.227587472,0.225646178,0.223328453,0.221299357,0.21776798,0.214380969,0.210863259,0.206678334,0.202640531,0.198652193,0.196589106,0.1924788,0.187558823,0.185251915,0.194381985,0.187020424,0.180217453,0.184712188,0.179460991,0.163611777,0.170738047,0.153647603,0.148672967,0.147513387,0.147653815,0.148123066,0.145300783,0.14270495,0.145174227,0.143885059,0.140120159
TUR,NaN,0.477614645,0.448044412,0.424957304,0.440492669,0.44107626,0.436868717,0.416760952,0.415042246,0.401787194,0.369250454,0.375914068,0.349601638,0.336087521,0.291008791,0.256846321,0.240580463,0.23477527,0.236686594,0.229470262,0.23704222,0.241575381,0.235556798,0.229222246,0.210847448,0.204049366,0.195004832,0.193830062,0.184302262,0.181086286,0.175538294,0.171838434,0.166597042
TKM,NaN,0.359473006,0.360486472,0.363174107,0.367005059,0.365295631,0.364099576,0.361991298,0.360491021,0.357052704,0.352395827,0.351210043,0.347808344,0.34304841,0.338431621,0.331694195,0.326008398,0.32136575,0.315623147,0.309549633,0.302919716,0.295299001,0.287892412,0.279821224,0.271524587,0.263785259,0.25689111,0.249343231,0.241999809,0.234465674,0.234396918,0.231893415,0.226655606
TCA,NaN,NaN,NaN,NaN,NaN,NaN,NaN,NaN,NaN,NaN,NaN,NaN,NaN,NaN,NaN,NaN,NaN,NaN,NaN,NaN,NaN,NaN,NaN,NaN,NaN,NaN,NaN,NaN,NaN,NaN,NaN,NaN,NaN
TUV,NaN,NaN,NaN,NaN,NaN,NaN,NaN,NaN,NaN,NaN,NaN,NaN,NaN,NaN,NaN,NaN,NaN,NaN,NaN,NaN,NaN,NaN,NaN,NaN,NaN,NaN,NaN,NaN,NaN,NaN,NaN,NaN,NaN
UGA,NaN,0.732536199,0.731974484,0.72782899,0.726439013,0.720344303,0.714553879,0.711683915,0.708163804,0.702588888,0.700047448,0.695262356,0.688368531,0.686983042,0.697004441,0.707857751,0.712979939,0.720911935,0.729450041,0.737856373,0.714088183,0.687966991,0.661356621,0.719169021,0.704619094,0.708064627,0.709326839,0.707054804,0.696809504,0.6854851,0.679025521,0.666660646,0.662609584
UKR,NaN,0.193297808,0.208004991,0.206640205,0.209598237,0.224868275,0.219266552,0.220727516,0.22640837,0.225430078,0.222671102,0.219539126,0.217796341,0.214579634,0.208043227,0.204458997,0.187501918,0.177979669,0.169445729,0.168372797,0.16550476,0.161950296,0.159409684,0.157042783,0.147726195,0.152573694,0.155994068,0.154081346,0.152812628,0.151969197,0.15270437,0.150966585,NaN
ARE,NaN,0.093170658,0.091670323,0.089714151,0.088004667,0.086063427,0.085981021,0.085752807,0.084816438,0.085088464,0.085337929,0.079063175,0.073510528,0.068447397,0.064160342,0.059743586,0.05347237,0.047536464,0.042586051,0.038656553,0.035606937,0.032706619,0.029600831,0.026520141,0.023624291,0.020695387,0.018371407,0.016385736,0.014640628,0.022411955,0.01783298,0.014281705,0.013886186
GBR,NaN,0.02165177,0.021111212,0.020474513,0.020787985,0.020536453,0.019485267,0.018542291,0.017181162,0.015539872,0.015345493,0.013923333,0.013858133,0.012489168,0.012765009,0.013760325,0.013514695,0.013652169,0.010804332,0.011091503,0.012159245,0.01220281,0.011888608,0.010588426,0.012562431,0.011361932,0.011210665,0.011630761,0.01070067,0.010443253,0.010340351,0.010325807,0.010049489
TZA,NaN,0.845905864,0.845830709,0.84550907,0.845124855,0.8447486,0.842983504,0.84120892,0.838737763,0.834868129,0.830073498,0.822901041,0.806879306,0.789721281,0.770145305,0.747892211,0.725305419,0.718234769,0.715249354,0.709611575,0.704787761,0.698923274,0.694208039,0.68741629,0.68050359,0.676088867,0.67148798,0.667247429,0.662961534,0.657821366,0.657939497,0.659728195,0.655059742
USA,NaN,0.027769748,0.027402692,0.025902426,0.027701924,0.027542033,0.027172718,0.026235351,0.025695437,0.024578987,0.022620873,0.021072998,0.019559258,0.018103347,0.017526829,0.016927827,0.016675108,0.015751475,0.016133499,0.016265707,0.017392159,0.017576151,0.01692793,0.01624083,0.016616386,0.017813913,0.017813338,0.017683354,0.017087195,0.01679713,0.017463935,0.016624025,0.016205433
VIR,NaN,0.02787876,0.027553228,0.027185251,0.026786722,0.026342572,0.025856321,0.025300705,0.024708321,0.024061203,0.023381841,0.022683549,0.02199347,0.02134967,0.020714158,0.020126748,0.019535941,0.019009726,0.018487324,0.018000554,0.017613386,0.017251206,0.016991325,0.016654286,0.016270674,0.015900936,0.015482372,0.015026331,0.01449752,0.014067901,0.013746079,0.01344809,0.012934856
URY,NaN,0.07202465,0.073270569,0.070142967,0.072442803,0.075289335,0.081841052,0.087826724,0.107794154,0.111926985,0.111041673,0.110936775,0.111967197,0.111186831,0.108939259,0.104004163,0.107375468,0.106744766,0.105799535,0.109529317,0.115668269,0.09792605,0.086056164,0.092879361,0.091396691,0.088236024,0.082235779,0.087442222,0.083587035,0.08300591,0.080113392,0.08115459,0.08376404
UZB,NaN,0.41414847,0.414366615,0.411886043,0.416071091,0.411133283,0.404588136,0.401348241,0.393954857,0.384974718,0.376534158,0.366976822,0.357939424,0.348175069,0.336546924,0.325521575,0.314182504,0.301586572,0.288145019,0.277079818,0.268145255,0.270943314,0.266013854,0.271661715,0.275299552,0.275463229,0.273859348,0.271330778,0.266361017,0.261673243,0.268859176,0.265443147,0.25897884
VUT,NaN,0.694304491,0.693382955,0.69590959,0.691968541,0.694360098,0.69318292,0.688986756,0.683333077,0.681824961,0.677031311,0.671927768,0.669413267,0.659400864,0.657495006,0.647796223,0.639683026,0.630621902,0.617075753,0.605451342,0.638309905,0.625175586,0.614858714,0.601226296,0.585730479,0.563422044,0.542921284,0.528783476,0.510516888,0.492274449,0.446870876,0.434698597,0.423470759
VEN,NaN,0.126311633,0.117764962,0.112728661,0.13897156,0.135180401,0.135334056,0.108163079,0.099850382,0.101912716,0.106152151,0.096549286,0.099709055,0.107670694,0.104970797,0.102852997,0.094175973,0.088365425,0.085177524,0.086296572,0.085450311,0.080524981,0.077433903,0.074457044,0.067131264,0.063302573,0.060544089,0.080868422,0.095807471,0.110063143,0.115434066,0.117767667,0.115273827
VNM,NaN,0.746171406,0.736838941,0.72643206,0.717619446,0.707816575,0.699820091,0.652813767,0.647593088,0.649754364,0.652556493,0.639942969,0.620415818,0.596738066,0.578931494,0.548798078,0.516687748,0.492835632,0.485713112,0.475525763,0.487073195,0.483142483,0.47366778,0.468134195,0.463357626,0.440184519,0.418649098,0.401554409,0.377241176,0.346882525,0.326123914,0.290443449,0.33609304
WLF,NaN,NaN,NaN,NaN,NaN,NaN,NaN,NaN,NaN,NaN,NaN,NaN,NaN,NaN,NaN,NaN,NaN,NaN,NaN,NaN,NaN,NaN,NaN,NaN,NaN,NaN,NaN,NaN,NaN,NaN,NaN,NaN,NaN
ESH,NaN,0.379636825,0.378281172,0.37667988,0.374845777,0.370531392,0.364481935,0.357521969,0.350830101,0.343825156,0.335564372,0.32664455,0.317779339,0.309117796,0.299299807,0.290209389,0.280992819,0.271927521,0.263969787,0.257670372,0.249602955,0.242129831,0.234783161,0.227995536,0.221428078,0.216123225,0.210660394,0.205254844,0.200016095,0.194955215,0.197215168,0.195383119,0.190642794
YEM,NaN,0.548223187,0.546473817,0.547054546,0.546460883,0.552893213,0.559825503,0.564419068,0.568796451,0.541130312,0.496903543,0.450215964,0.40294605,0.356318074,0.310267232,0.298182473,0.286643218,0.275161365,0.264636474,0.252415542,0.241114419,0.260422587,0.270543401,0.279673739,0.292437774,0.301868255,0.306526298,0.308557881,0.304840419,0.299651674,0.300872135,0.298293848,0.292609865
ZMB,NaN,0.726945133,0.727829902,0.72808849,0.725925721,0.724442866,0.722110242,0.7192314,0.715338837,0.703733296,0.688359331,0.695793974,0.701957652,0.705728952,0.708501635,0.709462219,0.704185549,0.697624391,0.690080309,0.677346626,0.664887244,0.654628882,0.639339019,0.62906894,0.617529485,0.606961952,0.598281669,0.589648087,0.597779919,0.573718554,0.591117284,0.577885084,0.573146025
ZWE,NaN,0.652921633,0.653505893,0.654324854,0.650059475,0.646978799,0.643264131,0.641388906,0.638599967,0.641534007,0.656103063,0.671813992,0.691055214,0.710425778,0.724385008,0.728853537,0.729916649,0.729153841,0.722242947,0.698224975,0.671622887,0.658627294,0.659020621,0.666871747,0.672439275,0.662674043,0.653663193,0.645739185,0.633760843,0.623979719,0.588137696,0.536225336,0.526101428