Rural Population (ratio of total population),1990,1991,1992,1993,1994,1995,1996,1997,1998,1999,2000,2001,2002,2003,2004,2005,2006,2007,2008,2009,2010,2011,2012,2013,2014,2015,2016,2017,2018,2019,2020,2021,2022
AFG,0.78823,0.78734,0.78645,0.78556,0.78466,0.78376,0.78286,0.78195,0.78105,0.78014,0.77922,0.77831,0.77739,0.77647,0.775,0.77297,0.77093,0.76887,0.7668,0.76472,0.76263,0.76052,0.7584,0.75627,0.75413,0.75197,0.7498,0.7475,0.74505,0.74246,0.73974,0.73686,0.73384
ALB,0.63572,0.633,0.62751,0.62201,0.61646,0.61089,0.60527,0.59965,0.59399,0.58831,0.58259,0.57565,0.56499,0.55427,0.54349,0.53269,0.52185,0.51098,0.50009,0.48924,0.47837,0.46753,0.4567,0.44613,0.43577,0.42566,0.41579,0.40617,0.39681,0.38771,0.37888,0.37031,0.36201
DZA,0.47915,0.47129,0.46343,0.45561,0.44781,0.44003,0.43226,0.42456,0.41687,0.40882,0.40081,0.39288,0.38499,0.37716,0.36939,0.3617,0.35407,0.34652,0.33903,0.33174,0.3246,0.31764,0.31085,0.30424,0.29779,0.29152,0.28541,0.27948,0.27371,0.26811,0.26267,0.25739,0.25228
ASM,0.19052,0.18114,0.17211,0.16346,0.15515,0.1472,0.13957,0.13229,0.12533,0.11869,0.11413,0.11509,0.11606,0.11703,0.11802,0.119,0.12,0.121,0.12201,0.12303,0.12406,0.12498,0.1258,0.12652,0.12712,0.12762,0.12802,0.1283,0.12847,0.12853,0.12847,0.12831,0.12804
AND,0.05288,0.0547,0.05676,0.05889,0.0611,0.06339,0.06575,0.0682,0.07073,0.07334,0.07605,0.07944,0.08359,0.08793,0.09249,0.09715,0.10193,0.10692,0.10996,0.11088,0.11181,0.11274,0.11369,0.11463,0.11559,0.11655,0.11752,0.1185,0.11938,0.12016,0.12084,0.12142,0.12189
AGO,0.62856,0.6142,0.59961,0.58489,0.57,0.55831,0.54654,0.53475,0.5229,0.51103,0.49913,0.48726,0.47539,0.46355,0.45173,0.44,0.43236,0.42476,0.41718,0.40966,0.40217,0.39472,0.38732,0.37998,0.37269,0.36554,0.35851,0.35161,0.34486,0.33823,0.33175,0.3254,0.31919
AIA,NaN,NaN,NaN,NaN,NaN,NaN,NaN,NaN,NaN,NaN,NaN,NaN,NaN,NaN,NaN,NaN,NaN,NaN,NaN,NaN,NaN,NaN,NaN,NaN,NaN,NaN,NaN,NaN,NaN,NaN,NaN,NaN,NaN
ATG,0.64574,0.64535,0.64915,0.65291,0.65666,0.66039,0.6641,0.66779,0.67145,0.6751,0.67873,0.6826,0.68902,0.69536,0.70163,0.70782,0.71394,0.71998,0.72595,0.73182,0.73762,0.74297,0.74474,0.7465,0.74825,0.75,0.75154,0.75287,0.75401,0.75494,0.75567,0.7562,0.75654
ARG,0.13016,0.12672,0.12458,0.12248,0.1204,0.11836,0.11634,0.11436,0.11241,0.11048,0.10858,0.10671,0.1049,0.10314,0.1014,0.09969,0.098,0.09634,0.0947,0.09309,0.09151,0.0901,0.08879,0.08751,0.08623,0.08497,0.08373,0.08251,0.0813,0.08009,0.07889,0.07771,0.07653
ARM,0.32579,0.3285,0.33122,0.33394,0.33668,0.33943,0.34219,0.34496,0.34774,0.35053,0.35334,0.35615,0.35764,0.35863,0.35962,0.36062,0.36161,0.36261,0.3636,0.3646,0.3656,0.3666,0.3676,0.36836,0.36888,0.36915,0.36918,0.36897,0.36851,0.36781,0.36687,0.36569,0.36427
ABW,0.49681,0.49696,0.50002,0.50412,0.50823,0.51233,0.51644,0.52054,0.52464,0.52873,0.53283,0.53661,0.54028,0.54394,0.5476,0.55125,0.55489,0.55853,0.56217,0.56579,0.56941,0.5706,0.57043,0.5701,0.56959,0.56892,0.56808,0.56707,0.56589,0.56454,0.56303,0.56134,0.55948
AUS,0.14567,0.14597,0.14715,0.14843,0.14972,0.15102,0.15233,0.15364,0.15497,0.1563,0.15765,0.159,0.15778,0.15657,0.15537,0.15418,0.153,0.15178,0.15057,0.14937,0.14818,0.147,0.14598,0.14498,0.14398,0.14299,0.142,0.14096,0.13988,0.13876,0.13759,0.13638,0.13512
AUT,0.3704,0.37311,0.37583,0.37856,0.3813,0.38404,0.3868,0.38955,0.39232,0.39509,0.39787,0.40066,0.40345,0.40625,0.40906,0.41187,0.41468,0.41751,0.42034,0.42317,0.42601,0.42885,0.42853,0.42664,0.42474,0.42285,0.42095,0.41906,0.41703,0.41485,0.41252,0.41005,0.40744
AZE,0.46251,0.46559,0.46868,0.47176,0.47485,0.47794,0.48104,0.48412,0.48722,0.48815,0.48614,0.48413,0.48213,0.48012,0.47811,0.47611,0.47411,0.4721,0.4701,0.4681,0.46594,0.46363,0.46117,0.45855,0.45578,0.45286,0.44979,0.44657,0.4432,0.43969,0.43603,0.43224,0.4283
BHS,0.20162,0.19933,0.19707,0.19482,0.1926,0.19039,0.1882,0.18604,0.18389,0.18176,0.17993,0.17951,0.17908,0.17866,0.17824,0.17782,0.1774,0.17698,0.17657,0.17615,0.17573,0.17524,0.17468,0.17404,0.17332,0.17254,0.17168,0.17075,0.16975,0.16868,0.16755,0.16635,0.16508
BHR,0.1186,0.11671,0.11602,0.11605,0.11608,0.11612,0.11615,0.11618,0.11621,0.11624,0.11628,0.11631,0.11627,0.11617,0.11601,0.11578,0.11548,0.11512,0.1147,0.11421,0.11366,0.11305,0.11238,0.11165,0.11085,0.11001,0.1091,0.10814,0.10713,0.10606,0.10494,0.10378,0.10257
BGD,0.80189,0.79743,0.7939,0.79034,0.78672,0.78307,0.77936,0.77562,0.77182,0.76798,0.7641,0.75904,0.75244,0.74571,0.73886,0.73191,0.72483,0.71763,0.71032,0.70291,0.69538,0.68775,0.68007,0.67238,0.66465,0.65692,0.64917,0.64142,0.63368,0.62595,0.61823,0.61054,0.60289
BRB,0.6263,0.62994,0.63357,0.63717,0.64076,0.64434,0.6479,0.65144,0.65497,0.65848,0.66173,0.66371,0.66569,0.66766,0.66963,0.67159,0.67354,0.67549,0.67744,0.67937,0.6813,0.683,0.68447,0.68571,0.68672,0.68751,0.68807,0.68841,0.68853,0.68842,0.68809,0.68754,0.68676
BLR,0.34019,0.33626,0.33234,0.32845,0.32459,0.32074,0.31692,0.31313,0.30936,0.30518,0.30027,0.29542,0.29061,0.28585,0.28113,0.27646,0.27184,0.26727,0.26274,0.25828,0.25328,0.24812,0.24303,0.23801,0.23307,0.22819,0.22339,0.21866,0.21405,0.20956,0.20517,0.2009,0.19674
BEL,0.03623,0.03539,0.03458,0.03378,0.033,0.03223,0.03149,0.03076,0.03004,0.02935,0.02871,0.02814,0.02759,0.02704,0.0265,0.02597,0.02546,0.02495,0.02445,0.02397,0.02349,0.02302,0.02256,0.02211,0.02167,0.02124,0.02081,0.02039,0.01999,0.01959,0.01921,0.01883,0.01847
BLZ,0.52535,0.52729,0.52941,0.53152,0.53363,0.53575,0.53786,0.53997,0.54207,0.54418,0.54602,0.54619,0.54636,0.54653,0.5467,0.54687,0.54704,0.54721,0.54738,0.54755,0.54772,0.54772,0.54754,0.54718,0.54665,0.54594,0.54505,0.54399,0.54276,0.54134,0.53975,0.53799,0.53604
BEN,0.65515,0.64753,0.64173,0.63864,0.63553,0.63242,0.62929,0.62615,0.62301,0.61985,0.61667,0.6135,0.60964,0.60464,0.59961,0.59457,0.58951,0.58442,0.57931,0.5742,0.56907,0.56392,0.55875,0.55358,0.54834,0.54305,0.53771,0.53232,0.52688,0.52139,0.51585,0.51028,0.50466
BTN,0.83612,0.82839,0.82038,0.81209,0.80351,0.79463,0.78544,0.77599,0.76623,0.75617,0.74582,0.7352,0.7243,0.71312,0.70165,0.69035,0.68288,0.67531,0.66764,0.6599,0.65207,0.64415,0.63629,0.62851,0.62082,0.61322,0.60572,0.59833,0.59105,0.58388,0.57684,0.56992,0.56314
BOL,0.44423,0.43421,0.42459,0.41921,0.41385,0.4085,0.40318,0.39788,0.39261,0.38736,0.38213,0.37694,0.37217,0.36752,0.36289,0.3583,0.35372,0.34918,0.34465,0.34016,0.3357,0.33126,0.32685,0.32301,0.31953,0.31607,0.31262,0.3092,0.30575,0.30227,0.29877,0.29525,0.2917
BES,NaN,NaN,NaN,NaN,NaN,NaN,NaN,NaN,NaN,NaN,NaN,NaN,NaN,NaN,NaN,NaN,NaN,NaN,NaN,NaN,NaN,NaN,NaN,NaN,NaN,NaN,NaN,NaN,NaN,NaN,NaN,NaN,NaN
BIH,0.60751,0.60422,0.60113,0.59804,0.59494,0.59183,0.5887,0.58558,0.58245,0.57931,0.57616,0.57302,0.56986,0.5667,0.56352,0.56035,0.55718,0.55399,0.5508,0.54761,0.54442,0.54122,0.53801,0.53481,0.5316,0.52827,0.52482,0.52124,0.51755,0.51374,0.5098,0.50575,0.50159
BWA,0.58067,0.54708,0.53557,0.52714,0.51867,0.51019,0.5017,0.49323,0.48475,0.47628,0.46781,0.45938,0.4543,0.44971,0.44512,0.44056,0.436,0.42072,0.40556,0.39063,0.37588,0.36135,0.35232,0.34428,0.33632,0.32845,0.32067,0.313,0.30554,0.29828,0.29123,0.2844,0.27776
BRA,0.26078,0.2531,0.24556,0.23819,0.23097,0.2239,0.21698,0.20952,0.20219,0.19504,0.18808,0.18447,0.1812,0.17797,0.17479,0.17166,0.16857,0.16552,0.16251,0.15956,0.15665,0.15369,0.15077,0.14791,0.14508,0.1423,0.13958,0.13691,0.13431,0.13176,0.12927,0.12683,0.12445
VGB,0.62186,0.60666,0.60397,0.60128,0.59858,0.59587,0.59316,0.59045,0.58772,0.585,0.58226,0.57952,0.57672,0.57385,0.57091,0.5679,0.56483,0.56169,0.55848,0.55521,0.55186,0.54846,0.54498,0.54144,0.53784,0.53417,0.53043,0.52663,0.52277,0.51884,0.51485,0.5108,0.50669
BRN,0.33562,0.33415,0.32922,0.32396,0.31874,0.31356,0.30842,0.30334,0.2983,0.29331,0.28836,0.28348,0.27954,0.27579,0.27206,0.26837,0.26471,0.26108,0.25748,0.25392,0.25039,0.2469,0.24344,0.24003,0.23668,0.23337,0.2301,0.22688,0.22371,0.22058,0.2175,0.21446,0.21146
BGR,0.33623,0.33283,0.32944,0.3267,0.32443,0.32218,0.31993,0.31769,0.31546,0.31323,0.31101,0.30834,0.30476,0.30121,0.29767,0.29416,0.29068,0.28722,0.28378,0.28037,0.27698,0.27362,0.27025,0.26687,0.26349,0.2601,0.25671,0.25331,0.24992,0.24653,0.24314,0.23975,0.23637
BFA,0.86185,0.8593,0.8567,0.85407,0.8514,0.84869,0.84593,0.84125,0.8349,0.82834,0.82156,0.8146,0.80742,0.80004,0.79243,0.78463,0.77661,0.77004,0.76466,0.75921,0.75367,0.74804,0.74233,0.73654,0.73066,0.7247,0.71866,0.71257,0.70642,0.7002,0.69393,0.6876,0.68123
BDI,0.93729,0.93545,0.93363,0.93177,0.92986,0.92789,0.92588,0.92382,0.9217,0.91964,0.91754,0.91539,0.91318,0.91092,0.90861,0.90625,0.90383,0.90136,0.89882,0.89624,0.89358,0.89085,0.88806,0.88518,0.88224,0.87922,0.87612,0.87294,0.86968,0.86634,0.86292,0.85942,0.85583
CPV,0.5588,0.54956,0.54027,0.53098,0.52166,0.51232,0.50296,0.49363,0.48428,0.47495,0.46565,0.45709,0.44854,0.44003,0.43154,0.42311,0.41471,0.40637,0.39806,0.38984,0.38179,0.37678,0.37179,0.36683,0.3619,0.357,0.35216,0.34739,0.34268,0.33805,0.33348,0.32898,0.32455
KHM,0.84454,0.84113,0.83766,0.83413,0.83054,0.82689,0.82317,0.8194,0.81645,0.8153,0.81414,0.81297,0.8118,0.81063,0.80945,0.80826,0.80707,0.80587,0.80429,0.8007,0.79706,0.79337,0.78963,0.78585,0.78201,0.77812,0.77418,0.7702,0.76612,0.76195,0.75768,0.75332,0.74886
CMR,0.60343,0.59765,0.59183,0.58601,0.58015,0.57427,0.56836,0.56245,0.55652,0.55056,0.54458,0.53861,0.53262,0.52662,0.5206,0.51459,0.50857,0.50254,0.4965,0.49046,0.48441,0.47836,0.47231,0.46627,0.46024,0.45422,0.44821,0.44223,0.43626,0.43032,0.4244,0.41852,0.41267
CAN,0.23418,0.2338,0.23113,0.22848,0.22586,0.22325,0.22049,0.2166,0.21276,0.20897,0.20522,0.2019,0.20112,0.20033,0.19955,0.19878,0.19787,0.19604,0.19422,0.19242,0.19063,0.18904,0.18863,0.18822,0.18782,0.18741,0.187,0.1865,0.18589,0.18518,0.18438,0.18347,0.18248
CYM,0,0,0,0,0,0,0,0,0,0,0,0,0,0,0,0,0,0,0,0,0,0,0,0,0,0,0,0,0,0,0,0,0
CAF,0.63175,0.63094,0.63013,0.62932,0.62851,0.62769,0.62688,0.62606,0.62525,0.62443,0.62361,0.6228,0.62198,0.62116,0.62034,0.61931,0.61807,0.61661,0.61494,0.61306,0.61096,0.60865,0.60612,0.60337,0.60041,0.59723,0.59382,0.5902,0.58636,0.5823,0.57802,0.57352,0.5688
TCD,0.79189,0.78977,0.78765,0.78592,0.7856,0.78527,0.78494,0.78462,0.78429,0.78396,0.78363,0.7833,0.78298,0.78265,0.78232,0.78199,0.78166,0.78132,0.78099,0.78066,0.78015,0.77946,0.77858,0.77752,0.77628,0.77485,0.77323,0.77142,0.76941,0.76721,0.7648,0.76219,0.75937
CHL,0.16729,0.16602,0.16436,0.16104,0.15777,0.15455,0.15139,0.14828,0.14523,0.14222,0.13927,0.13637,0.13394,0.13335,0.13275,0.13217,0.13158,0.131,0.13041,0.12983,0.12926,0.12868,0.12811,0.12754,0.12697,0.1264,0.12578,0.1251,0.12436,0.12357,0.12273,0.12183,0.12088
CHN,0.73558,0.72688,0.718,0.70897,0.69976,0.69039,0.68084,0.67117,0.66133,0.65135,0.64123,0.62907,0.61575,0.60224,0.58856,0.57478,0.56132,0.54801,0.53461,0.5212,0.50774,0.49489,0.48235,0.46987,0.45741,0.445,0.43264,0.4204,0.40848,0.39692,0.38572,0.37488,0.3644
HKG,0.00483,0.00168,0.00021,0,0,0,0,0,0,0,0,0,0,0,0,0,0,0,0,0,0,0,0,0,0,0,0,0,0,0,0,0,0
MAC,0.00237,0.00195,0.00161,0.00133,0.00109,0.0009,0.0002,0,0,0,0,0,0,0,0,0,0,0,0,0,0,0,0,0,0,0,0,0,0,0,0,0,0
COL,0.30519,0.30051,0.29585,0.29126,0.28672,0.28223,0.27777,0.27338,0.26902,0.2647,0.26043,0.25621,0.25203,0.24789,0.2438,0.23976,0.23577,0.23184,0.22796,0.22413,0.22036,0.21665,0.21299,0.20939,0.20585,0.20236,0.19892,0.19554,0.19222,0.18896,0.18575,0.1826,0.1795
COM,0.72131,0.71634,0.71565,0.7161,0.71654,0.71699,0.71743,0.71787,0.71832,0.71876,0.7192,0.71964,0.72008,0.72053,0.72097,0.72125,0.72137,0.72133,0.72114,0.72079,0.72027,0.7196,0.71877,0.71777,0.71662,0.7153,0.71381,0.71216,0.71035,0.70836,0.7062,0.70387,0.70136
COG,0.45676,0.45257,0.44838,0.4442,0.44004,0.43587,0.43168,0.42701,0.42234,0.41769,0.41305,0.40844,0.40383,0.39924,0.39467,0.39012,0.38559,0.38107,0.37654,0.372,0.36744,0.36288,0.35831,0.35373,0.34915,0.34457,0.33999,0.33541,0.33084,0.32627,0.32171,0.31717,0.31264
COK,NaN,NaN,NaN,NaN,NaN,NaN,NaN,NaN,NaN,NaN,NaN,NaN,NaN,NaN,NaN,NaN,NaN,NaN,NaN,NaN,NaN,NaN,NaN,NaN,NaN,NaN,NaN,NaN,NaN,NaN,NaN,NaN,NaN
CRI,0.49997,0.49083,0.48168,0.47257,0.46347,0.45439,0.44533,0.43633,0.42736,0.41843,0.40948,0.3959,0.38247,0.3692,0.35612,0.34328,0.33065,0.31826,0.3061,0.29425,0.28264,0.27132,0.26054,0.2503,0.24059,0.23138,0.22265,0.2144,0.2066,0.19924,0.19229,0.18575,0.17958
CIV,0.60655,0.60284,0.59912,0.59539,0.59165,0.5879,0.58413,0.58036,0.57658,0.57259,0.56845,0.56432,0.56017,0.55601,0.55183,0.54766,0.54348,0.53929,0.53509,0.5309,0.5267,0.52249,0.51828,0.51407,0.50986,0.50556,0.50119,0.49674,0.49221,0.48761,0.48294,0.4782,0.47339
HRV,0.48963,0.48643,0.48412,0.48182,0.47952,0.47721,0.47491,0.47261,0.47032,0.46802,0.46572,0.46358,0.4619,0.46021,0.45853,0.45685,0.45517,0.45349,0.45181,0.45013,0.44845,0.44678,0.44494,0.44294,0.44077,0.43845,0.43597,0.43333,0.43053,0.42758,0.42447,0.42122,0.41781
CUB,0.26636,0.26324,0.26173,0.26023,0.25873,0.25723,0.25574,0.25382,0.25145,0.24911,0.24677,0.24445,0.24215,0.24053,0.23959,0.23866,0.23773,0.2368,0.23587,0.23495,0.23403,0.23311,0.23219,0.23173,0.23139,0.23104,0.2307,0.23023,0.22963,0.22891,0.22806,0.22708,0.22599
CUW,0.15322,0.15053,0.14556,0.13776,0.13031,0.1232,0.11642,0.10998,0.10385,0.09802,0.09248,0.08989,0.09106,0.09225,0.09345,0.09466,0.09589,0.09713,0.09839,0.09966,0.10095,0.10225,0.10346,0.10456,0.10557,0.10648,0.10728,0.10797,0.10855,0.10902,0.10938,0.10962,0.10975
CYP,0.33224,0.32812,0.32402,0.32208,0.32085,0.31962,0.31839,0.31717,0.31595,0.31473,0.31352,0.31231,0.31306,0.31447,0.3159,0.31732,0.31875,0.32018,0.32161,0.32305,0.32449,0.32594,0.32739,0.32863,0.32969,0.33054,0.33119,0.33164,0.3319,0.33195,0.33179,0.33144,0.33089
CZE,0.2478,0.24842,0.2497,0.25099,0.25228,0.25357,0.25487,0.25618,0.25749,0.2588,0.26012,0.26123,0.26191,0.2626,0.26329,0.26398,0.26467,0.26537,0.26606,0.26676,0.26745,0.26815,0.26803,0.2671,0.26616,0.26523,0.2643,0.26325,0.26208,0.26079,0.25939,0.25786,0.25623
PRK,0.41616,0.41469,0.41321,0.41174,0.41061,0.40982,0.40903,0.40824,0.40745,0.40666,0.40588,0.40509,0.4043,0.40352,0.40273,0.40195,0.40116,0.40038,0.3996,0.39805,0.39623,0.39443,0.39262,0.39082,0.38902,0.38723,0.38529,0.38322,0.38101,0.37866,0.37619,0.37358,0.37084
COD,0.69367,0.68933,0.68494,0.68054,0.6761,0.67162,0.66711,0.66258,0.65801,0.65341,0.64878,0.64413,0.63945,0.63474,0.63,0.62519,0.62029,0.6153,0.61024,0.60509,0.59987,0.59456,0.58918,0.58373,0.5782,0.5726,0.56693,0.5612,0.5554,0.54954,0.54362,0.53765,0.53163
DNK,0.15157,0.15129,0.15102,0.15075,0.15048,0.15021,0.14994,0.14967,0.1494,0.14914,0.149,0.1485,0.1475,0.1464,0.14434,0.14144,0.13902,0.13707,0.13513,0.13346,0.13205,0.13043,0.12858,0.12708,0.1259,0.12474,0.12358,0.12243,0.12126,0.12006,0.11884,0.1176,0.11633
DJI,0.24043,0.23886,0.23839,0.23793,0.23746,0.237,0.23653,0.23607,0.23561,0.23515,0.23468,0.23422,0.23376,0.2333,0.23284,0.23239,0.23193,0.23147,0.23101,0.23056,0.23001,0.22936,0.22862,0.22778,0.22686,0.22583,0.22472,0.22352,0.22223,0.22085,0.21938,0.21783,0.2162
DMA,0.36921,0.35518,0.35431,0.35344,0.35256,0.35169,0.35082,0.34995,0.34908,0.34821,0.34735,0.34618,0.34311,0.34006,0.33701,0.33399,0.33097,0.32797,0.32498,0.32201,0.31906,0.31611,0.31315,0.31018,0.3072,0.30421,0.3012,0.29819,0.29517,0.29214,0.2891,0.28605,0.283
DOM,0.44774,0.44503,0.44233,0.43963,0.43248,0.42402,0.41559,0.40724,0.39893,0.39067,0.38247,0.37435,0.36629,0.35395,0.33997,0.3263,0.3129,0.2998,0.287,0.27458,0.26247,0.25173,0.24198,0.23251,0.2233,0.21434,0.20564,0.19723,0.18926,0.18172,0.1746,0.16787,0.16152
ECU,0.4491,0.44291,0.43774,0.4326,0.42746,0.42234,0.41723,0.41215,0.40709,0.40204,0.39701,0.39201,0.38882,0.38684,0.38486,0.38289,0.38093,0.37896,0.377,0.37505,0.3731,0.37149,0.37012,0.36875,0.36739,0.36602,0.36466,0.3633,0.36179,0.36014,0.35834,0.35639,0.3543
EGY,0.56522,0.56655,0.56788,0.56921,0.57054,0.57186,0.57319,0.57342,0.57296,0.5725,0.57203,0.57157,0.57111,0.57065,0.57019,0.56973,0.56927,0.56922,0.56942,0.56961,0.56981,0.57,0.57054,0.57107,0.57161,0.57215,0.57268,0.57295,0.57296,0.5727,0.57217,0.57138,0.57033
SLV,0.50726,0.50206,0.49685,0.48583,0.47296,0.46012,0.44732,0.43463,0.422,0.41643,0.41088,0.40536,0.39986,0.39439,0.38893,0.38352,0.37813,0.37226,0.36322,0.3543,0.34548,0.33675,0.32813,0.31964,0.31126,0.303,0.29499,0.28725,0.27977,0.27254,0.26556,0.25882,0.25233
GNQ,0.65255,0.64252,0.63234,0.62208,0.61169,0.59506,0.57813,0.56107,0.54384,0.5265,0.50908,0.49168,0.47427,0.45693,0.43967,0.4226,0.40569,0.389,0.37255,0.35642,0.3406,0.32512,0.31,0.30456,0.29917,0.29384,0.28862,0.28354,0.27857,0.27373,0.269,0.26439,0.2599
ERI,0.81095,0.8041,0.79706,0.78985,0.78245,0.77486,0.76707,0.75912,0.75097,0.74265,0.73413,0.72545,0.71659,0.70756,0.69836,0.68901,0.67949,0.66983,0.66,0.65415,0.64825,0.64229,0.63628,0.63021,0.6241,0.61794,0.61173,0.60549,0.5992,0.59288,0.58653,0.58015,0.57375
EST,0.28769,0.28954,0.2914,0.29326,0.29513,0.297,0.29889,0.30077,0.30267,0.30457,0.30632,0.30758,0.30884,0.31011,0.31138,0.31265,0.31393,0.31521,0.31649,0.31777,0.31906,0.32035,0.32026,0.31878,0.31731,0.31584,0.31437,0.31283,0.3112,0.30949,0.30771,0.30585,0.30391
SWZ,0.79798,0.79393,0.78982,0.78566,0.78143,0.77714,0.77278,0.76919,0.77051,0.77183,0.77314,0.77445,0.77575,0.77704,0.77834,0.77962,0.7809,0.78171,0.77955,0.77738,0.7752,0.773,0.77151,0.77001,0.76851,0.767,0.76541,0.76375,0.76201,0.76019,0.75829,0.75631,0.75424
ETH,0.87379,0.87133,0.86884,0.8663,0.86373,0.86173,0.85994,0.85814,0.85631,0.85447,0.8526,0.85073,0.84882,0.8469,0.84496,0.843,0.84101,0.83884,0.8349,0.8309,0.82681,0.82265,0.8184,0.81425,0.81002,0.80572,0.80134,0.7969,0.79237,0.78775,0.78305,0.77826,0.77339
FLK,NaN,NaN,NaN,NaN,NaN,NaN,NaN,NaN,NaN,NaN,NaN,NaN,NaN,NaN,NaN,NaN,NaN,NaN,NaN,NaN,NaN,NaN,NaN,NaN,NaN,NaN,NaN,NaN,NaN,NaN,NaN,NaN,NaN
FRO,0.69406,0.68846,0.68128,0.67404,0.6667,0.65929,0.65178,0.64646,0.64346,0.6414,0.63663,0.62825,0.61978,0.61286,0.60753,0.60219,0.59853,0.59659,0.59464,0.59269,0.59074,0.58912,0.58775,0.58637,0.58499,0.58362,0.58223,0.58086,0.57936,0.57775,0.57602,0.57417,0.57221
FJI,0.58389,0.57619,0.56844,0.56067,0.55287,0.54504,0.53718,0.53268,0.52877,0.52485,0.52092,0.517,0.51308,0.50915,0.50521,0.50129,0.49736,0.49343,0.48854,0.48342,0.47829,0.47317,0.46804,0.46294,0.45784,0.45274,0.44765,0.44258,0.43752,0.4325,0.42753,0.4226,0.41771
FIN,0.20633,0.20157,0.19872,0.19591,0.19312,0.19037,0.18777,0.18534,0.18293,0.18054,0.17817,0.17632,0.17497,0.17362,0.17228,0.17095,0.16963,0.16832,0.16701,0.16571,0.1623,0.15687,0.15159,0.14875,0.14825,0.14775,0.14725,0.14675,0.14618,0.14554,0.14483,0.14404,0.14319
FRA,0.25944,0.25771,0.25599,0.25428,0.25257,0.25088,0.24918,0.2475,0.24583,0.24386,0.24129,0.23873,0.2362,0.23368,0.23117,0.2287,0.22623,0.22379,0.22132,0.21883,0.21631,0.21378,0.21122,0.20865,0.20606,0.20345,0.20083,0.1982,0.19556,0.19291,0.19025,0.18758,0.18491
GUF,NaN,NaN,NaN,NaN,NaN,NaN,NaN,NaN,NaN,NaN,NaN,NaN,NaN,NaN,NaN,NaN,NaN,NaN,NaN,NaN,NaN,NaN,NaN,NaN,NaN,NaN,NaN,NaN,NaN,NaN,NaN,NaN,NaN
PYF,0.42148,0.4239,0.42633,0.42876,0.43119,0.43363,0.43607,0.43715,0.43795,0.43874,0.43953,0.44033,0.44112,0.43758,0.43169,0.42583,0.41998,0.41415,0.40834,0.40258,0.39683,0.39111,0.38541,0.38417,0.38367,0.38317,0.38266,0.38216,0.38166,0.38103,0.38025,0.37934,0.3783
GAB,0.30857,0.29538,0.28251,0.27001,0.26079,0.25203,0.24346,0.2351,0.22694,0.21898,0.21121,0.20367,0.19632,0.18917,0.18222,0.17548,0.16893,0.16258,0.15641,0.15045,0.14467,0.13908,0.13366,0.12844,0.12349,0.11882,0.11441,0.11024,0.1063,0.10259,0.09908,0.09577,0.09265
GMB,0.61688,0.6059,0.5948,0.58414,0.57528,0.56638,0.55742,0.54845,0.53943,0.53039,0.52132,0.51225,0.50317,0.49445,0.48712,0.4798,0.47249,0.46519,0.45789,0.45063,0.44338,0.43616,0.42895,0.4218,0.41472,0.40772,0.40082,0.39401,0.3873,0.38069,0.37418,0.36778,0.36148
GEO,0.44962,0.45201,0.45441,0.4568,0.4592,0.46159,0.464,0.4664,0.4688,0.47121,0.47362,0.47602,0.47559,0.4717,0.46782,0.46395,0.46008,0.45621,0.45235,0.4485,0.44465,0.44081,0.43697,0.43315,0.42933,0.42552,0.42163,0.41769,0.41368,0.40961,0.40547,0.40128,0.39703
DEU,0.26882,0.26731,0.2664,0.26503,0.2629,0.26078,0.25867,0.25658,0.25449,0.25242,0.25035,0.2483,0.24626,0.24423,0.24221,0.2402,0.23821,0.23622,0.23425,0.23229,0.23034,0.2284,0.2283,0.2282,0.2281,0.228,0.22776,0.22739,0.22688,0.22624,0.22547,0.22456,0.22352
GHA,0.63559,0.6283,0.62095,0.61356,0.6061,0.5986,0.59104,0.58346,0.57582,0.56816,0.56071,0.55399,0.54725,0.54049,0.5337,0.52692,0.52012,0.51331,0.50649,0.49969,0.49287,0.48606,0.47927,0.47252,0.46581,0.45914,0.45251,0.44593,0.4394,0.43293,0.42651,0.42015,0.41385
GIB,0,0,0,0,0,0,0,0,0,0,0,0,0,0,0,0,0,0,0,0,0,0,0,0,0,0,0,0,0,0,0,0,0
GRC,0.28533,0.28365,0.28243,0.28122,0.28002,0.27881,0.27761,0.27642,0.27522,0.27403,0.27284,0.27087,0.26697,0.26311,0.25927,0.25548,0.25173,0.24801,0.24432,0.24068,0.23708,0.23351,0.22996,0.22645,0.22298,0.21954,0.21613,0.21276,0.20942,0.20612,0.20285,0.19962,0.19643
GRD,0.66573,0.66497,0.66256,0.66015,0.65773,0.6553,0.65286,0.65041,0.64796,0.6455,0.64302,0.64081,0.64087,0.64093,0.64099,0.64105,0.64111,0.64117,0.64123,0.64129,0.64135,0.64141,0.64131,0.64104,0.64062,0.64003,0.63928,0.63836,0.63728,0.63604,0.63463,0.63306,0.63132
GLP,NaN,NaN,NaN,NaN,NaN,NaN,NaN,NaN,NaN,NaN,NaN,NaN,NaN,NaN,NaN,NaN,NaN,NaN,NaN,NaN,NaN,NaN,NaN,NaN,NaN,NaN,NaN,NaN,NaN,NaN,NaN,NaN,NaN
GUM,0.09204,0.08939,0.0868,0.08429,0.08184,0.07945,0.07713,0.07487,0.07267,0.07054,0.06871,0.06767,0.06666,0.06565,0.06466,0.06369,0.06273,0.06178,0.06084,0.05992,0.05901,0.05812,0.05723,0.05636,0.05551,0.05466,0.05383,0.05301,0.0522,0.05141,0.05062,0.04985,0.04909
GTM,0.58008,0.57677,0.57345,0.57013,0.5668,0.56346,0.56011,0.55677,0.55341,0.55005,0.54668,0.54332,0.53995,0.53682,0.53384,0.53087,0.5279,0.52492,0.52193,0.51896,0.51597,0.51299,0.51,0.50689,0.50366,0.50029,0.49681,0.4932,0.48946,0.48561,0.48164,0.47755,0.47334
GGY,NaN,NaN,NaN,NaN,NaN,NaN,NaN,NaN,NaN,NaN,NaN,NaN,NaN,NaN,NaN,NaN,NaN,NaN,NaN,NaN,NaN,NaN,NaN,NaN,NaN,NaN,NaN,NaN,NaN,NaN,NaN,NaN,NaN
GIN,0.71974,0.71688,0.71399,0.7111,0.70818,0.70525,0.7023,0.69948,0.69677,0.69405,0.69131,0.68856,0.6858,0.68302,0.68023,0.67743,0.67461,0.67178,0.66894,0.66609,0.66322,0.66034,0.65745,0.65455,0.65164,0.64859,0.6454,0.64207,0.6386,0.635,0.63125,0.62736,0.62332
GNB,0.6917,0.6761,0.66729,0.66365,0.65998,0.65629,0.65258,0.64886,0.64512,0.64135,0.63757,0.63378,0.62996,0.62613,0.62228,0.61843,0.61455,0.61066,0.60675,0.60284,0.59889,0.59492,0.59092,0.5869,0.58285,0.57877,0.57467,0.57055,0.5664,0.56223,0.55804,0.55383,0.54959
GUY,0.70417,0.70507,0.70596,0.70685,0.70774,0.70863,0.70952,0.71041,0.71129,0.71218,0.71306,0.71394,0.71482,0.71693,0.71936,0.72178,0.72418,0.72657,0.72895,0.73131,0.73366,0.736,0.736,0.736,0.73586,0.73559,0.73518,0.73462,0.73394,0.73311,0.73214,0.73103,0.72978
HTI,0.7149,0.70359,0.692,0.6861,0.68013,0.6741,0.668,0.66208,0.65611,0.65008,0.644,0.62749,0.61065,0.59355,0.58321,0.57362,0.56396,0.55426,0.54449,0.53472,0.52491,0.51508,0.50523,0.4954,0.48556,0.47573,0.46604,0.45654,0.44722,0.43808,0.42912,0.42036,0.4118
VAT,NaN,NaN,NaN,NaN,NaN,NaN,NaN,NaN,NaN,NaN,NaN,NaN,NaN,NaN,NaN,NaN,NaN,NaN,NaN,NaN,NaN,NaN,NaN,NaN,NaN,NaN,NaN,NaN,NaN,NaN,NaN,NaN,NaN
HND,0.5954,0.59047,0.58552,0.58057,0.57559,0.57059,0.56558,0.56056,0.55553,0.55048,0.54542,0.54036,0.5339,0.52733,0.52073,0.51415,0.50755,0.50095,0.49434,0.48775,0.48115,0.47457,0.46798,0.46142,0.45486,0.44835,0.44187,0.43543,0.42904,0.4227,0.41641,0.41018,0.404
HUN,0.34162,0.34287,0.34413,0.34539,0.34665,0.34791,0.34917,0.35044,0.35171,0.35298,0.35425,0.3533,0.34919,0.34511,0.34104,0.33635,0.33105,0.32579,0.32057,0.3154,0.31089,0.30642,0.30322,0.30047,0.29773,0.295,0.29221,0.28938,0.28649,0.28356,0.28058,0.27755,0.27448
ISL,0.0925,0.09068,0.08888,0.08713,0.0854,0.0837,0.08203,0.0804,0.07879,0.07733,0.07599,0.07468,0.07338,0.07211,0.07086,0.06963,0.06841,0.06722,0.06605,0.06489,0.06426,0.06413,0.064,0.06367,0.06333,0.063,0.06265,0.06227,0.06187,0.06145,0.06102,0.06056,0.06008
IND,0.74453,0.74222,0.74016,0.73809,0.73601,0.73393,0.73183,0.72972,0.7276,0.72547,0.72333,0.72082,0.71756,0.71428,0.71097,0.70765,0.70431,0.70094,0.69754,0.69413,0.6907,0.68724,0.68366,0.67997,0.67616,0.67223,0.66818,0.664,0.6597,0.65528,0.65074,0.64607,0.64128
IDN,0.69416,0.68387,0.67297,0.66192,0.65067,0.63924,0.62765,0.61594,0.60407,0.59208,0.57998,0.57217,0.56432,0.55644,0.54851,0.54058,0.53262,0.52465,0.51665,0.50866,0.50086,0.49405,0.48724,0.48045,0.47365,0.46687,0.46011,0.45341,0.44675,0.44015,0.43359,0.4271,0.42066
IRN,0.4367,0.43135,0.42347,0.41481,0.4062,0.39764,0.38913,0.38147,0.37412,0.36682,0.35958,0.35242,0.34532,0.33828,0.33131,0.32442,0.31761,0.31136,0.30542,0.29955,0.29374,0.288,0.28245,0.27705,0.2717,0.26642,0.2612,0.25606,0.25102,0.24609,0.24126,0.23655,0.23193
IRQ,0.30294,0.30478,0.30663,0.30848,0.31034,0.3122,0.31407,0.31595,0.31612,0.31558,0.31504,0.3145,0.31396,0.31342,0.31288,0.31234,0.31181,0.31127,0.31073,0.3102,0.30897,0.30732,0.30568,0.30405,0.30242,0.30079,0.29906,0.29722,0.29527,0.29322,0.29107,0.28881,0.28646
IRL,0.43071,0.42927,0.42707,0.42488,0.42269,0.42051,0.41827,0.41581,0.41336,0.4109,0.40845,0.40601,0.40351,0.40075,0.39798,0.39523,0.39262,0.3906,0.38859,0.38658,0.38458,0.38258,0.38058,0.37859,0.3766,0.37462,0.37263,0.37053,0.3683,0.36595,0.36347,0.36088,0.35817
IMN,0.48254,0.48255,0.48246,0.48236,0.48227,0.48217,0.48208,0.482,0.48192,0.48185,0.48177,0.48167,0.48149,0.48131,0.48113,0.48095,0.48078,0.4806,0.48042,0.48024,0.48006,0.47988,0.47954,0.47904,0.47838,0.47755,0.47657,0.47542,0.47412,0.47265,0.47102,0.46924,0.46729
ISR,0.09641,0.09537,0.09435,0.09334,0.09233,0.09134,0.09057,0.08991,0.08926,0.08861,0.08797,0.08733,0.0867,0.08607,0.08544,0.08482,0.0842,0.08359,0.08298,0.08237,0.08174,0.08108,0.0804,0.07969,0.07896,0.07821,0.07744,0.07664,0.07582,0.07499,0.07413,0.07326,0.07237
ITA,0.33274,0.33294,0.33258,0.33198,0.33138,0.33078,0.33018,0.32958,0.32898,0.32838,0.32778,0.32718,0.32618,0.32499,0.3238,0.32262,0.32144,0.32026,0.31908,0.31791,0.31673,0.31556,0.31316,0.31021,0.30728,0.30435,0.30145,0.29856,0.29562,0.29264,0.28961,0.28654,0.28343
JAM,0.50556,0.50344,0.50104,0.49864,0.49625,0.49385,0.49145,0.48905,0.48665,0.48426,0.48186,0.47947,0.47749,0.47563,0.47375,0.47189,0.47002,0.46816,0.46629,0.46443,0.46257,0.4607,0.45868,0.4565,0.45416,0.45167,0.44902,0.44622,0.44326,0.44015,0.43689,0.43348,0.42992
JPN,0.22661,0.22527,0.2239,0.22254,0.22119,0.21984,0.21855,0.21728,0.21602,0.21477,0.21351,0.2001,0.18353,0.16804,0.1536,0.14022,0.12882,0.11854,0.10897,0.10011,0.09188,0.08931,0.08852,0.08774,0.08696,0.08619,0.08543,0.08465,0.08384,0.08302,0.08218,0.08133,0.08045
JEY,NaN,NaN,NaN,NaN,NaN,NaN,NaN,NaN,NaN,NaN,NaN,NaN,NaN,NaN,NaN,NaN,NaN,NaN,NaN,NaN,NaN,NaN,NaN,NaN,NaN,NaN,NaN,NaN,NaN,NaN,NaN,NaN,NaN
JOR,0.26709,0.25545,0.24414,0.2332,0.2226,0.21793,0.2178,0.21768,0.21755,0.21742,0.2173,0.21717,0.21704,0.21692,0.21679,0.20515,0.1903,0.17629,0.16308,0.15072,0.13912,0.12828,0.11815,0.10875,0.1,0.09744,0.09494,0.09253,0.09021,0.08797,0.08582,0.08374,0.08173
KAZ,0.43734,0.43825,0.43917,0.44008,0.441,0.44079,0.44057,0.44036,0.44014,0.43975,0.43902,0.43829,0.43756,0.43683,0.4361,0.43537,0.43464,0.43391,0.43318,0.43245,0.43173,0.431,0.43027,0.42954,0.42882,0.42809,0.42736,0.42664,0.42572,0.4246,0.42329,0.42179,0.4201
KEN,0.83252,0.82957,0.82658,0.82355,0.82048,0.81737,0.81421,0.81102,0.80778,0.8045,0.80108,0.79761,0.79409,0.79052,0.7869,0.78325,0.77955,0.7758,0.772,0.76817,0.76429,0.76031,0.75624,0.75206,0.74779,0.74342,0.73895,0.73438,0.7297,0.72493,0.72005,0.71507,0.70998
KIR,0.65013,0.64728,0.64445,0.64161,0.63877,0.63591,0.62614,0.61248,0.59862,0.5846,0.57042,0.56527,0.56508,0.56488,0.56468,0.56449,0.5597,0.55134,0.54294,0.53453,0.5261,0.51765,0.50918,0.50073,0.49227,0.48381,0.4755,0.46738,0.45943,0.45165,0.44406,0.43665,0.42942
KWT,0.02026,0.02012,0.01998,0.01984,0.01971,0.01904,0.01675,0.01473,0.01295,0.01138,0.01,0.00092,0,0,0,0,0,0,0,0,0,0,0,0,0,0,0,0,0,0,0,0,0
KGZ,0.62223,0.6251,0.62797,0.63082,0.63367,0.63651,0.63934,0.64215,0.64496,0.647,0.64702,0.64704,0.64705,0.64707,0.64708,0.6471,0.64711,0.64713,0.64715,0.64716,0.64694,0.64648,0.64577,0.64483,0.64365,0.64223,0.64056,0.63865,0.63649,0.63409,0.63144,0.62854,0.62539
LAO,0.84563,0.84218,0.83867,0.8351,0.83146,0.82622,0.81766,0.8088,0.79961,0.79009,0.78023,0.77007,0.75956,0.74874,0.73758,0.72814,0.72252,0.71684,0.71107,0.70525,0.69936,0.6934,0.68736,0.68128,0.67513,0.66892,0.66264,0.65632,0.64996,0.64355,0.6371,0.63061,0.62408
LVA,0.3075,0.30799,0.31148,0.31201,0.31099,0.3125,0.3135,0.314,0.31549,0.3178,0.31933,0.3205,0.3215,0.322,0.321,0.32,0.32033,0.321,0.32166,0.32186,0.32159,0.32131,0.32103,0.32075,0.32048,0.3202,0.31979,0.31925,0.31858,0.31778,0.31685,0.31579,0.3146
LBN,0.1688,0.16528,0.16182,0.15843,0.15509,0.1518,0.14858,0.14541,0.1423,0.14115,0.14,0.13882,0.1376,0.13634,0.13506,0.13373,0.13238,0.13099,0.12958,0.12813,0.12666,0.12516,0.12364,0.1221,0.12053,0.11894,0.11734,0.11571,0.11407,0.11242,0.11075,0.10907,0.10738
LSO,0.86033,0.85473,0.84894,0.84297,0.83681,0.83045,0.82429,0.81951,0.81462,0.80962,0.80452,0.79933,0.79403,0.78863,0.78311,0.77751,0.7718,0.76696,0.76204,0.75707,0.75202,0.7469,0.74296,0.73899,0.73498,0.73092,0.72683,0.7227,0.71847,0.71415,0.70972,0.7052,0.70057
LBR,0.44578,0.42,0.44981,0.47991,0.51019,0.5404,0.57036,0.56696,0.56354,0.56012,0.55669,0.55327,0.54983,0.54639,0.54294,0.53949,0.53604,0.53258,0.52912,0.52555,0.52187,0.51807,0.51417,0.51015,0.50603,0.5018,0.49746,0.49303,0.48849,0.48385,0.47911,0.47427,0.46935
LBY,0.24277,0.24223,0.24168,0.24114,0.2406,0.24006,0.23952,0.23886,0.23807,0.23716,0.23613,0.23498,0.23371,0.23232,0.23081,0.2292,0.22747,0.22563,0.22368,0.22163,0.21948,0.21723,0.21488,0.21244,0.20991,0.2073,0.2046,0.20183,0.19898,0.19607,0.19309,0.19006,0.18698
LIE,0.83072,0.83179,0.83264,0.83349,0.83434,0.83518,0.8371,0.84006,0.84298,0.84586,0.8487,0.85038,0.85094,0.8515,0.85205,0.85261,0.85316,0.85371,0.85426,0.85481,0.85536,0.8559,0.85633,0.85666,0.85687,0.85697,0.85697,0.85685,0.85662,0.85629,0.85584,0.85529,0.85462
LTU,0.32417,0.32477,0.32536,0.32596,0.32655,0.32715,0.32775,0.32834,0.32894,0.32954,0.33014,0.33081,0.33172,0.33263,0.33354,0.33365,0.33294,0.33223,0.33152,0.33158,0.33243,0.33259,0.33136,0.33014,0.32892,0.3277,0.32634,0.32484,0.32321,0.32145,0.31954,0.31751,0.31535
LUX,0.19053,0.1887,0.18472,0.18143,0.17518,0.17107,0.17175,0.17221,0.17107,0.16552,0.15784,0.15157,0.14701,0.14257,0.13823,0.13402,0.12991,0.12591,0.122,0.11822,0.11453,0.11094,0.10751,0.10426,0.10116,0.09821,0.0954,0.09273,0.09019,0.08777,0.08547,0.08328,0.08119
MDG,0.76434,0.75881,0.75319,0.74749,0.74464,0.74204,0.73942,0.73679,0.73414,0.73147,0.72879,0.72609,0.72337,0.72064,0.71789,0.71186,0.70575,0.69957,0.6933,0.68699,0.68062,0.6742,0.66773,0.66122,0.65466,0.64807,0.64144,0.63478,0.62809,0.62139,0.61466,0.60793,0.60118
MWI,0.8844,0.88115,0.87782,0.87442,0.87093,0.86737,0.86371,0.85998,0.85616,0.85478,0.8539,0.85302,0.85214,0.85125,0.85036,0.84946,0.84856,0.84765,0.84674,0.84571,0.84456,0.84328,0.84188,0.84034,0.83868,0.83687,0.83494,0.83286,0.83063,0.82826,0.82573,0.82305,0.8202
MYS,0.50206,0.49424,0.48186,0.46891,0.45598,0.44312,0.43031,0.41763,0.40504,0.39258,0.38023,0.37078,0.36144,0.3522,0.34306,0.33406,0.32517,0.3164,0.30775,0.29925,0.29088,0.28391,0.27725,0.2707,0.26423,0.25787,0.2516,0.24553,0.23964,0.23393,0.2284,0.22304,0.21786
MDV,0.7416,0.74224,0.74287,0.74351,0.74414,0.74362,0.73992,0.73621,0.73245,0.72866,0.72294,0.71141,0.69958,0.68748,0.6751,0.6625,0.65206,0.648,0.6439,0.63979,0.63566,0.63151,0.62733,0.62315,0.61894,0.61471,0.61046,0.6062,0.60192,0.59762,0.59331,0.58898,0.58464
MLI,0.76678,0.76249,0.75814,0.75376,0.74931,0.74481,0.74025,0.73566,0.73052,0.72354,0.71644,0.70925,0.70194,0.69453,0.687,0.6794,0.67168,0.66388,0.65597,0.648,0.64001,0.63201,0.62401,0.61602,0.60804,0.60009,0.59217,0.58428,0.57644,0.56864,0.56091,0.55323,0.54563
MLT,0.09619,0.09503,0.09389,0.09277,0.09165,0.09054,0.08819,0.08508,0.08207,0.07915,0.07632,0.07359,0.07095,0.0684,0.06593,0.06355,0.06216,0.06143,0.06071,0.05999,0.05928,0.05859,0.05789,0.05721,0.05653,0.05586,0.0552,0.05454,0.05388,0.05322,0.05256,0.0519,0.05125
MHL,0.34946,0.34608,0.34272,0.33937,0.33604,0.33273,0.32942,0.32615,0.32288,0.31947,0.3142,0.30899,0.30382,0.2987,0.29363,0.28862,0.28365,0.27874,0.27387,0.26907,0.26432,0.25962,0.25502,0.25054,0.24616,0.24189,0.23772,0.23366,0.22969,0.22583,0.22206,0.21838,0.2148
MTQ,NaN,NaN,NaN,NaN,NaN,NaN,NaN,NaN,NaN,NaN,NaN,NaN,NaN,NaN,NaN,NaN,NaN,NaN,NaN,NaN,NaN,NaN,NaN,NaN,NaN,NaN,NaN,NaN,NaN,NaN,NaN,NaN,NaN
MRT,0.60677,0.60801,0.60925,0.61048,0.61171,0.61295,0.61418,0.61541,0.61663,0.61786,0.61909,0.61384,0.6052,0.59649,0.58771,0.57889,0.57002,0.5611,0.55212,0.54314,0.53412,0.52507,0.516,0.50694,0.49797,0.48911,0.48038,0.47176,0.46328,0.45493,0.44673,0.43867,0.43077
MUS,0.561,0.56223,0.56347,0.5647,0.56593,0.56716,0.56839,0.56962,0.57084,0.57207,0.5733,0.57441,0.57553,0.57665,0.57777,0.57888,0.58,0.58111,0.58223,0.58334,0.58445,0.58556,0.58668,0.58778,0.58889,0.59,0.5909,0.59159,0.59207,0.59234,0.5924,0.59225,0.5919
MYT,NaN,NaN,NaN,NaN,NaN,NaN,NaN,NaN,NaN,NaN,NaN,NaN,NaN,NaN,NaN,NaN,NaN,NaN,NaN,NaN,NaN,NaN,NaN,NaN,NaN,NaN,NaN,NaN,NaN,NaN,NaN,NaN,NaN
MEX,0.28581,0.28184,0.27791,0.27402,0.27015,0.26632,0.2633,0.26071,0.25814,0.25559,0.25278,0.24955,0.24635,0.24318,0.24003,0.23692,0.23384,0.2308,0.22778,0.2248,0.22185,0.21889,0.21595,0.21301,0.21007,0.20715,0.20423,0.20133,0.19844,0.19556,0.19269,0.18984,0.187
FSM,0.74182,0.74248,0.74314,0.7438,0.74446,0.74932,0.75527,0.76111,0.76686,0.77251,0.7767,0.7767,0.7767,0.7767,0.7767,0.7767,0.77676,0.77683,0.77689,0.77695,0.77702,0.77695,0.77676,0.77645,0.77601,0.77544,0.77474,0.77392,0.77297,0.77188,0.77067,0.76932,0.76783
MCO,0,0,0,0,0,0,0,0,0,0,0,0,0,0,0,0,0,0,0,0,0,0,0,0,0,0,0,0,0,0,0,0,0
MNG,0.42967,0.43013,0.43058,0.43104,0.43149,0.43195,0.4324,0.43286,0.43331,0.43377,0.42867,0.41778,0.40696,0.39622,0.38557,0.37506,0.36465,0.35436,0.34419,0.3342,0.32433,0.32037,0.3197,0.31903,0.31837,0.3177,0.31703,0.31637,0.31555,0.31457,0.31343,0.31215,0.3107
MNE,0.51963,0.50835,0.49782,0.48733,0.47683,0.46635,0.45588,0.44549,0.43512,0.42482,0.41456,0.40441,0.39432,0.38432,0.37873,0.37535,0.37197,0.36861,0.36525,0.36192,0.3586,0.35528,0.35196,0.34863,0.34529,0.34194,0.33859,0.33523,0.33187,0.3285,0.32512,0.32174,0.31836
MSR,NaN,NaN,NaN,NaN,NaN,NaN,NaN,NaN,NaN,NaN,NaN,NaN,NaN,NaN,NaN,NaN,NaN,NaN,NaN,NaN,NaN,NaN,NaN,NaN,NaN,NaN,NaN,NaN,NaN,NaN,NaN,NaN,NaN
MAR,0.51609,0.50883,0.50156,0.49431,0.48705,0.48308,0.47978,0.4765,0.47322,0.46993,0.46665,0.46338,0.4601,0.45683,0.45356,0.44826,0.44254,0.43683,0.43114,0.42548,0.41982,0.41419,0.40858,0.403,0.39744,0.39191,0.3864,0.38092,0.37547,0.37006,0.36468,0.35935,0.35404
MOZ,0.75,0.74513,0.7402,0.73521,0.73016,0.72505,0.71987,0.71465,0.71258,0.7108,0.70902,0.70723,0.70543,0.70363,0.70182,0.70001,0.69818,0.69636,0.69168,0.68672,0.6817,0.67664,0.67154,0.6664,0.66122,0.656,0.65074,0.64545,0.64012,0.63472,0.62926,0.62372,0.61813
MMR,0.74757,0.74582,0.74407,0.74231,0.74054,0.73876,0.73697,0.73518,0.73337,0.73157,0.72975,0.72792,0.72609,0.72425,0.7224,0.72054,0.71868,0.71681,0.71493,0.71305,0.71115,0.70925,0.70734,0.70543,0.7035,0.70142,0.69918,0.69678,0.69421,0.69148,0.68859,0.68552,0.68229
NAM,0.72344,0.72081,0.71664,0.71177,0.70684,0.70187,0.69684,0.69177,0.68665,0.68149,0.67627,0.67102,0.66234,0.65291,0.64334,0.63368,0.6239,0.61402,0.60403,0.59399,0.58384,0.57363,0.56307,0.55244,0.54174,0.531,0.52039,0.50995,0.49968,0.48958,0.47967,0.46995,0.46044
NRU,0,0,0,0,0,0,0,0,0,0,0,0,0,0,0,0,0,0,0,0,0,0,0,0,0,0,0,0,0,0,0,0,0
NPL,0.91146,0.9082,0.90418,0.90001,0.89567,0.89117,0.8865,0.88166,0.87664,0.87143,0.86603,0.86053,0.8576,0.85462,0.85159,0.84851,0.84538,0.84219,0.83895,0.83566,0.83232,0.82892,0.82542,0.82185,0.81818,0.81443,0.81058,0.80664,0.8026,0.79847,0.79424,0.78992,0.78549
NLD,0.31316,0.30671,0.29777,0.289,0.28038,0.27191,0.2636,0.25547,0.2475,0.2397,0.23205,0.2217,0.20887,0.19659,0.18486,0.1737,0.16364,0.15461,0.14598,0.13712,0.12866,0.12121,0.11412,0.10813,0.1031,0.09827,0.09365,0.08923,0.0851,0.08124,0.07764,0.07428,0.07114
NCL,0.40423,0.40281,0.40138,0.39996,0.39854,0.39712,0.39525,0.39162,0.38801,0.38441,0.38081,0.37724,0.37368,0.37013,0.36659,0.36035,0.35362,0.34694,0.34031,0.33376,0.32898,0.32435,0.31976,0.31521,0.31069,0.30621,0.30179,0.29744,0.29317,0.28896,0.28482,0.28075,0.27675
NZL,0.15258,0.1505,0.14897,0.14746,0.14596,0.14447,0.143,0.14219,0.14139,0.14059,0.13979,0.139,0.13839,0.13779,0.13719,0.13659,0.136,0.1366,0.1372,0.1378,0.1384,0.139,0.13839,0.13779,0.13719,0.13659,0.136,0.13534,0.13462,0.13385,0.13301,0.13211,0.13116
NIC,0.46925,0.46648,0.4637,0.46093,0.45817,0.45563,0.45413,0.45263,0.45114,0.44964,0.44815,0.44665,0.44516,0.44367,0.44218,0.44065,0.43868,0.43672,0.43475,0.43279,0.43083,0.42887,0.42691,0.42495,0.423,0.42105,0.4191,0.41701,0.41478,0.4124,0.40988,0.40723,0.40444
NER,0.84632,0.84551,0.84471,0.8439,0.84309,0.84227,0.84145,0.84063,0.8398,0.83897,0.83814,0.8374,0.83745,0.83749,0.83753,0.83758,0.83762,0.83766,0.83771,0.83775,0.83779,0.83784,0.83788,0.83792,0.83781,0.83753,0.8371,0.8365,0.83575,0.83483,0.83374,0.83249,0.83106
NGA,0.7032,0.69824,0.69323,0.68818,0.68309,0.67795,0.67275,0.66753,0.66227,0.65696,0.6516,0.64331,0.63492,0.62644,0.61788,0.60926,0.60057,0.59181,0.58298,0.57412,0.5652,0.55634,0.54754,0.53882,0.53018,0.52162,0.51317,0.50481,0.49656,0.48843,0.48042,0.47254,0.46479
NIU,NaN,NaN,NaN,NaN,NaN,NaN,NaN,NaN,NaN,NaN,NaN,NaN,NaN,NaN,NaN,NaN,NaN,NaN,NaN,NaN,NaN,NaN,NaN,NaN,NaN,NaN,NaN,NaN,NaN,NaN,NaN,NaN,NaN
MKD,0.42211,0.41766,0.41236,0.40709,0.40206,0.40413,0.4062,0.40828,0.41035,0.41243,0.41452,0.41661,0.4187,0.42079,0.42289,0.42468,0.42617,0.42736,0.42825,0.42883,0.42911,0.42908,0.42875,0.42811,0.42716,0.42592,0.42437,0.42252,0.42037,0.41792,0.41518,0.41214,0.40882
MNP,0.10269,0.10303,0.10338,0.10373,0.10408,0.10443,0.10345,0.10216,0.10088,0.09962,0.09848,0.09765,0.09684,0.09602,0.09522,0.09442,0.09362,0.09284,0.09205,0.09128,0.09051,0.08972,0.08892,0.0881,0.08727,0.08643,0.08557,0.0847,0.08382,0.08292,0.08202,0.0811,0.08017
NOR,0.28044,0.27735,0.27335,0.26939,0.26547,0.26213,0.25938,0.25524,0.24973,0.24431,0.2398,0.23622,0.23267,0.22916,0.22601,0.22325,0.2205,0.21766,0.21474,0.21185,0.20898,0.20545,0.20126,0.19714,0.19308,0.18909,0.18515,0.18129,0.17752,0.17384,0.17026,0.16677,0.16336
OMN,0.33898,0.32204,0.30553,0.28956,0.28312,0.28331,0.28351,0.28371,0.28391,0.28411,0.28431,0.28451,0.28471,0.28491,0.28173,0.276,0.27033,0.26473,0.2592,0.25376,0.24839,0.23817,0.22436,0.21118,0.19855,0.1865,0.175,0.1644,0.15461,0.14557,0.13724,0.12956,0.1225
PAK,0.69424,0.69174,0.68923,0.68671,0.68418,0.68164,0.67908,0.67652,0.67415,0.67217,0.67018,0.6682,0.6662,0.6642,0.66219,0.66018,0.65816,0.65613,0.6541,0.65207,0.65003,0.64798,0.64592,0.64387,0.64181,0.63974,0.63766,0.63558,0.63334,0.63093,0.62835,0.6256,0.62269
PLW,0.30407,0.30034,0.29663,0.29296,0.28931,0.28569,0.28694,0.28934,0.29175,0.29418,0.29662,0.29907,0.30153,0.304,0.29617,0.28848,0.2809,0.27345,0.26611,0.25891,0.25183,0.24489,0.23806,0.23138,0.22483,0.21841,0.21225,0.20635,0.2007,0.1953,0.19012,0.18517,0.18044
PAN,0.46097,0.45243,0.44391,0.43544,0.42699,0.41859,0.41022,0.40193,0.39368,0.38549,0.37802,0.37503,0.37206,0.36909,0.36613,0.36318,0.36024,0.35732,0.3544,0.35149,0.3486,0.34563,0.34259,0.33948,0.33629,0.33304,0.32973,0.32635,0.32291,0.31941,0.31586,0.31225,0.30859
PNG,0.85006,0.85184,0.85371,0.85555,0.85738,0.85919,0.86099,0.86276,0.86451,0.86625,0.86796,0.86818,0.86836,0.86854,0.86873,0.86891,0.86909,0.86927,0.86945,0.86963,0.86981,0.87,0.87018,0.87022,0.87012,0.86988,0.8695,0.86898,0.86831,0.8675,0.86655,0.86544,0.86418
PRY,0.51306,0.50561,0.49814,0.49156,0.48512,0.47869,0.47226,0.46586,0.45946,0.45307,0.44669,0.44034,0.434,0.43023,0.42695,0.42367,0.4204,0.41714,0.41388,0.41063,0.40739,0.40416,0.40093,0.39803,0.39526,0.3925,0.38974,0.387,0.38415,0.38121,0.37817,0.37504,0.37182
PER,0.31099,0.307,0.30303,0.29911,0.29479,0.29049,0.28623,0.28202,0.27784,0.27369,0.26958,0.26552,0.2615,0.25751,0.25356,0.24966,0.24579,0.24197,0.23948,0.23759,0.2357,0.23383,0.23196,0.23011,0.22827,0.22643,0.22461,0.2228,0.22093,0.21901,0.21703,0.215,0.21292
PHL,0.53014,0.53099,0.53185,0.5327,0.53355,0.5344,0.53525,0.5361,0.53695,0.5378,0.53865,0.5395,0.54035,0.5412,0.54205,0.5429,0.54375,0.5446,0.54545,0.54629,0.54668,0.54478,0.54288,0.54097,0.53907,0.53716,0.53525,0.53318,0.53093,0.52851,0.52592,0.52316,0.52023
POL,0.3873,0.38685,0.38641,0.38596,0.38551,0.38507,0.38462,0.38417,0.38373,0.38328,0.38284,0.38239,0.38213,0.38324,0.38436,0.38548,0.38659,0.38771,0.38884,0.38996,0.39108,0.3922,0.39346,0.39471,0.39597,0.39722,0.39822,0.39895,0.39942,0.39963,0.39957,0.39925,0.39866
PRT,0.52085,0.51531,0.5087,0.50211,0.49551,0.48891,0.4823,0.47572,0.46914,0.46257,0.45601,0.44956,0.44334,0.43713,0.43093,0.42478,0.41863,0.41251,0.40641,0.40036,0.39433,0.38833,0.38237,0.37648,0.37064,0.36486,0.35914,0.35348,0.34789,0.34236,0.3369,0.33151,0.32619
PRI,0.07058,0.06894,0.06733,0.06576,0.06422,0.06271,0.06124,0.0598,0.05839,0.05702,0.05613,0.05667,0.05722,0.05776,0.05832,0.05888,0.05944,0.06001,0.06058,0.06116,0.06175,0.06227,0.06274,0.06314,0.06349,0.06376,0.06398,0.06413,0.06422,0.06424,0.06419,0.06408,0.0639
QAT,0.07214,0.06709,0.06237,0.05797,0.05386,0.05002,0.04644,0.04341,0.04112,0.03895,0.03689,0.03494,0.03308,0.03132,0.0291,0.02604,0.02329,0.02083,0.01861,0.01664,0.01499,0.01398,0.01303,0.01215,0.01132,0.01055,0.00985,0.00922,0.00865,0.00812,0.00765,0.00722,0.00682
KOR,0.26156,0.25028,0.2418,0.23355,0.22548,0.21761,0.21338,0.21095,0.20855,0.20616,0.20379,0.2006,0.19701,0.19348,0.18998,0.18655,0.18472,0.18369,0.18267,0.18165,0.18064,0.18077,0.18149,0.18221,0.18293,0.18366,0.18438,0.18497,0.18541,0.1857,0.18586,0.18586,0.18573
MDA,0.53238,0.53331,0.53425,0.53519,0.53613,0.53706,0.538,0.54203,0.54606,0.55008,0.55411,0.55811,0.56211,0.56611,0.5701,0.57225,0.57256,0.57287,0.57318,0.57349,0.5738,0.57411,0.57442,0.57473,0.57504,0.5751,0.57489,0.57443,0.57371,0.57274,0.57151,0.57002,0.56827
REU,NaN,NaN,NaN,NaN,NaN,NaN,NaN,NaN,NaN,NaN,NaN,NaN,NaN,NaN,NaN,NaN,NaN,NaN,NaN,NaN,NaN,NaN,NaN,NaN,NaN,NaN,NaN,NaN,NaN,NaN,NaN,NaN,NaN
ROU,0.46783,0.4607,0.45773,0.45926,0.46078,0.46231,0.46384,0.46537,0.46689,0.46842,0.46996,0.47148,0.4722,0.47088,0.46957,0.46826,0.46695,0.46564,0.46433,0.46302,0.46171,0.4604,0.46026,0.46063,0.461,0.46113,0.461,0.46064,0.46002,0.45916,0.45806,0.45671,0.45511
RUS,0.26606,0.26611,0.26615,0.26619,0.26624,0.26628,0.26633,0.26637,0.26641,0.26646,0.2665,0.26654,0.26659,0.26627,0.26582,0.26537,0.26492,0.26447,0.26402,0.26358,0.26313,0.26268,0.26209,0.26137,0.2605,0.2595,0.25836,0.25708,0.25567,0.25413,0.25246,0.25066,0.24874
RWA,0.94584,0.94509,0.93712,0.92687,0.9151,0.90163,0.88626,0.87534,0.86756,0.85936,0.85074,0.84171,0.83223,0.83096,0.83092,0.83088,0.83083,0.83079,0.83075,0.8307,0.83066,0.83062,0.83057,0.83053,0.83033,0.82996,0.82944,0.82875,0.82789,0.82687,0.82568,0.82432,0.82279
BLM,NaN,NaN,NaN,NaN,NaN,NaN,NaN,NaN,NaN,NaN,NaN,NaN,NaN,NaN,NaN,NaN,NaN,NaN,NaN,NaN,NaN,NaN,NaN,NaN,NaN,NaN,NaN,NaN,NaN,NaN,NaN,NaN,NaN
SHN,NaN,NaN,NaN,NaN,NaN,NaN,NaN,NaN,NaN,NaN,NaN,NaN,NaN,NaN,NaN,NaN,NaN,NaN,NaN,NaN,NaN,NaN,NaN,NaN,NaN,NaN,NaN,NaN,NaN,NaN,NaN,NaN,NaN
KNA,0.65391,0.65526,0.65717,0.65907,0.66096,0.66285,0.66474,0.66661,0.66849,0.67035,0.67222,0.67402,0.67545,0.67688,0.6783,0.67972,0.68114,0.68256,0.68397,0.68537,0.68678,0.68818,0.68938,0.69036,0.69115,0.69173,0.6921,0.69227,0.69224,0.69201,0.69157,0.69094,0.69009
LCA,0.70651,0.70428,0.70631,0.70833,0.71035,0.71235,0.71435,0.71634,0.71832,0.72029,0.72226,0.72527,0.73671,0.74784,0.75867,0.76915,0.77932,0.78916,0.79869,0.80787,0.8155,0.8155,0.8155,0.81539,0.81518,0.81485,0.81442,0.81388,0.81322,0.81246,0.81159,0.8106,0.8095
MAF,NaN,NaN,NaN,NaN,NaN,NaN,NaN,NaN,NaN,NaN,NaN,NaN,NaN,NaN,NaN,NaN,NaN,NaN,NaN,NaN,NaN,NaN,NaN,NaN,NaN,NaN,NaN,NaN,NaN,NaN,NaN,NaN,NaN
VCT,0.58591,0.58051,0.57694,0.57337,0.56979,0.5662,0.56259,0.559,0.55539,0.55177,0.54814,0.54452,0.54086,0.53717,0.53344,0.52968,0.52588,0.52206,0.5182,0.51431,0.51039,0.50644,0.50246,0.49846,0.49442,0.49036,0.48627,0.48216,0.47802,0.47386,0.46968,0.46548,0.46125
WSM,0.788,0.788,0.78742,0.78653,0.78564,0.78474,0.78384,0.78295,0.78204,0.78114,0.78023,0.77932,0.78059,0.78302,0.78543,0.78782,0.79019,0.7925,0.79476,0.797,0.79922,0.80143,0.80376,0.80615,0.80851,0.81086,0.81319,0.81548,0.81757,0.81944,0.82111,0.82258,0.82384
SMR,0.096,0.096,0.096,0.09161,0.08739,0.08336,0.07948,0.07578,0.07224,0.06885,0.0656,0.0625,0.06075,0.06025,0.05845,0.05547,0.05264,0.04993,0.04736,0.04492,0.0426,0.04039,0.03829,0.0363,0.03441,0.03261,0.0309,0.02928,0.02774,0.02632,0.02501,0.0238,0.02268
STP,0.56352,0.55207,0.54236,0.53283,0.52327,0.51369,0.50408,0.4945,0.48491,0.47533,0.46576,0.45623,0.44445,0.43234,0.42028,0.40835,0.39652,0.3848,0.3732,0.36177,0.35048,0.33936,0.3284,0.31792,0.30787,0.29826,0.28908,0.28032,0.27197,0.26402,0.25646,0.24927,0.24245
SAU,0.23417,0.22777,0.22149,0.21814,0.21571,0.2133,0.2109,0.20853,0.20617,0.20384,0.20152,0.19923,0.19696,0.1947,0.19246,0.19021,0.18796,0.18573,0.18351,0.18133,0.17916,0.17698,0.1748,0.1726,0.1704,0.1682,0.16599,0.16378,0.16156,0.15935,0.15713,0.15492,0.15271
SEN,0.61104,0.60962,0.6082,0.60679,0.60536,0.60394,0.60251,0.60109,0.59966,0.59823,0.5968,0.59536,0.59393,0.59102,0.58694,0.58286,0.57876,0.57465,0.57053,0.56641,0.56227,0.55812,0.55397,0.54981,0.54564,0.54138,0.53704,0.5326,0.52808,0.52347,0.51878,0.514,0.50914
SRB,0.49607,0.49244,0.49019,0.48796,0.48572,0.48349,0.48125,0.47902,0.47678,0.47455,0.47231,0.47008,0.46785,0.46563,0.46339,0.46117,0.45895,0.45672,0.4545,0.45228,0.45007,0.44785,0.44644,0.44531,0.44417,0.44304,0.4419,0.44058,0.43908,0.4374,0.43554,0.43349,0.43127
SYC,0.5073,0.50693,0.50638,0.50565,0.50475,0.50367,0.50242,0.50099,0.49939,0.49762,0.49567,0.49354,0.49124,0.48877,0.48612,0.4833,0.48031,0.47715,0.47381,0.47031,0.46664,0.4628,0.4588,0.45463,0.45031,0.446,0.44169,0.43739,0.43309,0.42881,0.42454,0.42028,0.41604
SLE,0.66748,0.66515,0.6628,0.66045,0.65808,0.65571,0.65333,0.65095,0.64856,0.64616,0.64374,0.64133,0.63891,0.63648,0.63404,0.63081,0.62697,0.62311,0.61923,0.61534,0.61144,0.60752,0.60358,0.59964,0.59568,0.59171,0.58772,0.58364,0.57945,0.57516,0.57077,0.56628,0.56169
SGP,0,0,0,0,0,0,0,0,0,0,0,0,0,0,0,0,0,0,0,0,0,0,0,0,0,0,0,0,0,0,0,0,0
SXM,0,0,0,0,0,0,0,0,0,0,0,0,0,0,0,0,0,0,0,0,0,0,0,0,0,0,0,0,0,0,0,0,0
SVK,0.43509,0.4322,0.43281,0.43341,0.43402,0.43463,0.43524,0.43584,0.43645,0.43706,0.43767,0.43837,0.43987,0.44137,0.44287,0.44437,0.44588,0.44739,0.44889,0.4504,0.45315,0.4558,0.4572,0.4586,0.46,0.46111,0.46194,0.46249,0.46274,0.46271,0.4624,0.4618,0.46091
SVN,0.4961,0.49483,0.49457,0.49431,0.49404,0.49378,0.49351,0.49325,0.49299,0.49272,0.49246,0.4922,0.49143,0.48918,0.48692,0.48467,0.48242,0.48017,0.47791,0.47567,0.47342,0.47117,0.46892,0.46668,0.46443,0.46219,0.4598,0.45727,0.45459,0.45178,0.44882,0.44573,0.44249
SLB,0.86323,0.8613,0.85935,0.85738,0.85538,0.85336,0.85131,0.84924,0.84715,0.84504,0.84187,0.83799,0.83403,0.82999,0.82587,0.82168,0.81741,0.81306,0.80862,0.80411,0.79952,0.79492,0.7903,0.78567,0.78104,0.7764,0.77177,0.76714,0.76251,0.7579,0.7533,0.74872,0.74416
SOM,0.70342,0.69993,0.69641,0.69289,0.68933,0.68575,0.68215,0.67853,0.67489,0.67122,0.66753,0.66383,0.6601,0.65244,0.64469,0.63689,0.629,0.65596,0.63989,0.62355,0.6069,0.59,0.58442,0.57883,0.57321,0.56755,0.56184,0.55609,0.55029,0.54446,0.53859,0.53269,0.52676
ZAF,0.47963,0.47446,0.46962,0.46479,0.45996,0.45514,0.45033,0.44551,0.4407,0.43589,0.43109,0.42632,0.42102,0.41554,0.41007,0.40464,0.39923,0.39384,0.38846,0.38313,0.37782,0.37254,0.36728,0.36207,0.35688,0.35172,0.34659,0.3415,0.33645,0.33144,0.32646,0.32153,0.31665
SSD,0.86724,0.85926,0.85088,0.84374,0.84251,0.84127,0.84003,0.83877,0.83751,0.83624,0.83496,0.83368,0.83239,0.83109,0.82977,0.82846,0.82713,0.8258,0.82445,0.82299,0.8214,0.81968,0.81783,0.81585,0.81374,0.81148,0.80908,0.80654,0.80385,0.80101,0.79801,0.79486,0.79154
ESP,0.24649,0.24472,0.2439,0.24308,0.24226,0.24144,0.24062,0.23981,0.239,0.23819,0.23738,0.23657,0.23467,0.23222,0.22978,0.22737,0.22498,0.2226,0.22024,0.2179,0.21558,0.21327,0.21098,0.20867,0.20634,0.20398,0.2016,0.1992,0.19679,0.19435,0.1919,0.18944,0.18696
LKA,0.81465,0.8148,0.81496,0.81511,0.81527,0.81542,0.81558,0.81573,0.81589,0.81604,0.8162,0.81635,0.81651,0.81666,0.81681,0.81697,0.81712,0.81728,0.81743,0.81758,0.81774,0.81789,0.81804,0.81802,0.81782,0.81744,0.81689,0.81616,0.81524,0.81415,0.81287,0.8114,0.80974
PSE,0.32291,0.31781,0.31274,0.30773,0.30276,0.29784,0.29295,0.28813,0.28476,0.28253,0.28031,0.27811,0.27591,0.27373,0.27155,0.26939,0.26724,0.26509,0.26296,0.26077,0.25851,0.25619,0.25381,0.25137,0.24887,0.24632,0.24372,0.24106,0.23836,0.2356,0.23281,0.22997,0.22709
SDN,0.7139,0.7016,0.68897,0.67873,0.67821,0.67768,0.67716,0.67663,0.6761,0.67558,0.67505,0.67452,0.67399,0.67346,0.67293,0.6724,0.67187,0.67134,0.67081,0.67007,0.66911,0.66793,0.66654,0.66493,0.66311,0.66106,0.65879,0.6563,0.65358,0.65064,0.64747,0.64407,0.64044
SUR,0.34294,0.3422,0.34146,0.34072,0.33998,0.33924,0.3385,0.33777,0.33703,0.33629,0.33556,0.33483,0.33409,0.33336,0.33263,0.33318,0.33385,0.33453,0.33521,0.33588,0.33656,0.33724,0.33792,0.3386,0.33911,0.33944,0.3396,0.33959,0.3394,0.33905,0.33851,0.33781,0.33693
SWE,0.169,0.16796,0.16639,0.16484,0.16329,0.16176,0.16086,0.16058,0.1603,0.16002,0.15974,0.15929,0.15867,0.15804,0.15742,0.15681,0.1557,0.15412,0.15254,0.15098,0.14944,0.14703,0.1438,0.14064,0.13753,0.13447,0.13148,0.12854,0.12569,0.12292,0.12023,0.11762,0.11508
CHE,0.26074,0.26131,0.26185,0.26238,0.26292,0.26346,0.264,0.26454,0.26508,0.26562,0.26617,0.26625,0.26599,0.26573,0.26548,0.26522,0.26496,0.2647,0.26444,0.26419,0.26393,0.26369,0.26347,0.26326,0.26304,0.26282,0.26261,0.26239,0.26203,0.26151,0.26085,0.26004,0.25908
SYR,0.51069,0.50861,0.50653,0.50445,0.50236,0.49896,0.49527,0.49159,0.4879,0.48422,0.48053,0.47686,0.47318,0.46951,0.46583,0.46218,0.45854,0.45489,0.45125,0.44763,0.444,0.4542,0.46445,0.47471,0.485,0.47832,0.47165,0.465,0.45838,0.45179,0.44525,0.43876,0.43231
TJK,0.68342,0.6891,0.69473,0.70028,0.70579,0.71123,0.71662,0.72194,0.7272,0.7324,0.73499,0.73497,0.73495,0.73493,0.73492,0.7349,0.73488,0.73486,0.73484,0.73482,0.7348,0.73479,0.73455,0.73411,0.73345,0.73258,0.73149,0.73018,0.72866,0.72691,0.72494,0.72274,0.72032
THA,0.70576,0.70407,0.70237,0.70066,0.69895,0.69724,0.69551,0.69378,0.69205,0.69031,0.68614,0.67452,0.66266,0.65059,0.63831,0.62589,0.61327,0.6005,0.58758,0.57457,0.56144,0.55302,0.54555,0.53807,0.53057,0.52306,0.51552,0.508,0.50051,0.49308,0.4857,0.47837,0.47111
TLS,0.79158,0.78785,0.7846,0.78133,0.77801,0.77466,0.77127,0.76785,0.76439,0.7609,0.75737,0.75381,0.75021,0.74657,0.7429,0.73959,0.73626,0.73291,0.72952,0.72611,0.72268,0.71921,0.71572,0.71221,0.70867,0.7051,0.7015,0.69788,0.69422,0.69053,0.6868,0.68305,0.67926
TGO,0.71411,0.70995,0.70575,0.70152,0.69725,0.69295,0.68861,0.68424,0.67984,0.6754,0.67093,0.66644,0.66191,0.65735,0.65276,0.64815,0.64351,0.63884,0.63413,0.62942,0.62467,0.61968,0.61454,0.60939,0.60421,0.599,0.59372,0.58838,0.58298,0.57752,0.572,0.56642,0.56079
TKL,NaN,NaN,NaN,NaN,NaN,NaN,NaN,NaN,NaN,NaN,NaN,NaN,NaN,NaN,NaN,NaN,NaN,NaN,NaN,NaN,NaN,NaN,NaN,NaN,NaN,NaN,NaN,NaN,NaN,NaN,NaN,NaN,NaN
TON,0.77296,0.77264,0.77232,0.772,0.77168,0.77136,0.77103,0.77073,0.77045,0.77016,0.76988,0.76959,0.76931,0.76902,0.76873,0.76845,0.76816,0.76773,0.76719,0.76665,0.76611,0.76557,0.76565,0.76618,0.76672,0.76725,0.76778,0.76831,0.76869,0.76893,0.76901,0.76896,0.76875
TTO,0.45876,0.45692,0.45509,0.45326,0.45143,0.4496,0.44776,0.44594,0.44411,0.44229,0.44095,0.44282,0.4447,0.44657,0.44845,0.45033,0.45221,0.4541,0.45598,0.45787,0.45975,0.46164,0.46329,0.4647,0.46587,0.46681,0.4675,0.46795,0.46816,0.46813,0.46786,0.46735,0.4666
TUN,0.42054,0.41244,0.40438,0.39638,0.38922,0.38526,0.3813,0.37738,0.37347,0.36957,0.36568,0.36182,0.35798,0.35415,0.3505,0.34763,0.34476,0.34191,0.33907,0.33624,0.33343,0.33062,0.32782,0.32505,0.32228,0.31944,0.31654,0.31358,0.31055,0.30746,0.30432,0.30112,0.29786
TUR,0.40797,0.40024,0.39482,0.38945,0.3841,0.37877,0.37347,0.36821,0.36297,0.35777,0.35259,0.3466,0.34026,0.33398,0.32775,0.3216,0.3155,0.30947,0.30349,0.29759,0.29175,0.28598,0.28026,0.27469,0.26923,0.26389,0.25866,0.25356,0.24857,0.2437,0.23895,0.23431,0.22978
TKM,0.54925,0.5501,0.55096,0.55181,0.55266,0.55206,0.54982,0.54759,0.54535,0.54311,0.54087,0.53863,0.53638,0.53413,0.53188,0.52948,0.52692,0.52419,0.52132,0.51828,0.51509,0.51175,0.50825,0.50459,0.50079,0.49683,0.49272,0.48847,0.48407,0.47952,0.47484,0.47002,0.46506
TCA,0.25657,0.24463,0.23306,0.2219,0.21112,0.20072,0.1907,0.1811,0.17186,0.163,0.1545,0.14638,0.13993,0.13392,0.12812,0.12255,0.11719,0.11203,0.10706,0.1023,0.09772,0.09332,0.0891,0.08517,0.08149,0.07805,0.07483,0.07183,0.06902,0.0664,0.06395,0.06166,0.05953
TUV,0.59339,0.58009,0.57249,0.56844,0.56437,0.5603,0.55621,0.55213,0.54803,0.54393,0.53982,0.53571,0.53159,0.52344,0.51322,0.50301,0.49279,0.48257,0.47235,0.46218,0.45204,0.44193,0.43185,0.42186,0.41214,0.4027,0.39355,0.3847,0.37613,0.36785,0.35986,0.35215,0.34473
UGA,0.88924,0.88546,0.8821,0.87867,0.87515,0.87154,0.86784,0.86406,0.86018,0.85621,0.85214,0.84799,0.84374,0.83939,0.83493,0.8304,0.82575,0.82101,0.81616,0.81122,0.80617,0.80102,0.79576,0.79042,0.78496,0.7794,0.77376,0.76804,0.76226,0.75639,0.75046,0.74447,0.73841
UKR,0.33243,0.33204,0.33165,0.33126,0.33088,0.33049,0.3301,0.32971,0.32933,0.32894,0.32855,0.32817,0.32717,0.32573,0.32403,0.3221,0.32031,0.31853,0.31675,0.31498,0.31404,0.31311,0.31218,0.31125,0.31032,0.30939,0.30846,0.30754,0.30648,0.30527,0.30392,0.30243,0.30081
ARE,0.20949,0.21094,0.2124,0.21386,0.21533,0.21681,0.21507,0.21062,0.20622,0.2019,0.19764,0.19345,0.18933,0.18528,0.18129,0.17738,0.17352,0.16977,0.16613,0.16258,0.15913,0.15577,0.15251,0.14934,0.14625,0.14326,0.14035,0.13752,0.13478,0.13211,0.12952,0.12701,0.12457
GBR,0.2186,0.21888,0.21828,0.21768,0.21707,0.21647,0.21587,0.21528,0.21468,0.21409,0.21349,0.21249,0.20953,0.20661,0.20371,0.20085,0.19801,0.19521,0.19243,0.18969,0.18698,0.1843,0.18163,0.17898,0.17635,0.17374,0.17114,0.16857,0.16602,0.16348,0.16097,0.15848,0.15602
TZA,0.81116,0.80792,0.80464,0.80133,0.79797,0.79457,0.79112,0.78763,0.7841,0.78053,0.77691,0.77326,0.76956,0.76389,0.75777,0.75155,0.74522,0.73879,0.73224,0.72561,0.71886,0.71202,0.70507,0.69804,0.69096,0.68383,0.67667,0.66947,0.66224,0.655,0.64773,0.64046,0.63318
USA,0.247,0.24299,0.23903,0.23512,0.23125,0.22743,0.22364,0.21992,0.21623,0.21258,0.20943,0.20766,0.20591,0.20417,0.20243,0.20072,0.19901,0.19731,0.19562,0.19394,0.19228,0.19056,0.18881,0.18701,0.18517,0.18329,0.18138,0.17942,0.17744,0.17541,0.17336,0.17127,0.16916
VIR,0.12315,0.11715,0.1114,0.10591,0.10066,0.09563,0.09083,0.08626,0.08189,0.07772,0.07414,0.07186,0.06964,0.06749,0.06539,0.06336,0.06139,0.05947,0.05761,0.05581,0.05406,0.05239,0.05081,0.0493,0.04787,0.0465,0.0452,0.04397,0.04279,0.04168,0.04061,0.0396,0.03864
URY,0.11027,0.10696,0.10373,0.1006,0.09755,0.09458,0.09165,0.08853,0.0855,0.08257,0.07972,0.07697,0.07431,0.07172,0.06922,0.06681,0.06447,0.06221,0.06002,0.05791,0.05586,0.05388,0.05261,0.05157,0.05055,0.04955,0.04856,0.0476,0.04666,0.04574,0.04485,0.04397,0.04312
UZB,0.58635,0.58164,0.57692,0.5722,0.56745,0.56269,0.55792,0.55315,0.54836,0.54356,0.53874,0.53394,0.52912,0.52429,0.51946,0.51463,0.50979,0.50495,0.50011,0.49528,0.49044,0.4885,0.4895,0.4905,0.4915,0.4925,0.4935,0.4945,0.49522,0.49567,0.49584,0.49573,0.49534
VUT,0.81285,0.81002,0.80715,0.80426,0.80132,0.79836,0.79536,0.79234,0.78927,0.78618,0.78327,0.78047,0.77765,0.77479,0.77191,0.76901,0.76608,0.76313,0.76015,0.75714,0.75538,0.75439,0.75339,0.75239,0.75139,0.75039,0.74938,0.74837,0.74726,0.74606,0.74475,0.74335,0.74184
VEN,0.15716,0.15336,0.14988,0.14648,0.14314,0.13986,0.13664,0.1335,0.13041,0.12738,0.12441,0.1215,0.12124,0.12098,0.12072,0.12046,0.1202,0.11994,0.11969,0.11943,0.11917,0.11892,0.11877,0.11867,0.11856,0.11846,0.11835,0.11817,0.11792,0.1176,0.11721,0.11675,0.11622
VNM,0.79743,0.79371,0.78994,0.78613,0.78226,0.77834,0.77437,0.77035,0.76629,0.76183,0.75626,0.75063,0.74489,0.73908,0.73317,0.72719,0.72112,0.71496,0.70872,0.70238,0.69583,0.6892,0.68248,0.67571,0.66885,0.66191,0.6549,0.64787,0.64081,0.63372,0.6266,0.61948,0.61234
WLF,NaN,NaN,NaN,NaN,NaN,NaN,NaN,NaN,NaN,NaN,NaN,NaN,NaN,NaN,NaN,NaN,NaN,NaN,NaN,NaN,NaN,NaN,NaN,NaN,NaN,NaN,NaN,NaN,NaN,NaN,NaN,NaN,NaN
ESH,NaN,NaN,NaN,NaN,NaN,NaN,NaN,NaN,NaN,NaN,NaN,NaN,NaN,NaN,NaN,NaN,NaN,NaN,NaN,NaN,NaN,NaN,NaN,NaN,NaN,NaN,NaN,NaN,NaN,NaN,NaN,NaN,NaN
YEM,0.79069,0.78511,0.77942,0.77364,0.76775,0.7624,0.75751,0.75257,0.74756,0.74248,0.73733,0.73213,0.72685,0.72151,0.7161,0.71064,0.7051,0.69949,0.69381,0.68806,0.68224,0.67636,0.67042,0.66441,0.65835,0.65223,0.64606,0.63984,0.63358,0.62727,0.62092,0.61454,0.60812
ZMB,0.60593,0.61011,0.61486,0.61958,0.62428,0.62896,0.63362,0.63824,0.64284,0.64742,0.65198,0.64998,0.64525,0.64049,0.6357,0.63089,0.62605,0.62119,0.61629,0.61139,0.60645,0.60149,0.59646,0.59135,0.58618,0.58093,0.57562,0.57024,0.56479,0.55928,0.55371,0.54808,0.54239
ZWE,0.71012,0.70262,0.69501,0.6906,0.68665,0.68268,0.67868,0.67466,0.67061,0.66653,0.66242,0.6583,0.65415,0.65521,0.65706,0.6589,0.66074,0.66257,0.6644,0.66622,0.66804,0.66985,0.67166,0.67346,0.67496,0.67615,0.67704,0.67763,0.67791,0.6779,0.67758,0.67697,0.67605