SSP4,2025,2030,2035,2040,2045,2050,2055,2060,2065,2070,2075,2080,2085,2090,2095,2100
AFG,24477497,28760034,33323315,38335604,43879011,49863678,55977596,61767804,67335407,72754397,78169222,83395155,88115620,92168297,95293684,97537563
ALB,1824695,1701427,1588808,1512958,1429820,1326246,1201734,1063364,951353,868020,803045,739128,682793,622642,573873,533592
DZA,29377544,31902961,34391490,36517376,38033229,39090703,40350996,42056616,44417083,46710023,48187406,48748523,49017200,49476582,50274656,51128249
ASM,NaN,NaN,NaN,NaN,NaN,NaN,NaN,NaN,NaN,NaN,NaN,NaN,NaN,NaN,NaN,NaN
AND,NaN,NaN,NaN,NaN,NaN,NaN,NaN,NaN,NaN,NaN,NaN,NaN,NaN,NaN,NaN,NaN
AGO,20363430,24200949,28514030,33436417,38885215,44967217,51668291,58584567,65643295,72650557,79557826,86053190,91964667,97188064,101446856,104516386
AIA,NaN,NaN,NaN,NaN,NaN,NaN,NaN,NaN,NaN,NaN,NaN,NaN,NaN,NaN,NaN,NaN
ATG,67509,67711,66924,66513,66486,66533,66465,66450,66494,66674,66724,66857,67071,67116,66778,66059
ARG,30196787,31490799,32492180,32872468,33024901,33251622,33524537,33586939,33674469,33832029,33956899,33999580,34252256,34837299,35334760,35695512
ARM,1787550,1729097,1711240,1684348,1627490,1528458,1405058,1300668,1250806,1210418,1158513,1089087,1025187,972895,930119,890262
ABW,72308,71658,70958,71247,72344,74163,76493,79147,81844,83178,84080,85105,86661,88097,88922,89019
AUS,17102746,17469067,17827007,17908325,18007196,17829804,17475986,17098837,16818112,16595280,16154049,15536882,14867493,14279155,13652241,12998492
AUT,5862534,5664862,5484265,5356949,5263629,5095455,4896783,4695318,4545194,4428159,4281879,4091762,3864985,3655948,3444577,3234099
AZE,7286727,7510416,7602622,7545082,7405975,7146402,6767932,6394808,6124536,5875085,5479877,4974918,4566611,4282718,4006691,3713350
BHS,300265,299872,296281,291346,289575,289049,288426,284090,279516,275396,271407,271582,273363,274610,274096,272192
BHR,1240804,1328979,1399989,1443219,1451805,1422418,1377715,1375638,1415042,1458671,1480605,1485429,1485827,1487574,1484534,1472832
BGD,120322792,126650702,131555409,135575660,138410021,139440417,139121897,137560509,135175470,132389052,130540711,129691710,128883851,127633676,126570035,125915636
BRB,186115,179977,174885,170970,169423,168241,168086,167604,167722,167916,168957,171310,173985,175957,177207,177904
BLR,6150209,5990822,5882163,5651963,5367094,5013662,4659913,4470570,4374778,4227451,4003481,3711159,3448463,3261272,3083080,2897599
BEL,7396953,7325209,7236557,7114386,7002259,6848767,6675691,6502042,6368452,6206521,5961065,5673565,5401807,5167654,4925832,4670662
BLZ,285281,308203,329819,350549,370249,385992,397311,404792,411523,418542,426851,435333,442776,448270,452661,457314
BEN,7829464,9048268,10445544,12040503,13798434,15687270,17715245,19758534,21849608,23957928,26018962,28038511,29882557,31536058,32896828,34021976
BTN,576993,607697,622459,633479,635047,627352,608776,584481,565920,547968,534017,522190,516954,509700,500071,488956
BOL,8206074,8888693,9503033,10109858,10708031,11275872,11753348,12135141,12449312,12709529,12953530,13201331,13460293,13668228,13795112,13863342
BES,NaN,NaN,NaN,NaN,NaN,NaN,NaN,NaN,NaN,NaN,NaN,NaN,NaN,NaN,NaN,NaN
BIH,2094039,1945512,1816914,1697600,1569870,1433969,1305400,1203830,1110497,1043428,977225,908154,842041,780853,725740,674769
BWA,1753197,1906208,2050993,2180904,2286050,2375085,2460356,2537574,2602063,2645329,2671216,2685403,2690373,2687650,2672230,2647900
BRA,151754921,153440081,154152317,153218624,151253476,148058284,144846804,141732667,138435625,136060310,134664170,133732266,133040623,132946925,132424939,131765275
VGB,NaN,NaN,NaN,NaN,NaN,NaN,NaN,NaN,NaN,NaN,NaN,NaN,NaN,NaN,NaN,NaN
BRN,329118,339313,344189,345457,345095,343396,342941,346052,349730,352998,357252,359995,363984,368107,371543,374008
BGR,4253877,4032682,3839599,3591212,3315032,3074745,2833710,2661869,2560912,2438117,2286112,2122294,1958743,1821213,1698742,1582633
BFA,13253308,15556806,17936304,20526650,23398348,26549212,30010720,33575969,37185492,40710031,44141203,47464265,50747224,53806317,56438823,58541181
BDI,7307736,8763710,10153219,11530869,12953670,14456969,16106003,17800065,19478723,21010201,22331606,23490836,24622828,25650099,26449960,26978390
CPV,417859,438654,454488,469638,478849,479298,473799,463911,457943,456417,455488,455384,457029,458277,460270,463283
KHM,11339528,12020529,12600074,13159094,13881588,14169900,14364208,14494848,14726839,14897368,15004664,15074981,15145150,15217631,15292247,15354442
CMR,16554256,19041104,21756590,24564974,27489364,30491795,33560294,36571838,39523795,42335925,44890876,47150623,49089277,50579651,51716766,52416762
CAN,24854430,24543623,24470331,24273087,24002513,23502817,22877261,22238939,21678468,21214187,20568560,19740392,18881231,18137911,17322492,16436658
CYM,NaN,NaN,NaN,NaN,NaN,NaN,NaN,NaN,NaN,NaN,NaN,NaN,NaN,NaN,NaN,NaN
CAF,3088551,3623369,4174582,4860923,5680474,6585032,7531513,8433304,9332297,10229800,11146529,12037552,12914101,13708237,14406814,15019712
TCD,9760776,11596188,13674656,16166991,19075171,22452596,26287052,30324204,34548299,38897285,43228742,47446999,51482139,55220908,58495744,61388249
CHL,13370572,13426020,13338870,13128594,12913215,12637863,12234815,11753803,11421805,11267146,11150458,10989380,10884442,10850991,10772198,10672665
CHN,985662344,976032041,937939865,872550043,824538884,765364591,689930230,629679321,584755074,538185240,483178157,420308750,362668492,330580135,304659848,279498511
HKG,4892344,4591573,4430985,4183092,3936469,3651395,3418132,3262389,3188601,3162091,3091970,2964523,2795860,2662977,2521821,2365604
MAC,491166,483300,488001,480624,467877,445867,415503,394155,383004,378442,370783,354381,331685,314587,296037,275021
COL,36244992,36854552,37238194,37675686,37900540,37781372,37395156,36695559,36101060,35849286,35989303,36269416,36584204,36837274,37029168,37236394
COM,514509,579670,645694,716225,788669,860657,933774,1004224,1072606,1140422,1203015,1258357,1305560,1344538,1374430,1400085
COG,3628446,4189182,4708301,5239522,5801566,6416946,7073082,7724669,8362047,8947187,9456518,9897128,10311675,10641024,10882917,11063381
COK,NaN,NaN,NaN,NaN,NaN,NaN,NaN,NaN,NaN,NaN,NaN,NaN,NaN,NaN,NaN,NaN
CRI,3628608,3700040,3742421,3749451,3738985,3698208,3637333,3578006,3530210,3500670,3472979,3448925,3443028,3461508,3462586,3449515
CIV,16913561,19239864,21595216,24074754,26626303,29353273,32243222,34978938,37555966,40000536,42297432,44387744,46255332,47714369,48798138,49698070
HRV,2495957,2358888,2236916,2126206,2001773,1868244,1750538,1651217,1558337,1491032,1415406,1332847,1252493,1177315,1105524,1035505
CUB,7585779,7221131,6766071,6383802,6254484,6155019,5949099,5781668,5674146,5604084,5610734,5583331,5597910,5602667,5603378,5598464
CUW,131566,133402,135629,139460,144878,150042,154419,156185,157757,159545,161256,162628,163955,164400,163577,161647
CYP,880370,888302,893454,885838,861813,818369,766969,732617,715398,699296,675163,640111,600419,566075,533405,499884
CZE,6875984,6736691,6594971,6296713,5868731,5551671,5266219,5037563,4939490,4815885,4572992,4291977,3987244,3725353,3512170,3319006
PRK,18001231,17731545,17220851,16771325,16349582,15622325,14698275,13637980,12654687,11772441,10881985,9941575,8838375,7721733,6966285,6413305
COD,54503524,64741630,76704362,91395760,108664535,128163612,149748086,172515437,196212332,220879314,246042392,270506019,293979319,315486199,334638052,351328015
DNK,3720621,3652081,3575285,3512448,3476587,3457253,3389950,3278344,3175305,3084412,2979854,2884673,2773832,2664425,2545013,2424691
DJI,760900,818201,868530,912876,955222,998336,1038906,1070776,1091472,1100519,1108800,1119601,1131836,1142153,1146439,1144595
DMA,NaN,NaN,NaN,NaN,NaN,NaN,NaN,NaN,NaN,NaN,NaN,NaN,NaN,NaN,NaN,NaN
DOM,7562180,7942656,8268822,8578491,8846910,9064980,9222837,9280897,9356680,9457719,9587163,9683622,9784988,9869965,9947650,10035770
ECU,12284669,12996793,13500170,13977366,14366391,14617192,14719607,14714516,14702755,14747056,14824075,14903590,15071512,15184614,15288832,15410818
EGY,72451574,80290369,87740116,95055551,102126143,109379297,117185470,125407559,133645686,141533437,148882183,154209771,159005959,163393961,167316517,170179556
SLV,4254273,4350157,4367209,4370080,4351607,4325068,4262533,4120335,3964864,3877139,3847241,3830925,3846341,3866918,3895275,3938084
GNQ,1062304,1217890,1379248,1543600,1712062,1882875,2052098,2230336,2416898,2598845,2738684,2853786,2945307,3007748,3036944,3042190
ERI,2245389,2522298,2761974,3023437,3324201,3643939,3958291,4222180,4436130,4633398,4829992,5037200,5236954,5393268,5521044,5645630
EST,846630,815340,792486,757080,719618,676976,630190,601380,586685,569179,539461,506755,473193,446098,421654,397686
SWZ,758326,804166,843935,881213,912998,938041,957618,970902,983768,988603,986973,984771,984553,983952,981957,978287
ETH,76010138,86869530,98617256,111872053,126476293,142187161,158218101,173837077,189422806,205129032,221355217,236890342,250978259,262161084,271189169,279154981
FLK,NaN,NaN,NaN,NaN,NaN,NaN,NaN,NaN,NaN,NaN,NaN,NaN,NaN,NaN,NaN,NaN
FRO,NaN,NaN,NaN,NaN,NaN,NaN,NaN,NaN,NaN,NaN,NaN,NaN,NaN,NaN,NaN,NaN
FJI,616631,632911,648051,661462,668750,670561,672685,670739,670728,672266,671853,671767,672668,675157,678432,682333
FIN,3391758,3338404,3259525,3185196,3081256,2959981,2845028,2728299,2646940,2551382,2421181,2279093,2174409,2100800,2019933,1929119
FRA,39596246,39364756,38848671,38037645,37516687,36847959,36281837,35959362,35421572,34382149,33061186,31643010,30417817,29308725,28169620,26917422
GUF,198567,216832,237997,261313,286453,312889,340280,366319,389433,410956,432888,453539,469080,481535,492754,503338
PYF,681111,702314,712190,715743,719627,714669,707409,698840,693573,681711,665908,649084,636080,626795,617930,609869
GAB,1519615,1713210,1903369,2076146,2234723,2385210,2535079,2683935,2831708,2968131,3076634,3146575,3196192,3242620,3284631,3316335
GMB,1605857,1876705,2144325,2393471,2668878,2969477,3276214,3568031,3837879,4080490,4288534,4473776,4646380,4804063,4915969,4998419
GEO,2294002,2178726,2107948,1996262,1851836,1695176,1538989,1414493,1330446,1256736,1167739,1062506,960797,888395,835475,787403
DEU,52300507,49607719,47511094,46522093,45607951,44028977,41997369,40264071,38784273,37635670,36374016,34733477,32644913,30702183,28817737,27014773
GHA,21133528,23794029,26498809,29239390,32038149,34970273,38248004,41690699,45255255,48599111,51882529,54859281,57767752,60387304,62504485,64237530
GIB,NaN,NaN,NaN,NaN,NaN,NaN,NaN,NaN,NaN,NaN,NaN,NaN,NaN,NaN,NaN,NaN
GRC,6561618,6364994,6071598,5727663,5378956,5077443,4895817,4755818,4589231,4387766,4149246,3904796,3680465,3494829,3307130,3102155
GRD,82784,84077,85967,87789,88668,87531,85417,84684,85185,86231,86769,86915,87334,88125,89416,90930
GLP,239629,229358,218289,213116,213312,215512,216914,212333,203646,194981,187690,181003,175120,167180,159498,152414
GUM,106603,108407,108676,110151,113776,118176,122093,124801,126740,128424,130099,131467,133758,136133,137942,139439
GTM,11799165,13025908,14162223,15242805,16265520,17145205,17871326,18327996,18612586,18806202,19063323,19330890,19608374,19828642,19950317,20051426
GGY,NaN,NaN,NaN,NaN,NaN,NaN,NaN,NaN,NaN,NaN,NaN,NaN,NaN,NaN,NaN,NaN
GIN,8169243,9350587,10614790,11989925,13437245,14893960,16318564,17635622,18889954,20130414,21326576,22411807,23383115,24157875,24775257,25227030
GNB,1284489,1465109,1637698,1802598,1959371,2111063,2262303,2400240,2516746,2611270,2687963,2742574,2782826,2802153,2807664,2802813
GUY,523363,530173,535024,542417,547327,551958,551241,539013,527599,522268,520336,518565,517131,514804,513858,514526
HTI,7713780,8354289,8958973,9551082,10118787,10619575,11040271,11385687,11657839,11845340,12010157,12166251,12327682,12461356,12536807,12574989
VAT,NaN,NaN,NaN,NaN,NaN,NaN,NaN,NaN,NaN,NaN,NaN,NaN,NaN,NaN,NaN,NaN
HND,7197296,7842306,8425690,8967157,9427618,9811093,10109169,10271318,10366411,10453740,10592397,10767239,10933865,11050440,11142812,11237568
HUN,6188235,6042141,5856170,5576895,5178461,4905077,4632201,4341551,4117147,3916516,3679020,3443285,3172588,2919689,2704404,2507671
ISL,247129,248405,248341,247397,244792,239146,231322,220748,214134,209150,201639,193299,185626,177736,169886,162228
IND,989068461,1038667289,1074848190,1101218550,1123133970,1136857475,1142194605,1137742593,1126839430,1116455872,1113453676,1114324003,1119951405,1125012097,1126857173,1129054016
IDN,191689489,199585757,204331880,207618531,209850915,211215092,212792308,213469498,213006994,212770744,211841214,210430137,209956449,209422270,208693507,207920715
IRN,62503494,65698633,68492085,68788115,67551176,64099400,59950421,56970545,55441563,53708969,50841640,46704051,42166398,39087977,36287403,33751867
IRQ,28218028,32577713,36488429,40503491,44725941,49203411,53921674,58289939,62360542,66283183,69914467,72707018,75458522,77936150,80177850,82070647
IRL,3362012,3450522,3491255,3448291,3368472,3292021,3272962,3285459,3272200,3210387,3096127,2959655,2839177,2751890,2662557,2555936
IMN,NaN,NaN,NaN,NaN,NaN,NaN,NaN,NaN,NaN,NaN,NaN,NaN,NaN,NaN,NaN,NaN
ISR,5604439,6073810,6585793,6927683,7182414,7385809,7568622,7769964,7940342,8047526,8071054,7983628,7821855,7718662,7630986,7534651
ITA,37196118,35576340,33429234,31140080,29340785,28055938,26956815,25968044,25036679,23920013,22597868,21263459,20115258,19193651,18237397,17204200
JAM,2060423,2057684,2022614,1983495,1940011,1872706,1791357,1700531,1622334,1573041,1534195,1511727,1500988,1490312,1476966,1462815
JPN,71302755,68676420,64926709,59636702,55236155,51775666,48649840,45757303,42642963,39475595,36366643,33286859,30589670,28203125,25881273,23703647
JEY,NaN,NaN,NaN,NaN,NaN,NaN,NaN,NaN,NaN,NaN,NaN,NaN,NaN,NaN,NaN,NaN
JOR,7767757,8657362,9378355,10050578,10714188,11360807,11964537,12468366,12883750,13232541,13432014,13594652,13815176,14012587,14125105,14148735
KAZ,12233950,12757465,13394310,14107675,14691000,15217637,15700941,16346922,17197716,17991793,18477884,18765335,19029752,19264727,19570264,19850485
KEN,34311965,38393214,42118807,46049477,50233725,54508675,58727406,62699462,66453427,69698043,72612307,75204428,77445864,79201736,80572347,81643071
KIR,82804,91152,98978,107082,114505,120296,125320,130377,135159,140356,143679,144892,145946,147388,149073,150966
KWT,3552210,3709377,3718703,3584613,3418143,3281575,3302576,3446747,3558575,3633603,3661201,3643705,3656490,3673849,3682127,3666194
KGZ,4197950,4585251,5011063,5399659,5749035,6064973,6338838,6617907,6938876,7271631,7531864,7672944,7800699,7951317,8116736,8266353
LAO,5092050,5467923,5826797,6157906,6446684,6674955,6840261,6942980,7022184,7125248,7251124,7386718,7512303,7632659,7753384,7878324
LVA,1141662,1061761,1008520,942423,879318,811500,745155,697549,672475,643410,605112,564891,521910,488692,460255,431962
LBN,3847310,4122668,4274184,4406865,4566775,4721890,4887748,5029354,5102108,5131881,5147504,5148399,5222313,5309111,5362478,5390087
LSO,1441370,1502541,1573456,1650013,1714285,1770462,1819207,1860950,1901943,1937283,1963709,1971727,1972068,1968434,1964305,1956440
LBR,3252114,3752854,4223490,4706724,5210662,5750671,6322919,6875193,7373622,7822721,8212786,8574849,8891027,9133461,9295725,9402003
LBY,4765742,5122167,5356726,5526248,5677737,5879086,6157899,6430435,6619468,6728853,6797914,6888545,7036357,7186476,7302883,7369862
LIE,NaN,NaN,NaN,NaN,NaN,NaN,NaN,NaN,NaN,NaN,NaN,NaN,NaN,NaN,NaN,NaN
LTU,1716275,1576746,1472504,1358717,1265011,1173103,1072239,984326,926162,882094,832387,772203,710818,666648,625988,588708
LUX,445022,445557,443237,439273,432820,421878,409101,398227,393655,389928,381818,368544,352942,337967,321986,304858
MDG,18306732,20891178,23616737,26583641,29870336,33367934,36961395,40466832,43901700,47315019,50652461,53794045,56596864,58948123,60924834,62722711
MWI,12145552,14133956,16077255,18245677,20554505,23061080,25768660,28500596,31205188,33882640,36540382,39087335,41517170,43537001,45170673,46388149
MYS,24334487,25475986,26483045,27187466,27722146,27890860,27847800,27771800,27761646,27790682,27891151,27967756,28007069,28145507,28167191,28085182
MDV,403967,431344,454637,470827,475929,464501,441799,427834,428748,437832,440804,436770,432353,429052,427491,425302
MLI,12512609,14978694,17710318,20819581,24386709,28328833,32591975,36938171,41310558,45669189,49947449,54077544,57993589,61461048,64489300,66860881
MLT,339217,333446,332297,324507,309977,289002,262413,237283,224422,218806,210942,199492,185535,173306,161564,150872
MHL,NaN,NaN,NaN,NaN,NaN,NaN,NaN,NaN,NaN,NaN,NaN,NaN,NaN,NaN,NaN,NaN
MTQ,220737,205602,191371,180632,177592,177371,176527,173291,165815,157142,149538,143877,139002,134526,128784,122380
MRT,2832209,3301736,3768529,4273681,4828953,5423225,6042366,6652096,7243559,7814936,8359409,8883447,9403895,9851890,10206910,10516422
MUS,909783,877388,844538,822164,792839,768670,749709,719152,693491,669431,656027,652601,652961,649569,642188,633456
MYT,189996,225075,266087,313939,371038,439741,522088,617536,735061,869642,1024736,1207555,1419579,1664757,1947352,2272126
MEX,87750909,91480228,93660210,95558991,97381609,99097829,100505261,101163704,101652866,102263889,103204658,104295073,105987070,107315284,108318765,109250887
FSM,416359,434036,447523,463670,482941,500465,513905,520862,524725,529739,534161,537659,543240,549146,553586,558077
MCO,NaN,NaN,NaN,NaN,NaN,NaN,NaN,NaN,NaN,NaN,NaN,NaN,NaN,NaN,NaN,NaN
MNG,2203886,2385019,2566390,2705973,2837236,2983212,3137146,3342424,3602525,3877971,4105065,4257383,4395468,4547509,4696018,4827523
MNE,420641,410286,403213,394633,380800,362930,346131,330949,316452,302125,286708,269592,252018,235917,221971,208869
MSR,NaN,NaN,NaN,NaN,NaN,NaN,NaN,NaN,NaN,NaN,NaN,NaN,NaN,NaN,NaN,NaN
MAR,25248179,26542507,27591396,28467312,29150893,29689267,30144033,30469234,30839776,31239090,31585395,31801570,32111810,32424161,32715086,32992250
MOZ,19121970,22221143,25548113,29113442,33009473,37247273,41707034,46166944,50562032,54906445,59142189,62962514,66459506,69258288,71415172,72986539
MMR,37745479,38675524,39333510,39760740,40002461,39919992,39710838,39333087,39039666,38791417,38747988,38783288,38778383,38781106,38805070,38932674
NAM,1599635,1751575,1910959,2076620,2235863,2393212,2545394,2674572,2809112,2939240,3045176,3119735,3172346,3214271,3254616,3289333
NRU,NaN,NaN,NaN,NaN,NaN,NaN,NaN,NaN,NaN,NaN,NaN,NaN,NaN,NaN,NaN,NaN
NPL,19890346,21152123,22284217,23489156,24505266,25236116,25690498,25714956,25525298,25350943,25410397,25562206,25744364,25833427,26008942,26311383
NLD,11145402,10839395,10501211,10223073,10087078,9888202,9582591,9221672,8877669,8514653,8172007,7810476,7446008,7097603,6729579,6356903
NCL,199507,206371,210068,210206,209984,207708,204274,201677,199154,193311,186152,177082,168119,160148,152447,144635
NZL,3338430,3365697,3382087,3360110,3353728,3313526,3231273,3134536,3061111,2982598,2874832,2745619,2619339,2510209,2394789,2271532
NIC,4688278,5035025,5336304,5603542,5831583,6015502,6133785,6162921,6196079,6266627,6359413,6445489,6529277,6600182,6670087,6752947
NER,14074618,17066330,20667724,25187599,30726862,37412040,45347516,54198607,64035788,74808082,86420611,98401595,110432669,122179461,133204290,143654886
NGA,126930470,145967381,166404347,189319768,215857432,246740061,282544732,321030097,361916263,403939574,447113225,490645180,534049224,576168398,615447779,650276235
NIU,NaN,NaN,NaN,NaN,NaN,NaN,NaN,NaN,NaN,NaN,NaN,NaN,NaN,NaN,NaN,NaN
MKD,1428187,1398148,1364217,1327167,1276789,1210605,1139417,1072904,1015366,964729,921240,869139,817186,764977,713401,664017
MNP,NaN,NaN,NaN,NaN,NaN,NaN,NaN,NaN,NaN,NaN,NaN,NaN,NaN,NaN,NaN,NaN
NOR,3560625,3585191,3556228,3486789,3443439,3382705,3294689,3206960,3137768,3055826,2940807,2813072,2694381,2604101,2502635,2389397
OMN,3557265,3853616,4154240,4380156,4473513,4415845,4259140,4203235,4384136,4617564,4772815,4825785,4829479,4833407,4860509,4893843
PAK,148658624,166791660,184270079,204132064,225886147,248391044,270892520,292134736,313461506,334793948,357406546,379009137,400440741,418904243,434504889,448484841
PLW,NaN,NaN,NaN,NaN,NaN,NaN,NaN,NaN,NaN,NaN,NaN,NaN,NaN,NaN,NaN,NaN
PAN,2949307,3118388,3256667,3392984,3528586,3654617,3762743,3853741,3927448,3997967,4067939,4124550,4182450,4220718,4249243,4268514
PNG,6758198,7538161,8306328,9072434,9834877,10579935,11296837,11940710,12511798,12979710,13363907,13644222,13876847,14058472,14178442,14227172
PRY,4549341,4836539,5124504,5421880,5697531,5897431,6048649,6144890,6239313,6344554,6456404,6562359,6646592,6713129,6765953,6825622
PER,22783413,23933623,24781344,25485649,26075732,26506976,26704737,26744677,26802515,26925425,26996235,27136793,27357911,27494757,27613192,27765926
PHL,77536954,83707984,89345980,95003009,100714793,106364344,111607895,115889317,119655425,122940653,125601205,128179324,130838094,133050644,134756263,135874802
POL,25297262,24455067,23836722,22716211,21101932,19269180,17703477,16538439,15810617,15152667,14172801,13143668,12104159,11309527,10659042,10066889
PRT,6419302,6122636,5842717,5506015,5175736,4942949,4789118,4653193,4508969,4346206,4176101,4004589,3819947,3647591,3465486,3264291
PRI,1960415,1812162,1675398,1539027,1427277,1345137,1285031,1225435,1179440,1142806,1114151,1091735,1079464,1078076,1070206,1056294
QAT,2594448,2825709,3018376,3127186,3135867,3033248,2882308,2806739,2864366,2975041,3021749,3016596,2994895,2973837,2939354,2880158
KOR,35732574,33611121,31121802,28088079,25668018,23147733,21148842,18857491,16835235,15350551,14015019,12566875,11452205,10754644,9990357,9220775
MDA,1995444,1909759,1876401,1807748,1701909,1568000,1417751,1305518,1235009,1172863,1095448,1001512,904270,831067,776146,727369
REU,631342,641387,645067,654322,661340,666146,669864,670166,661382,640503,616646,590235,564061,535849,511697,489303
ROU,12182471,11820799,11201436,10538741,9710712,9018510,8263917,7765344,7332263,6885582,6375636,5871614,5322419,4847256,4492685,4184668
RUS,95498978,93851767,93681053,91078727,87209361,82115699,76652246,74043775,73219990,71540505,68427580,63734861,59207723,56044028,53349072,50564332
RWA,8572185,9659611,10825985,12071728,13334325,14552411,15815508,17083631,18356604,19565055,20771054,21919870,22960669,23797290,24456186,25026475
BLM,NaN,NaN,NaN,NaN,NaN,NaN,NaN,NaN,NaN,NaN,NaN,NaN,NaN,NaN,NaN,NaN
SHN,NaN,NaN,NaN,NaN,NaN,NaN,NaN,NaN,NaN,NaN,NaN,NaN,NaN,NaN,NaN,NaN
KNA,NaN,NaN,NaN,NaN,NaN,NaN,NaN,NaN,NaN,NaN,NaN,NaN,NaN,NaN,NaN,NaN
LCA,130888,129076,126332,124145,122211,119558,116236,111767,108303,106611,105963,106294,106443,106207,105665,105086
MAF,NaN,NaN,NaN,NaN,NaN,NaN,NaN,NaN,NaN,NaN,NaN,NaN,NaN,NaN,NaN,NaN
VCT,68371,66899,65054,63081,60927,58945,57716,56167,55039,54420,53935,53417,53417,53684,54049,54414
WSM,130816,141564,151322,159903,168569,177873,187164,194251,201519,208095,213416,217422,221184,224932,228608,232464
SMR,NaN,NaN,NaN,NaN,NaN,NaN,NaN,NaN,NaN,NaN,NaN,NaN,NaN,NaN,NaN,NaN
STP,137712,155384,171722,188580,205843,223489,242304,260319,276725,289936,301462,311730,320987,328231,334238,339727
SAU,28272541,30242367,31509473,32204651,32234581,32427687,33040855,33540476,34273522,34944301,35451847,35719231,35990019,36095175,36113793,36029555
SEN,10370859,12067703,13813859,15682993,17699345,19891869,22247836,24665125,27096055,29464783,31800336,34070216,36323675,38430282,40251577,41775351
SRB,4628620,4484509,4349166,4182824,3973576,3771323,3570282,3408184,3283075,3144232,3022666,2857238,2677017,2507053,2342834,2182235
SYC,74265,75568,77157,78160,78478,79266,80245,81088,82539,84382,85548,86284,86690,87128,87435,87494
SLE,5324031,6047355,6762133,7543141,8344358,9149608,9948932,10678520,11340083,11939295,12485768,12952924,13334508,13570028,13730980,13849018
SGP,4295147,4129212,4029932,3881101,3733586,3572270,3410544,3247535,3096870,3023652,2931001,2805852,2629149,2463619,2285421,2095764
SXM,NaN,NaN,NaN,NaN,NaN,NaN,NaN,NaN,NaN,NaN,NaN,NaN,NaN,NaN,NaN,NaN
SVK,3611558,3511478,3440588,3303110,3094672,2883547,2681206,2517852,2419027,2334285,2218094,2075542,1918057,1781395,1664625,1562258
SVN,1334857,1299716,1259794,1211977,1147087,1084101,1031804,998955,971894,945626,902609,847539,794638,750687,710215,668742
SLB,444838,507383,571443,640546,715041,794069,878663,962471,1044846,1126446,1204996,1276795,1339211,1391806,1433640,1468973
SOM,9598551,11348882,13388472,15836339,18775058,22150520,25917721,29984466,34313088,38971109,43862006,48803697,53698107,58428284,62931205,67163346
ZAF,40134638,41829716,42976389,44155598,45220585,45426880,45211802,45132134,45327989,45669630,45573669,45297000,44956579,44637052,44234536,43796792
SSD,6159177,7020395,7542948,7857244,8305854,8937120,9688951,10303883,10745047,11029234,11355655,11689967,12134316,12569741,12891764,13176915
ESP,31234319,30682693,29647255,28067363,26366983,25203896,24508009,24033318,23656168,22934732,21793392,20600124,19550118,18789935,18002204,17117718
LKA,14652076,14908233,15018496,15053199,15001436,14922475,15036254,15051938,15012744,14882326,14740870,14692337,14782286,14897773,14995711,15068020
PSE,NaN,NaN,NaN,NaN,NaN,NaN,NaN,NaN,NaN,NaN,NaN,NaN,NaN,NaN,NaN,NaN
SDN,27965184,32224941,37081009,41624928,45579178,48738410,51205014,53397342,55194439,56385662,56739578,56211637,54790437,53016648,51085663,49022479
SUR,419905,434713,447294,463174,483523,500338,517214,532625,545142,556232,568074,580225,592617,602285,609564,616456
SWE,6555970,6642436,6668530,6637147,6615594,6544431,6397575,6238470,6200876,6119138,5940811,5702296,5454696,5258768,5061129,4851977
CHE,5729425,5638751,5546485,5479067,5416762,5299926,5163111,5062145,5016276,4971057,4876065,4724151,4541242,4369671,4189764,4001779
SYR,NaN,NaN,NaN,NaN,NaN,NaN,NaN,NaN,NaN,NaN,NaN,NaN,NaN,NaN,NaN,NaN
TJK,6285426,7001445,7748402,8501760,9213986,9906543,10561970,11221320,11875056,12511051,13088333,13520084,13904578,14257763,14599957,14884652
THA,48975684,47289068,45188544,43383336,41868921,40274694,38905067,37520521,36167213,35347423,34639313,33967347,33615111,33200800,32696075,32126662
TLS,858420,951931,1037661,1123241,1217566,1306353,1379653,1431752,1465771,1486966,1508757,1532734,1555846,1573457,1582784,1587798
TGO,5396556,6150604,6929031,7766091,8678758,9656907,10689473,11714584,12724459,13708677,14630998,15499135,16266769,16920248,17434818,17869489
TKL,NaN,NaN,NaN,NaN,NaN,NaN,NaN,NaN,NaN,NaN,NaN,NaN,NaN,NaN,NaN,NaN
TON,65154,68813,70961,72755,74774,76556,78546,79603,80340,80246,80015,79669,79935,80633,81404,82270
TTO,1047718,1028724,1014762,993304,960427,914614,879063,863938,860011,858474,855795,852907,855247,859941,864025,866577
TUN,8292207,8588716,8839702,9018584,9057944,9017391,8960208,8975628,9131520,9314372,9422679,9394710,9361922,9378485,9458165,9571993
TUR,59698901,61756292,63262783,63191712,62253800,60506580,58211581,55745982,53024063,50458614,47526286,44122903,40385253,37626512,35007479,32611406
TKM,4225901,4552380,4886315,5248825,5554718,5815228,6037294,6275144,6560210,6837105,7041573,7126522,7203363,7258330,7339243,7405621
TCA,NaN,NaN,NaN,NaN,NaN,NaN,NaN,NaN,NaN,NaN,NaN,NaN,NaN,NaN,NaN,NaN
TUV,NaN,NaN,NaN,NaN,NaN,NaN,NaN,NaN,NaN,NaN,NaN,NaN,NaN,NaN,NaN,NaN
UGA,27435687,32178790,37145802,42960370,49470863,56519725,63870107,71210299,78726339,86169700,93757101,101172831,108617486,115269942,121065155,125933705
UKR,24060022,24203788,24043665,23253082,21910617,20221773,18513374,17390883,16737735,16142275,15164323,13990016,13082710,12262334,11611745,10920392
ARE,8118087,8521302,8742571,8733149,8455985,7874214,7204970,6772112,6714808,6866771,6909311,6825024,6712033,6583855,6418448,6233261
GBR,42890506,42909926,42598952,42033776,41658783,40833513,39827999,38863007,38144842,37438426,36100663,34386090,32793641,31606109,30365965,29022197
TZA,37937213,44197327,51310474,59365588,68217810,78006946,88907208,100484893,112483825,124384485,136421431,148276276,159397119,169916130,179173373,186650111
USA,219986062,219984765,220918206,220132663,219388708,216895484,213067425,208681179,204664886,198824563,191148697,183413674,175572527,168936240,161605805,153548270
VIR,58661,56934,55383,54563,54344,54478,55380,56355,57847,59219,59979,60325,60934,61731,62525,63209
URY,2237218,2242152,2226654,2176093,2119208,2080727,2029458,1960487,1886885,1824414,1769029,1716093,1681160,1668023,1646472,1618442
UZB,23164002,24606390,26387584,28401866,30077207,31517111,32848748,34267788,36101947,38057246,39639130,40826054,41702597,42320156,43027453,43636703
VUT,199097,228773,258372,288381,318857,350061,381398,412193,444201,475011,502722,525919,547219,565766,582801,598169
VEN,NaN,NaN,NaN,NaN,NaN,NaN,NaN,NaN,NaN,NaN,NaN,NaN,NaN,NaN,NaN,NaN
VNM,67950033,69504555,70926158,71247985,70866012,69848543,68677991,67302836,67085457,67053090,66997370,66588142,66125222,65860518,65670584,65726609
WLF,NaN,NaN,NaN,NaN,NaN,NaN,NaN,NaN,NaN,NaN,NaN,NaN,NaN,NaN,NaN,NaN
ESH,417030,450504,479644,503348,521299,532663,547673,569437,594387,616887,632969,643783,653396,661967,668751,672845
YEM,21116680,24352984,27632519,30968621,34255538,37389012,40266773,42908943,45528856,48062012,50435299,52491828,54180305,55509269,56630314,57660432
ZMB,12002610,13953784,15936181,17995487,20153817,22444197,24847595,27221944,29509245,31674932,33709038,35508363,37091975,38350892,39240684,39896593
ZWE,9665351,10939271,12100548,13178988,14181496,15093154,16029157,16887574,17576539,18113358,18577098,18841376,19041778,19217248,19370276,19492656