Rural Population Share - SSP Database,2025,2030,2035,2040,2045,2050,2055,2060,2065,2070,2075,2080,2085,2090,2095,2100
AFG,0.709461686,0.679183373,0.648905059,0.618626745,0.592615607,0.566604469,0.54188136,0.517158251,0.494191012,0.471223773,0.450247104,0.429270435,0.410337866,0.391405296,0.374448577,0.357491858
ALB,0.360842997,0.342805995,0.324768992,0.306731989,0.291318222,0.275904454,0.264185455,0.252466456,0.243387303,0.234308149,0.22715311,0.21999807,0.214274534,0.208550998,0.203913284,0.19927557
DZA,0.252810089,0.242950179,0.233090268,0.223230357,0.209010673,0.194790989,0.182405877,0.170020765,0.159247229,0.148473693,0.139105993,0.129738292,0.121591783,0.113445274,0.106357104,0.099268933
ASM,NaN,NaN,NaN,NaN,NaN,NaN,NaN,NaN,NaN,NaN,NaN,NaN,NaN,NaN,NaN,NaN
AND,NaN,NaN,NaN,NaN,NaN,NaN,NaN,NaN,NaN,NaN,NaN,NaN,NaN,NaN,NaN,NaN
AGO,0.313812478,0.295874957,0.277937435,0.259999913,0.246652658,0.233305402,0.223142676,0.21297995,0.205071434,0.197162917,0.190891323,0.184619729,0.179565408,0.174511086,0.170381519,0.166251951
AIA,NaN,NaN,NaN,NaN,NaN,NaN,NaN,NaN,NaN,NaN,NaN,NaN,NaN,NaN,NaN,NaN
ATG,NaN,NaN,NaN,NaN,NaN,NaN,NaN,NaN,NaN,NaN,NaN,NaN,NaN,NaN,NaN,NaN
ARG,0.068012343,0.057134687,0.04625703,0.035379373,0.031313712,0.027248051,0.024096521,0.020944991,0.01851043,0.016075868,0.01420015,0.012324431,0.010882228,0.009440024,0.008332884,0.007225744
ARM,0.334174461,0.301478922,0.268783383,0.236087844,0.221329244,0.206570644,0.193941209,0.181311773,0.170474198,0.159636622,0.150304152,0.140971682,0.132904569,0.124837455,0.117836905,0.110836355
ABW,NaN,NaN,NaN,NaN,NaN,NaN,NaN,NaN,NaN,NaN,NaN,NaN,NaN,NaN,NaN,NaN
AUS,0.119724708,0.101859415,0.083994123,0.06612883,0.060934384,0.055739937,0.051320558,0.046901179,0.043153342,0.039405505,0.036235862,0.033066218,0.030391772,0.027717325,0.025465119,0.023212913
AUT,0.367492212,0.322464423,0.277436635,0.232408846,0.219919494,0.207430141,0.196216329,0.185002517,0.17495921,0.164915903,0.155937757,0.146959611,0.13894469,0.130929769,0.123781807,0.116633845
AZE,0.407846413,0.379662825,0.351479238,0.32329565,0.308394066,0.293492482,0.281904965,0.270317447,0.261173756,0.252030065,0.244714215,0.237398365,0.231471456,0.225544547,0.220689736,0.215834924
BHS,NaN,NaN,NaN,NaN,NaN,NaN,NaN,NaN,NaN,NaN,NaN,NaN,NaN,NaN,NaN,NaN
BHR,NaN,NaN,NaN,NaN,NaN,NaN,NaN,NaN,NaN,NaN,NaN,NaN,NaN,NaN,NaN,NaN
BGD,0.597870596,0.577511192,0.557151787,0.536792383,0.509843304,0.482894225,0.458775888,0.43465755,0.413417021,0.392176491,0.373640835,0.355105178,0.338996439,0.322887699,0.308897129,0.294906559
BRB,NaN,NaN,NaN,NaN,NaN,NaN,NaN,NaN,NaN,NaN,NaN,NaN,NaN,NaN,NaN,NaN
BLR,0.19387758,0.18258516,0.17129274,0.16000032,0.148302986,0.136605651,0.126511354,0.116417057,0.107740394,0.099063731,0.091629122,0.084194513,0.077840285,0.071486056,0.066066283,0.06064651
BEL,0.019078106,0.018946213,0.018814319,0.018682425,0.017715695,0.016748965,0.015880752,0.015012538,0.014233105,0.013453671,0.012754181,0.012054691,0.011427142,0.010799592,0.010236741,0.00967389
BLZ,NaN,NaN,NaN,NaN,NaN,NaN,NaN,NaN,NaN,NaN,NaN,NaN,NaN,NaN,NaN,NaN
BEN,0.489194431,0.462538863,0.435883294,0.409227725,0.388252572,0.367277418,0.349495592,0.331713765,0.316641985,0.301570205,0.288756024,0.275941843,0.264993089,0.254044334,0.244634061,0.235223787
BTN,NaN,NaN,NaN,NaN,NaN,NaN,NaN,NaN,NaN,NaN,NaN,NaN,NaN,NaN,NaN,NaN
BOL,0.282118542,0.265467084,0.248815626,0.232164168,0.218742335,0.205320502,0.19345593,0.181591357,0.171119195,0.160647032,0.151410956,0.14217488,0.134030917,0.125886954,0.118705016,0.111523077
BES,NaN,NaN,NaN,NaN,NaN,NaN,NaN,NaN,NaN,NaN,NaN,NaN,NaN,NaN,NaN,NaN
BIH,0.471512841,0.433225681,0.394938522,0.356651362,0.337347963,0.318044563,0.301566138,0.285087712,0.271000428,0.256913144,0.244825743,0.232738341,0.222315735,0.211893129,0.202856037,0.193818945
BWA,0.280540189,0.269850378,0.259160566,0.248470755,0.234070648,0.219670541,0.208018005,0.196365468,0.186804171,0.177242873,0.169293136,0.161343399,0.154652474,0.147961548,0.142267241,0.136572934
BRA,0.118651949,0.108033897,0.097415846,0.086797794,0.082615327,0.07843286,0.07515921,0.07188556,0.069260393,0.066635225,0.064488307,0.062341388,0.060556902,0.058772415,0.057268918,0.055765421
VGB,NaN,NaN,NaN,NaN,NaN,NaN,NaN,NaN,NaN,NaN,NaN,NaN,NaN,NaN,NaN,NaN
BRN,NaN,NaN,NaN,NaN,NaN,NaN,NaN,NaN,NaN,NaN,NaN,NaN,NaN,NaN,NaN,NaN
BGR,0.229996441,0.216852882,0.203709323,0.190565764,0.179730521,0.168895277,0.159744547,0.150593817,0.142800072,0.135006327,0.128314751,0.121623175,0.115834603,0.11004603,0.105003725,0.09996142
BFA,0.65241811,0.610906221,0.569394331,0.527882441,0.498154484,0.468426526,0.443083853,0.41774118,0.396462164,0.375183147,0.357411256,0.339639365,0.324785381,0.309931396,0.297463273,0.28499515
BDI,0.835387002,0.807854004,0.780321005,0.752788007,0.725129882,0.697471756,0.669706554,0.641941352,0.615351629,0.588761905,0.564222252,0.539682599,0.517633942,0.495585284,0.47612661,0.456667936
CPV,NaN,NaN,NaN,NaN,NaN,NaN,NaN,NaN,NaN,NaN,NaN,NaN,NaN,NaN,NaN,NaN
KHM,0.733669319,0.709658638,0.685647957,0.661637276,0.635463987,0.609290698,0.582477618,0.555664537,0.52888939,0.502114243,0.476004749,0.449895255,0.424975095,0.400054935,0.376714469,0.353374003
CMR,0.384872514,0.345345027,0.305817541,0.266290054,0.253303896,0.240317737,0.230418863,0.220519988,0.21281618,0.205112371,0.199008114,0.192903857,0.187992247,0.183080636,0.179076806,0.175072975
CAN,0.166123795,0.147867591,0.129611386,0.111355181,0.101889818,0.092424454,0.084565791,0.076707128,0.070186433,0.063665737,0.058256577,0.052847417,0.048360463,0.043873508,0.040151183,0.036428857
CYM,NaN,NaN,NaN,NaN,NaN,NaN,NaN,NaN,NaN,NaN,NaN,NaN,NaN,NaN,NaN,NaN
CAF,0.544851966,0.511683932,0.478515898,0.445347864,0.423458991,0.401570117,0.382490326,0.363410535,0.346860275,0.330310015,0.315968871,0.301627726,0.289182267,0.276736808,0.265903034,0.25506926
TCD,0.708530898,0.652261796,0.595992693,0.539723591,0.512446057,0.485168522,0.460747705,0.436326887,0.414825136,0.393323385,0.37457116,0.355818935,0.339535171,0.323251407,0.309121564,0.29499172
CHL,0.105225769,0.087721537,0.070217306,0.052713074,0.046811713,0.040910351,0.03628617,0.031661988,0.028056518,0.024451047,0.021650729,0.018850411,0.016681977,0.014513543,0.01283832,0.011163096
CHN,0.374537985,0.363355969,0.352173954,0.340991938,0.32125556,0.301519182,0.28575632,0.269993457,0.257268426,0.244543394,0.234146007,0.22374862,0.215149864,0.206551107,0.199357822,0.192164536
HKG,NaN,NaN,NaN,NaN,NaN,NaN,NaN,NaN,NaN,NaN,NaN,NaN,NaN,NaN,NaN,NaN
MAC,NaN,NaN,NaN,NaN,NaN,NaN,NaN,NaN,NaN,NaN,NaN,NaN,NaN,NaN,NaN,NaN
COL,0.176513089,0.167276179,0.158039268,0.148802357,0.138519801,0.128237244,0.119876557,0.11151587,0.104621952,0.097728033,0.091972404,0.086216774,0.081358385,0.076499996,0.072359019,0.068218041
COM,NaN,NaN,NaN,NaN,NaN,NaN,NaN,NaN,NaN,NaN,NaN,NaN,NaN,NaN,NaN,NaN
COG,0.30282372,0.283937439,0.265051159,0.246164878,0.231611034,0.21705719,0.205010037,0.192962884,0.18289129,0.172819696,0.164316025,0.155812354,0.148564249,0.141316144,0.135083249,0.128850354
COK,NaN,NaN,NaN,NaN,NaN,NaN,NaN,NaN,NaN,NaN,NaN,NaN,NaN,NaN,NaN,NaN
CRI,0.202677033,0.213064067,0.2234511,0.233838133,0.219421851,0.205005569,0.192760704,0.180515838,0.170066251,0.159616663,0.150652596,0.141688528,0.133957708,0.126226887,0.119524684,0.11282248
CIV,0.445653736,0.408367471,0.371081207,0.333794942,0.316475911,0.299156879,0.285054314,0.270951748,0.25936239,0.247773031,0.238152154,0.228531277,0.220463186,0.212395095,0.205563288,0.19873148
HRV,0.388360739,0.352251478,0.316142217,0.280032956,0.266212748,0.252392539,0.241463722,0.230534904,0.22175558,0.212976256,0.205820502,0.198664747,0.192755697,0.186846647,0.181910249,0.17697385
CUB,0.209196501,0.190333003,0.171469504,0.152606005,0.141972989,0.131339973,0.122467851,0.113595728,0.106138759,0.098681789,0.092371327,0.086060864,0.080687046,0.075313228,0.070710904,0.06610858
CUW,NaN,NaN,NaN,NaN,NaN,NaN,NaN,NaN,NaN,NaN,NaN,NaN,NaN,NaN,NaN,NaN
CYP,0.298982047,0.266174094,0.233366141,0.200558188,0.189653154,0.17874812,0.169560488,0.160372855,0.152560417,0.144747979,0.138046576,0.131345173,0.125549787,0.119754401,0.114704708,0.109655014
CZE,0.236087034,0.212784067,0.189481101,0.166178134,0.154355901,0.142533667,0.132462899,0.12239213,0.113805909,0.105219688,0.097889915,0.090560141,0.084293814,0.078027487,0.072662139,0.067296791
PRK,0.347700213,0.319210426,0.290720638,0.262230851,0.249436095,0.236641338,0.226588556,0.216535774,0.208499025,0.200462276,0.193936512,0.187410748,0.182038782,0.176666816,0.172191339,0.167715861
COD,0.525128308,0.506636616,0.488144924,0.469653232,0.445581448,0.421509663,0.400517132,0.3795246,0.361358157,0.343191714,0.327513694,0.311835673,0.298297115,0.284758556,0.273035786,0.261313016
DNK,0.111231107,0.103622215,0.096013322,0.088404429,0.085015657,0.081626884,0.079068206,0.076509528,0.074527632,0.072545735,0.070979771,0.069413807,0.068156818,0.066899828,0.065877956,0.064856083
DJI,NaN,NaN,NaN,NaN,NaN,NaN,NaN,NaN,NaN,NaN,NaN,NaN,NaN,NaN,NaN,NaN
DMA,NaN,NaN,NaN,NaN,NaN,NaN,NaN,NaN,NaN,NaN,NaN,NaN,NaN,NaN,NaN,NaN
DOM,0.181839066,0.189078131,0.196317197,0.203556262,0.19220671,0.180857157,0.171444063,0.162030968,0.154132634,0.146234299,0.139534877,0.132835455,0.127096284,0.121357113,0.116395913,0.111434713
ECU,0.3252662,0.292192399,0.259118599,0.226044798,0.2120711,0.198097401,0.185689274,0.173281147,0.162312663,0.151344178,0.141683196,0.132022213,0.123537387,0.11505256,0.107617892,0.100183223
EGY,0.528380913,0.484591827,0.44080274,0.397013653,0.375526512,0.354039371,0.335561238,0.317083105,0.301221769,0.285360432,0.271726217,0.258092002,0.246332356,0.23457271,0.22438374,0.214194769
SLV,0.258092013,0.250624025,0.243156038,0.23568805,0.221186446,0.206684841,0.194316793,0.181948745,0.171359346,0.160769947,0.151662814,0.142555681,0.134686591,0.126817501,0.119986378,0.113155255
GNQ,NaN,NaN,NaN,NaN,NaN,NaN,NaN,NaN,NaN,NaN,NaN,NaN,NaN,NaN,NaN,NaN
ERI,0.597216172,0.607902345,0.618588517,0.629274689,0.603092683,0.576910677,0.551974971,0.527039265,0.503857164,0.480675062,0.459506216,0.43833737,0.41924719,0.400157009,0.383079892,0.366002775
EST,0.284469042,0.261228085,0.237987127,0.214746169,0.203005601,0.191265032,0.180891395,0.170517757,0.161349269,0.15218078,0.144071284,0.135961787,0.128781329,0.121600871,0.115235071,0.10886927
SWZ,0.726171797,0.694053594,0.661935391,0.629817188,0.603506356,0.577195524,0.552236623,0.527277721,0.504172895,0.481068068,0.460058659,0.439049249,0.420177595,0.401305941,0.384484377,0.367662813
ETH,0.760145895,0.73724179,0.714337685,0.69143358,0.664487783,0.637541985,0.610437776,0.583333566,0.556908363,0.53048316,0.505384868,0.480286575,0.456939928,0.433593281,0.412216766,0.390840251
FLK,NaN,NaN,NaN,NaN,NaN,NaN,NaN,NaN,NaN,NaN,NaN,NaN,NaN,NaN,NaN,NaN
FRO,NaN,NaN,NaN,NaN,NaN,NaN,NaN,NaN,NaN,NaN,NaN,NaN,NaN,NaN,NaN,NaN
FJI,NaN,NaN,NaN,NaN,NaN,NaN,NaN,NaN,NaN,NaN,NaN,NaN,NaN,NaN,NaN,NaN
FIN,0.131913621,0.118997241,0.106080862,0.093164482,0.086573032,0.079981582,0.074383964,0.068786346,0.064019298,0.059252249,0.055181967,0.051111684,0.047628105,0.044144526,0.041156735,0.038168943
FRA,0.165948998,0.141647997,0.117346995,0.093045993,0.087143212,0.08124043,0.076326401,0.071412371,0.067274511,0.06313665,0.059617547,0.056098443,0.053079445,0.050060447,0.047450658,0.044840868
GUF,NaN,NaN,NaN,NaN,NaN,NaN,NaN,NaN,NaN,NaN,NaN,NaN,NaN,NaN,NaN,NaN
PYF,NaN,NaN,NaN,NaN,NaN,NaN,NaN,NaN,NaN,NaN,NaN,NaN,NaN,NaN,NaN,NaN
GAB,0.097458277,0.095836554,0.09421483,0.092593107,0.090534857,0.088476607,0.087210253,0.085943899,0.085143367,0.084342835,0.083828086,0.083313337,0.082978719,0.082644101,0.082425036,0.082205971
GMB,0.347252646,0.320325292,0.293397937,0.266470583,0.253561505,0.240652427,0.230884633,0.221116839,0.213565164,0.206013489,0.200066364,0.194119239,0.189362001,0.184604762,0.180748911,0.176893059
GEO,0.385415177,0.365360353,0.34530553,0.325250706,0.30905545,0.292860193,0.27953425,0.266208306,0.255149142,0.244089977,0.234826291,0.225562605,0.217730412,0.209898218,0.203216979,0.196535739
DEU,0.209886814,0.194303628,0.178720442,0.163137256,0.151284481,0.139431706,0.129337013,0.11924232,0.110644804,0.102047287,0.094721288,0.087395288,0.081147971,0.074900653,0.06956837,0.064236086
GHA,0.402434715,0.37835943,0.354284144,0.330208859,0.313796428,0.297383996,0.284093695,0.270803393,0.259931422,0.249059451,0.240069981,0.23108051,0.22356941,0.21605831,0.209720416,0.203382522
GIB,NaN,NaN,NaN,NaN,NaN,NaN,NaN,NaN,NaN,NaN,NaN,NaN,NaN,NaN,NaN,NaN
GRC,0.215257298,0.227664595,0.240071893,0.25247919,0.237911595,0.223343999,0.211305527,0.199267054,0.189216079,0.179165104,0.170687421,0.162209737,0.154989005,0.147768273,0.141561794,0.135355315
GRD,NaN,NaN,NaN,NaN,NaN,NaN,NaN,NaN,NaN,NaN,NaN,NaN,NaN,NaN,NaN,NaN
GLP,NaN,NaN,NaN,NaN,NaN,NaN,NaN,NaN,NaN,NaN,NaN,NaN,NaN,NaN,NaN,NaN
GUM,NaN,NaN,NaN,NaN,NaN,NaN,NaN,NaN,NaN,NaN,NaN,NaN,NaN,NaN,NaN,NaN
GTM,0.44848415,0.415328299,0.382172449,0.349016598,0.331260076,0.313503553,0.298776804,0.284050054,0.271760331,0.259470607,0.249135517,0.238800427,0.2300374,0.221274373,0.213783081,0.206291789
GGY,NaN,NaN,NaN,NaN,NaN,NaN,NaN,NaN,NaN,NaN,NaN,NaN,NaN,NaN,NaN,NaN
GIN,0.591009169,0.550768338,0.510527506,0.470286675,0.44609387,0.421901065,0.400634255,0.379367445,0.360831987,0.342296528,0.326200891,0.310105254,0.296132897,0.282160539,0.270008718,0.257856896
GNB,0.550126492,0.542212984,0.534299476,0.526385968,0.498683341,0.470980713,0.445085508,0.419190303,0.395452651,0.371714999,0.350272819,0.328830638,0.309666789,0.290502939,0.273500859,0.256498778
GUY,NaN,NaN,NaN,NaN,NaN,NaN,NaN,NaN,NaN,NaN,NaN,NaN,NaN,NaN,NaN,NaN
HTI,0.393307856,0.357495712,0.321683568,0.285871424,0.268970042,0.25206866,0.239238408,0.226408155,0.216454262,0.206500368,0.198623861,0.190747353,0.184405489,0.178063624,0.172879903,0.167696181
VAT,NaN,NaN,NaN,NaN,NaN,NaN,NaN,NaN,NaN,NaN,NaN,NaN,NaN,NaN,NaN,NaN
HND,0.394610187,0.372810374,0.35101056,0.329210747,0.311901504,0.29459226,0.280285447,0.265978633,0.254064561,0.242150488,0.232142982,0.222135476,0.213654233,0.20517299,0.197922317,0.190671644
HUN,0.267387062,0.254194124,0.241001185,0.227808247,0.215531261,0.203254275,0.192264391,0.181274507,0.171456103,0.161637699,0.152877819,0.144117938,0.136309476,0.128501014,0.121544461,0.114587908
ISL,NaN,NaN,NaN,NaN,NaN,NaN,NaN,NaN,NaN,NaN,NaN,NaN,NaN,NaN,NaN,NaN
IND,0.619633938,0.588527877,0.557421815,0.526315753,0.498613249,0.470910744,0.445015496,0.419120247,0.395382383,0.371644518,0.350202015,0.328759512,0.30959531,0.290431107,0.273428723,0.256426339
IDN,0.422464009,0.411338018,0.400212026,0.389086035,0.369229698,0.349373361,0.332767766,0.31616217,0.30223744,0.28831271,0.276573454,0.264834197,0.254871242,0.244908286,0.236391879,0.227875471
IRN,0.229242973,0.217225946,0.205208919,0.193191892,0.182335448,0.171479004,0.162443668,0.153408332,0.14580369,0.138199048,0.131731566,0.125264084,0.119711024,0.114157963,0.109348487,0.104539011
IRQ,0.272497271,0.253924542,0.235351812,0.216779083,0.203533808,0.190288532,0.179324202,0.168359872,0.159188193,0.150016513,0.142266714,0.134516914,0.127906503,0.121296091,0.115608274,0.109920457
IRL,0.334356254,0.305242507,0.276128761,0.247015014,0.232425577,0.21783614,0.205779573,0.193723006,0.183657503,0.173591999,0.165103165,0.156614331,0.149385596,0.14215686,0.135945268,0.129733675
IMN,NaN,NaN,NaN,NaN,NaN,NaN,NaN,NaN,NaN,NaN,NaN,NaN,NaN,NaN,NaN,NaN
ISR,0.073564337,0.072998675,0.072433012,0.071867349,0.070386463,0.068905576,0.067481376,0.066057175,0.064687845,0.063318514,0.062002265,0.060686016,0.059421094,0.058156171,0.056940852,0.055725532
ITA,0.273691025,0.257772051,0.241853076,0.225934101,0.213319922,0.200705743,0.189277343,0.177848943,0.167548676,0.157248409,0.148006974,0.138765539,0.130506762,0.122247984,0.114892625,0.107537266
JAM,0.408599882,0.380309765,0.352019647,0.323729529,0.309015272,0.294301015,0.282880681,0.271460346,0.262465002,0.253469658,0.246285738,0.239101817,0.233292871,0.227483924,0.222735247,0.217986569
JPN,0.118445808,0.154711615,0.190977423,0.22724323,0.213390353,0.199537475,0.187264981,0.174992486,0.164158333,0.153324179,0.143785265,0.13424635,0.125864629,0.117482907,0.110128982,0.102775057
JEY,NaN,NaN,NaN,NaN,NaN,NaN,NaN,NaN,NaN,NaN,NaN,NaN,NaN,NaN,NaN,NaN
JOR,0.096052827,0.106285654,0.116518481,0.126751308,0.117884762,0.109018216,0.101831437,0.094644658,0.088731193,0.082817727,0.077887918,0.072958108,0.068801278,0.064644447,0.061104406,0.057564364
KAZ,0.384183669,0.345077339,0.305971008,0.266864677,0.253252459,0.23964024,0.229054585,0.218468929,0.210081595,0.201694261,0.194936696,0.188179131,0.182654237,0.177129343,0.172554259,0.167979174
KEN,0.694657096,0.669264192,0.643871287,0.618478383,0.592267092,0.5660558,0.541489533,0.516923265,0.494426659,0.471930053,0.451663086,0.431396119,0.413331864,0.395267609,0.379266996,0.363266382
KIR,NaN,NaN,NaN,NaN,NaN,NaN,NaN,NaN,NaN,NaN,NaN,NaN,NaN,NaN,NaN,NaN
KWT,NaN,NaN,NaN,NaN,NaN,NaN,NaN,NaN,NaN,NaN,NaN,NaN,NaN,NaN,NaN,NaN
KGZ,0.59409268,0.55674536,0.51939804,0.48205072,0.456972147,0.431893573,0.409290966,0.386688359,0.366561932,0.346435504,0.328645875,0.310856246,0.29519283,0.279529414,0.26575654,0.251983666
LAO,0.592427928,0.547755857,0.503083785,0.458411713,0.432355285,0.406298857,0.384617106,0.362935355,0.34497115,0.327006945,0.312093449,0.297179953,0.284731654,0.272283354,0.261818272,0.251353189
LVA,0.295523471,0.274196942,0.252870413,0.231543884,0.219288829,0.207033774,0.196066058,0.185098342,0.175297862,0.165497382,0.156748227,0.147999071,0.140192413,0.132385755,0.125421321,0.118456886
LBN,0.104668693,0.098587385,0.092506078,0.08642477,0.082764224,0.079103678,0.07622825,0.073352822,0.071043088,0.068733354,0.066844115,0.064954876,0.06338635,0.061817823,0.060499239,0.059180654
LSO,0.663487196,0.617254392,0.571021588,0.524788784,0.495336743,0.465884701,0.440227867,0.414571032,0.392579595,0.370588157,0.351876549,0.333164941,0.317267394,0.301369846,0.28783332,0.274296794
LBR,0.447450347,0.415790694,0.38413104,0.352471387,0.333282207,0.314093027,0.298242477,0.282391926,0.269221143,0.25605036,0.245020147,0.233989933,0.224672909,0.215355884,0.207417678,0.199479472
LBY,0.177539752,0.161989504,0.146439255,0.130889007,0.121849933,0.112810859,0.105495653,0.098180446,0.09216721,0.086153973,0.081143387,0.076132801,0.071908025,0.067683249,0.064084091,0.060484932
LIE,NaN,NaN,NaN,NaN,NaN,NaN,NaN,NaN,NaN,NaN,NaN,NaN,NaN,NaN,NaN,NaN
LTU,0.29706077,0.27458154,0.252102309,0.229623079,0.216180306,0.202737532,0.190772836,0.178808139,0.168193055,0.157577971,0.148183014,0.138788057,0.130488008,0.122187958,0.114865023,0.107542088
LUX,NaN,NaN,NaN,NaN,NaN,NaN,NaN,NaN,NaN,NaN,NaN,NaN,NaN,NaN,NaN,NaN
MDG,0.590828488,0.566996976,0.543165463,0.519333951,0.492459658,0.465585365,0.441196357,0.416807348,0.395024253,0.373241158,0.353981007,0.334720855,0.317787092,0.300853328,0.286000482,0.271147635
MWI,0.785295138,0.744860277,0.704425415,0.663990553,0.637573728,0.611156903,0.584108491,0.557060078,0.530081865,0.503103651,0.476839265,0.450574879,0.425554149,0.400533418,0.377144163,0.353754907
MYS,0.216151216,0.203902432,0.191653647,0.179404863,0.166233404,0.153061944,0.141488927,0.129915909,0.119843875,0.10977184,0.101079117,0.092386393,0.084938396,0.077490398,0.071148713,0.064807027
MDV,NaN,NaN,NaN,NaN,NaN,NaN,NaN,NaN,NaN,NaN,NaN,NaN,NaN,NaN,NaN,NaN
MLI,0.534332189,0.507754378,0.481176567,0.454598756,0.430641088,0.406683419,0.38627437,0.36586532,0.348562352,0.331259384,0.316586118,0.301912852,0.289428456,0.27694406,0.266268453,0.255592845
MLT,NaN,NaN,NaN,NaN,NaN,NaN,NaN,NaN,NaN,NaN,NaN,NaN,NaN,NaN,NaN,NaN
MHL,NaN,NaN,NaN,NaN,NaN,NaN,NaN,NaN,NaN,NaN,NaN,NaN,NaN,NaN,NaN,NaN
MTQ,NaN,NaN,NaN,NaN,NaN,NaN,NaN,NaN,NaN,NaN,NaN,NaN,NaN,NaN,NaN,NaN
MRT,0.440639445,0.434548891,0.428458336,0.422367781,0.402374053,0.382380325,0.365461605,0.348542885,0.334226747,0.319910608,0.307759319,0.295608029,0.285244193,0.274880357,0.265990268,0.257100179
MUS,0.548426311,0.504452622,0.460478932,0.416505243,0.396686039,0.376866835,0.360228729,0.343590623,0.329608406,0.315626188,0.303828464,0.292030739,0.2820201,0.27200946,0.2634611,0.254912739
MYT,NaN,NaN,NaN,NaN,NaN,NaN,NaN,NaN,NaN,NaN,NaN,NaN,NaN,NaN,NaN,NaN
MEX,0.178484773,0.164279546,0.150074318,0.135869091,0.125925787,0.115982482,0.107610472,0.099238461,0.092166424,0.085094387,0.079101271,0.073108155,0.068013882,0.062919609,0.058577151,0.054234693
FSM,NaN,NaN,NaN,NaN,NaN,NaN,NaN,NaN,NaN,NaN,NaN,NaN,NaN,NaN,NaN,NaN
MCO,NaN,NaN,NaN,NaN,NaN,NaN,NaN,NaN,NaN,NaN,NaN,NaN,NaN,NaN,NaN,NaN
MNG,0.296613171,0.279796342,0.262979512,0.246162683,0.231571558,0.216980433,0.204922114,0.192863794,0.182796708,0.172729622,0.16423951,0.155749398,0.148519756,0.141290113,0.13507801,0.128865906
MNE,NaN,NaN,NaN,NaN,NaN,NaN,NaN,NaN,NaN,NaN,NaN,NaN,NaN,NaN,NaN,NaN
MSR,NaN,NaN,NaN,NaN,NaN,NaN,NaN,NaN,NaN,NaN,NaN,NaN,NaN,NaN,NaN,NaN
MAR,0.342066953,0.319453906,0.296840858,0.274227811,0.261039796,0.24785178,0.237604652,0.227357523,0.219251161,0.211144799,0.204628377,0.198111954,0.192799707,0.187487459,0.183103918,0.178720376
MOZ,0.58058499,0.531909981,0.483234971,0.434559961,0.412388289,0.390216616,0.37159183,0.352967043,0.337340573,0.321714102,0.308565362,0.295416622,0.284295423,0.273174223,0.263708404,0.254242585
MMR,0.63795125,0.5873125,0.536673749,0.486034999,0.461576372,0.437117744,0.415649873,0.394182001,0.375514547,0.356847092,0.340680274,0.324513456,0.310518231,0.296523006,0.284384193,0.272245379
NAM,0.471901598,0.464133196,0.456364793,0.448596391,0.425498206,0.402400021,0.382185968,0.361971914,0.344394559,0.326817203,0.3115656,0.296313997,0.283071333,0.269828669,0.258301336,0.246774003
NRU,NaN,NaN,NaN,NaN,NaN,NaN,NaN,NaN,NaN,NaN,NaN,NaN,NaN,NaN,NaN,NaN
NPL,0.762720178,0.731200357,0.699680535,0.668160713,0.640972282,0.61378385,0.586533597,0.559283344,0.532746894,0.506210444,0.480992906,0.455775367,0.432282279,0.40878919,0.387239286,0.365689381
NLD,0.083181176,0.088722353,0.094263529,0.099804705,0.090702347,0.081599988,0.073870276,0.066140564,0.059676201,0.053211837,0.047876603,0.042541368,0.038186998,0.033832628,0.030311756,0.026790884
NCL,NaN,NaN,NaN,NaN,NaN,NaN,NaN,NaN,NaN,NaN,NaN,NaN,NaN,NaN,NaN,NaN
NZL,0.121838761,0.110667523,0.099496284,0.088325045,0.083516758,0.078708471,0.074826372,0.070944272,0.067748102,0.064551931,0.061877017,0.059202102,0.056932061,0.054662019,0.052712407,0.050762794
NIC,0.381043686,0.352207371,0.323371057,0.294534742,0.282822217,0.271109692,0.262169084,0.253228476,0.246288739,0.239349002,0.233883752,0.228418501,0.224061122,0.219703742,0.21619341,0.212683077
NER,0.799066966,0.764393931,0.729720897,0.695047862,0.669308857,0.643569852,0.617287026,0.5910042,0.564918259,0.538832318,0.513582546,0.488332773,0.464405495,0.440478217,0.418193283,0.395908348
NGA,0.445303172,0.410186343,0.375069515,0.339952686,0.321764249,0.303575812,0.288559334,0.273542856,0.261059279,0.248575701,0.238110519,0.227645337,0.218794336,0.209943335,0.202391759,0.194840183
NIU,NaN,NaN,NaN,NaN,NaN,NaN,NaN,NaN,NaN,NaN,NaN,NaN,NaN,NaN,NaN,NaN
MKD,0.377486487,0.339792973,0.30209946,0.264405946,0.251504002,0.238602058,0.228613908,0.218625757,0.210744697,0.202863636,0.196539916,0.190216196,0.185067682,0.179919168,0.17567452,0.171429871
MNP,NaN,NaN,NaN,NaN,NaN,NaN,NaN,NaN,NaN,NaN,NaN,NaN,NaN,NaN,NaN,NaN
NOR,0.158102715,0.14594543,0.133788144,0.121630859,0.113981386,0.106331912,0.100292955,0.094253997,0.089377193,0.084500388,0.080486649,0.076472909,0.073116033,0.069759156,0.066912851,0.064066545
OMN,0.145683065,0.154126129,0.162569194,0.171012258,0.158337413,0.145662568,0.134661581,0.123660593,0.114174056,0.104687519,0.09655138,0.088415241,0.081469075,0.074522908,0.068615308,0.062707707
PAK,0.588718065,0.549086131,0.509454196,0.469822261,0.446057246,0.422292231,0.401265549,0.380238866,0.361796122,0.343353377,0.327243709,0.31113404,0.297075326,0.283016612,0.27073261,0.258448607
PLW,NaN,NaN,NaN,NaN,NaN,NaN,NaN,NaN,NaN,NaN,NaN,NaN,NaN,NaN,NaN,NaN
PAN,0.274857446,0.233854892,0.192852338,0.151849784,0.141277317,0.130704849,0.1220336,0.11336235,0.106167259,0.098972168,0.092938909,0.08690565,0.081798867,0.076692084,0.072333202,0.067974319
PNG,0.834713511,0.802877023,0.771040534,0.739204045,0.712711117,0.686218188,0.659702455,0.633186721,0.607699278,0.582211835,0.558488267,0.534764698,0.513204092,0.491643485,0.472369746,0.453096006
PRY,0.34654388,0.314917759,0.283291639,0.251665518,0.237096961,0.222528403,0.210488887,0.19844937,0.188397393,0.178345416,0.169866863,0.161388309,0.154166892,0.146945475,0.140738523,0.13453157
PER,0.199132981,0.181235961,0.163338942,0.145441922,0.135200524,0.124959125,0.116225603,0.107492081,0.100034613,0.092577144,0.086199585,0.079822026,0.07435931,0.068896594,0.064210117,0.05952364
PHL,0.483005314,0.440090628,0.397175942,0.354261256,0.335917237,0.317573217,0.302190916,0.286808614,0.273852722,0.26089683,0.249916217,0.238935603,0.229562958,0.220190312,0.212131321,0.20407233
POL,0.363942321,0.328314642,0.292686962,0.257059283,0.242496483,0.227933683,0.215900752,0.203867821,0.193822496,0.18377717,0.17530476,0.16683235,0.159616199,0.152400048,0.146197277,0.139994505
PRT,0.317199623,0.297499245,0.277798868,0.25809849,0.24336067,0.228622849,0.216446569,0.204270289,0.194107383,0.183944477,0.175375149,0.16680582,0.159509259,0.152212697,0.145942736,0.139672775
PRI,NaN,NaN,NaN,NaN,NaN,NaN,NaN,NaN,NaN,NaN,NaN,NaN,NaN,NaN,NaN,NaN
QAT,0.011640595,0.01563119,0.019621784,0.023612379,0.021554598,0.019496816,0.01779179,0.016086764,0.014675918,0.013265072,0.012098945,0.010932817,0.009969846,0.009006875,0.008212271,0.007417666
KOR,0.164098878,0.142337757,0.120576635,0.098815513,0.089714806,0.080614098,0.072895928,0.065177758,0.058734986,0.052292213,0.04698701,0.041681806,0.037363438,0.033045069,0.029563538,0.026082006
MDA,0.518811743,0.466113486,0.413415228,0.360716971,0.339958433,0.319199894,0.301577693,0.283955491,0.268981471,0.254007451,0.241237524,0.228467597,0.217521562,0.206575526,0.197137873,0.18770022
REU,NaN,NaN,NaN,NaN,NaN,NaN,NaN,NaN,NaN,NaN,NaN,NaN,NaN,NaN,NaN,NaN
ROU,0.416809146,0.375558293,0.334307439,0.293056585,0.281346256,0.269635927,0.260694829,0.25175373,0.244811125,0.237868519,0.232398533,0.226928546,0.222565069,0.218201591,0.21468423,0.211166869
RUS,0.231260871,0.210061742,0.188862612,0.167663483,0.155952154,0.144240825,0.134355958,0.12447109,0.116094542,0.107717994,0.100590755,0.093463515,0.087375312,0.081287108,0.076067086,0.070847064
RWA,0.785787193,0.745894386,0.706001578,0.666108771,0.638589003,0.611069235,0.583230238,0.55539124,0.528031153,0.500671066,0.474453891,0.448236715,0.423645663,0.39905461,0.376387207,0.353719804
BLM,NaN,NaN,NaN,NaN,NaN,NaN,NaN,NaN,NaN,NaN,NaN,NaN,NaN,NaN,NaN,NaN
SHN,NaN,NaN,NaN,NaN,NaN,NaN,NaN,NaN,NaN,NaN,NaN,NaN,NaN,NaN,NaN,NaN
KNA,NaN,NaN,NaN,NaN,NaN,NaN,NaN,NaN,NaN,NaN,NaN,NaN,NaN,NaN,NaN,NaN
LCA,NaN,NaN,NaN,NaN,NaN,NaN,NaN,NaN,NaN,NaN,NaN,NaN,NaN,NaN,NaN,NaN
MAF,NaN,NaN,NaN,NaN,NaN,NaN,NaN,NaN,NaN,NaN,NaN,NaN,NaN,NaN,NaN,NaN
VCT,NaN,NaN,NaN,NaN,NaN,NaN,NaN,NaN,NaN,NaN,NaN,NaN,NaN,NaN,NaN,NaN
WSM,NaN,NaN,NaN,NaN,NaN,NaN,NaN,NaN,NaN,NaN,NaN,NaN,NaN,NaN,NaN,NaN
SMR,NaN,NaN,NaN,NaN,NaN,NaN,NaN,NaN,NaN,NaN,NaN,NaN,NaN,NaN,NaN,NaN
STP,NaN,NaN,NaN,NaN,NaN,NaN,NaN,NaN,NaN,NaN,NaN,NaN,NaN,NaN,NaN,NaN
SAU,0.144499316,0.131868633,0.119237949,0.106607265,0.097750885,0.088894505,0.081390124,0.073885742,0.067564787,0.061243831,0.055946352,0.050648873,0.046227795,0.041806717,0.038129983,0.034453248
SEN,0.490526116,0.462272232,0.434018348,0.405764464,0.384902871,0.364041278,0.346392586,0.328743893,0.313809783,0.298875673,0.286195223,0.273514772,0.262691562,0.251868351,0.242573702,0.233279052
SRB,0.401593635,0.367647271,0.333700906,0.299754541,0.286400509,0.273046476,0.262567278,0.252088079,0.243741108,0.235394137,0.228653703,0.221913268,0.216403168,0.210893067,0.20634004,0.201787013
SYC,NaN,NaN,NaN,NaN,NaN,NaN,NaN,NaN,NaN,NaN,NaN,NaN,NaN,NaN,NaN,NaN
SLE,0.540183005,0.50959601,0.479009014,0.448422019,0.425454868,0.402487717,0.382205162,0.361922607,0.344138438,0.326354269,0.310809519,0.295264769,0.281682028,0.268099286,0.256212689,0.244326092
SGP,NaN,NaN,NaN,NaN,NaN,NaN,NaN,NaN,NaN,NaN,NaN,NaN,NaN,NaN,NaN,NaN
SXM,NaN,NaN,NaN,NaN,NaN,NaN,NaN,NaN,NaN,NaN,NaN,NaN,NaN,NaN,NaN,NaN
SVK,0.424769491,0.387138981,0.349508472,0.311877962,0.298888055,0.285898147,0.27579833,0.265698513,0.257730222,0.24976193,0.243391167,0.237020403,0.231866789,0.226713174,0.222501473,0.218289771
SVN,0.423658995,0.39849799,0.373336984,0.348175979,0.330771702,0.313367425,0.299053974,0.284740522,0.2728826,0.261024677,0.251116248,0.241207818,0.232854218,0.224500617,0.217396118,0.210291618
SLB,NaN,NaN,NaN,NaN,NaN,NaN,NaN,NaN,NaN,NaN,NaN,NaN,NaN,NaN,NaN,NaN
SOM,0.518831013,0.499072026,0.479313039,0.459554052,0.436469205,0.413384357,0.392875253,0.372366149,0.354292447,0.336218745,0.320355102,0.304491458,0.290583062,0.276674666,0.264469749,0.252264831
ZAF,0.307244531,0.288029062,0.268813592,0.249598123,0.235310157,0.221022191,0.20928846,0.197554729,0.187807186,0.178059642,0.169870816,0.16168199,0.154729628,0.147777266,0.141816743,0.135856219
SSD,NaN,NaN,NaN,NaN,NaN,NaN,NaN,NaN,NaN,NaN,NaN,NaN,NaN,NaN,NaN,NaN
ESP,0.178651301,0.165402602,0.152153902,0.138905203,0.127926364,0.116947525,0.107517355,0.098087184,0.090044527,0.08200187,0.075183856,0.068365842,0.062615424,0.056865006,0.052035805,0.047206603
LKA,0.790599619,0.768329239,0.746058858,0.723788477,0.697516954,0.671245431,0.64436053,0.617475629,0.59088539,0.564295151,0.538751911,0.51320867,0.489244271,0.465279872,0.443202353,0.421124833
PSE,0.215197059,0.197584118,0.179971177,0.162358236,0.150820944,0.139283651,0.129458488,0.119633325,0.111257397,0.102881469,0.095730981,0.088580492,0.082466593,0.076352693,0.071116714,0.065880735
SDN,0.593778039,0.540086077,0.486394116,0.432702154,0.411928768,0.391155382,0.373467603,0.355779823,0.340741967,0.32570411,0.312893644,0.300083178,0.289125768,0.278168357,0.268747221,0.259326085
SUR,NaN,NaN,NaN,NaN,NaN,NaN,NaN,NaN,NaN,NaN,NaN,NaN,NaN,NaN,NaN,NaN
SWE,0.113874783,0.107519566,0.101164349,0.094809132,0.088325459,0.081841785,0.076421793,0.0710018,0.066432972,0.061864144,0.057984348,0.054104551,0.050788451,0.04747235,0.044621834,0.041771317
CHE,0.236979551,0.213109102,0.189238653,0.165368204,0.153538051,0.141707898,0.131630885,0.121553871,0.11296463,0.104375388,0.097046456,0.089717523,0.083455954,0.077194385,0.071837424,0.066480463
SYR,0.40995014,0.374650281,0.339350421,0.304050561,0.290701301,0.27735204,0.266854197,0.256356354,0.247981246,0.239606137,0.232835119,0.226064101,0.22052441,0.214984718,0.210404649,0.205824579
TJK,0.68483021,0.644720421,0.604610631,0.564500841,0.537809816,0.511118791,0.486678003,0.462237215,0.440273171,0.418309126,0.398809977,0.379310827,0.36212184,0.344932853,0.32982999,0.314727127
THA,0.486922359,0.488144719,0.489367078,0.490589437,0.4660963,0.441603162,0.419601927,0.397600691,0.378061687,0.358522683,0.341284938,0.324047193,0.308886816,0.293726438,0.280401156,0.267075874
TLS,0.647975509,0.609151018,0.570326527,0.531502036,0.503830053,0.476158069,0.451420697,0.426683324,0.404931148,0.383178972,0.364229426,0.34527988,0.328840241,0.312400601,0.298146866,0.28389313
TGO,0.526580498,0.481160996,0.435741494,0.390321992,0.370202058,0.350082124,0.333476966,0.316871807,0.303113162,0.289354516,0.277878846,0.266403176,0.256756758,0.24711034,0.238935315,0.23076029
TKL,NaN,NaN,NaN,NaN,NaN,NaN,NaN,NaN,NaN,NaN,NaN,NaN,NaN,NaN,NaN,NaN
TON,NaN,NaN,NaN,NaN,NaN,NaN,NaN,NaN,NaN,NaN,NaN,NaN,NaN,NaN,NaN,NaN
TTO,0.531505004,0.595150009,0.658795013,0.722440017,0.695244006,0.668047994,0.640548024,0.613048053,0.586250669,0.559453284,0.534122666,0.508792048,0.485404171,0.462016293,0.44078807,0.419559847
TUN,0.286282994,0.268245988,0.250208981,0.232171975,0.21931438,0.206456784,0.194935172,0.18341356,0.173119378,0.162825195,0.153648299,0.144471403,0.13630442,0.128137437,0.120878479,0.113619521
TUR,0.234621955,0.23029391,0.225965865,0.22163782,0.209702464,0.197767107,0.186751837,0.175736566,0.165647667,0.155558767,0.146383737,0.137208707,0.12891933,0.120629952,0.113185614,0.105741276
TKM,0.443240337,0.411640674,0.38004101,0.348441347,0.330850157,0.313258967,0.298724936,0.284190905,0.272101829,0.260012753,0.249875423,0.239738092,0.23116442,0.222590747,0.215277964,0.207965181
TCA,NaN,NaN,NaN,NaN,NaN,NaN,NaN,NaN,NaN,NaN,NaN,NaN,NaN,NaN,NaN,NaN
TUV,NaN,NaN,NaN,NaN,NaN,NaN,NaN,NaN,NaN,NaN,NaN,NaN,NaN,NaN,NaN,NaN
UGA,0.745759099,0.741058198,0.736357297,0.731656396,0.705893314,0.680130231,0.654619722,0.629109213,0.60478672,0.580464226,0.557954174,0.535444121,0.515062336,0.49468055,0.476500911,0.458321271
UKR,0.282299909,0.260679818,0.239059726,0.217439635,0.205157427,0.192875218,0.18204276,0.171210302,0.161658375,0.152106447,0.143680699,0.13525495,0.127817233,0.120379515,0.113807686,0.107235857
ARE,0.120734421,0.111948842,0.103163263,0.094377684,0.086565139,0.078752594,0.07215947,0.065566345,0.060025782,0.054485219,0.049845525,0.045205831,0.041331853,0.037457875,0.034231059,0.031004243
GBR,0.150600243,0.140230487,0.12986073,0.119490973,0.111943651,0.104396329,0.098456816,0.092517303,0.087732568,0.082947833,0.079017516,0.075087199,0.071805228,0.068523257,0.065744008,0.062964759
TZA,0.626762043,0.605794086,0.584826128,0.563858171,0.537170218,0.510482265,0.486042132,0.461601999,0.439635595,0.417669191,0.398164908,0.378660624,0.361464356,0.344268087,0.329156505,0.314044922
USA,0.156131996,0.138903993,0.121675989,0.104447985,0.095581204,0.086714422,0.079214932,0.071715441,0.065416766,0.059118091,0.053859258,0.048600424,0.044231586,0.039862747,0.036248343,0.032633939
VIR,NaN,NaN,NaN,NaN,NaN,NaN,NaN,NaN,NaN,NaN,NaN,NaN,NaN,NaN,NaN,NaN
URY,0.045826202,0.046802403,0.047778605,0.048754806,0.045424023,0.04209324,0.039200185,0.03630713,0.033798763,0.031290395,0.02911893,0.026947464,0.02507017,0.023192875,0.021571781,0.019950687
UZB,0.488857135,0.48187427,0.474891404,0.467908539,0.444100705,0.42029287,0.399107218,0.377921566,0.359241818,0.34056207,0.324170395,0.30777872,0.293418181,0.279057642,0.266469597,0.253881551
VUT,NaN,NaN,NaN,NaN,NaN,NaN,NaN,NaN,NaN,NaN,NaN,NaN,NaN,NaN,NaN,NaN
VEN,0.092832674,0.068455349,0.044078023,0.019700697,0.016355844,0.013010991,0.010792007,0.008573023,0.007106595,0.005640167,0.004673533,0.003706899,0.003070785,0.00243467,0.002016524,0.001598377
VNM,0.598512381,0.570424762,0.542337142,0.514249523,0.486807805,0.459366086,0.434446551,0.409527015,0.387268538,0.365010061,0.345337974,0.325665886,0.308384809,0.291103732,0.275965024,0.260826315
WLF,NaN,NaN,NaN,NaN,NaN,NaN,NaN,NaN,NaN,NaN,NaN,NaN,NaN,NaN,NaN,NaN
ESH,NaN,NaN,NaN,NaN,NaN,NaN,NaN,NaN,NaN,NaN,NaN,NaN,NaN,NaN,NaN,NaN
YEM,0.588881281,0.556842561,0.524803842,0.492765122,0.467577314,0.442389506,0.420758693,0.39912788,0.380713046,0.362298211,0.346660193,0.331022175,0.317722912,0.304423649,0.293070231,0.281716813
ZMB,0.532604503,0.511499006,0.490393508,0.469288011,0.444926799,0.420565587,0.398933789,0.37730199,0.35827741,0.339252829,0.322603488,0.305954147,0.29140684,0.276859532,0.264140386,0.251421239
ZWE,0.620646356,0.563712712,0.506779067,0.449845423,0.426875356,0.403905288,0.383620976,0.363336663,0.345552255,0.327767847,0.312224193,0.296680538,0.283099841,0.269519144,0.25763513,0.245751116