"Quantity of total crop and animal output ($1000, constant 2017 USD)",1990,1991,1992,1993,1994,1995,1996,1997,1998,1999,2000,2001,2002,2003,2004,2005,2006,2007,2008,2009,2010,2011,2012,2013,2014,2015,2016,2017,2018,2019,2020,2021,2022
AFG,3154404.137,3644358.86,3536714.777,3727278.543,3933497.197,4104180.968,4315726.585,4615608.027,4852016.766,4817595.63,4097340.934,3725053.029,4475629.598,4574717.445,4457718.479,4980646.664,4608618.37,5035342.165,4750082.126,5506702.062,5469480.703,5223209.75,5719122.625,5552470.738,5977584.355,5655919.441,6028747.374,5882577.937,5676152.189,6652390.429,6960917.286,6706344.753,NaN
ALB,1067343.474,888158.1272,989670.646,1115557.743,1213686.715,1310660.33,1319141.102,1253687.147,1306565.637,1293432.87,1360207.234,1392848.629,1400822.022,1463950.998,1535036.047,1509414.416,1566389.637,1587619.076,1632851.219,1692150.399,1799697.47,1889060.396,1995063.934,2009344.927,2034999.161,2100917.704,2163208.18,2178155.49,2224400.353,2183289.393,2216514.58,2167650.295,NaN
DZA,4247831.38,4949467.888,5287671.339,5071881.654,4725839.765,5264912.419,6178107.881,5059729.74,5662251.681,5917898.438,5526796.243,5949804.148,6144569.649,7187561.728,7856137.981,8063760.194,8506791.549,7839764.097,7966037.7,9862426.492,10299880.8,11384897.88,12092543.66,13205940.52,13073510.65,13515823.58,13860393.57,13871171.91,14630443.12,15107168.47,15129989.69,14084152.14,NaN
ASM,NaN,NaN,NaN,NaN,NaN,NaN,NaN,NaN,NaN,NaN,NaN,NaN,NaN,NaN,NaN,NaN,NaN,NaN,NaN,NaN,NaN,NaN,NaN,NaN,NaN,NaN,NaN,NaN,NaN,NaN,NaN,NaN,NaN
AND,NaN,NaN,NaN,NaN,NaN,NaN,NaN,NaN,NaN,NaN,NaN,NaN,NaN,NaN,NaN,NaN,NaN,NaN,NaN,NaN,NaN,NaN,NaN,NaN,NaN,NaN,NaN,NaN,NaN,NaN,NaN,NaN,NaN
AGO,1292514.175,1349030.825,1436412.476,1428961.548,1594528.106,1546590.482,1657167.156,1654900.006,1912195.228,1833812.082,2134337.579,2434421.695,2745036.557,2957709.451,3188406.734,3474575.806,3537390.095,4017010.574,4250265.245,5318341.442,5616381.837,6129561.61,5060187.551,6876851.437,6065678.365,6244601.393,6362877.615,6416633.161,6563153.47,6681373.835,6991238.457,7107904.673,NaN
AIA,NaN,NaN,NaN,NaN,NaN,NaN,NaN,NaN,NaN,NaN,NaN,NaN,NaN,NaN,NaN,NaN,NaN,NaN,NaN,NaN,NaN,NaN,NaN,NaN,NaN,NaN,NaN,NaN,NaN,NaN,NaN,NaN,NaN
ATG,NaN,NaN,NaN,NaN,NaN,NaN,NaN,NaN,NaN,NaN,NaN,NaN,NaN,NaN,NaN,NaN,NaN,NaN,NaN,NaN,NaN,NaN,NaN,NaN,NaN,NaN,NaN,NaN,NaN,NaN,NaN,NaN,NaN
ARG,43390001.06,44735834.05,44684672.83,44474207.89,46699175.45,49810276.11,48511868.77,52162859.24,55936378.57,56898222.01,57312108.09,57478818.67,56988812.75,59063810.78,60546475.68,68658513.94,67820010.04,74236639.98,75255038.51,62995224.34,73189950.83,77195630.73,71593336.52,77408905.08,78891843.78,85725448.97,83148806.17,87186475.38,80513326.23,92714771.1,90205884.15,89325477.02,NaN
ARM,1138647.514,1128883.814,1099616.561,985848.6744,1087829.261,1077259.3,1113678.424,964918.8355,1047498.071,1038214.72,1007210.033,1046568.033,1074920.01,1156421.582,1347899.345,1562119.33,1622157.342,1764820.012,1813305.787,1811943.094,1569486.961,1746981.216,1896008.801,1988147.332,2092183.315,2291084.352,2061561.318,2045285.077,1791958.056,1744507.927,1845013.398,1821227.58,NaN
ABW,NaN,NaN,NaN,NaN,NaN,NaN,NaN,NaN,NaN,NaN,NaN,NaN,NaN,NaN,NaN,NaN,NaN,NaN,NaN,NaN,NaN,NaN,NaN,NaN,NaN,NaN,NaN,NaN,NaN,NaN,NaN,NaN,NaN
AUS,30337518.68,30611934.29,29865190.47,31163644.24,32189540.29,29405629.2,32434163.99,35719023.36,35822748.65,37973375.35,39080899.25,38818639.49,39276390.13,31963200.69,38582997.12,38134481.48,39496225.58,32875604.46,34127163.3,36821950.3,36770446.09,39585606.43,42283105.8,42379207.49,43622329.33,43044126.27,41943559.44,46662837.17,42736612.78,38919841.39,37162812.28,45132389.01,NaN
AUT,6623672.849,6494744.194,6290770.268,6253756.587,6254571.974,6043511.923,6052539.495,6202995.846,6317718.323,6481390.512,6350547.977,6477493.833,6433485.216,6258259.77,6608641.741,6344137.277,6322241.651,6496557.342,6868174.359,6757014.561,6324472.567,6832630.283,6366266.174,6384300.111,6769962.139,6460091.847,6674782.436,6534035.444,6666115.373,6631144.931,6755380.606,6621340.143,NaN
AZE,3296884.035,3272589.362,2562254.293,2215127.315,1975613.757,1880564.765,2072902.811,1883621.111,1975594.866,2151354.669,2396369.452,2644371.977,2781320.953,2936567.242,2986579.37,3371711.826,3375530.767,3432571.298,3566402.284,3792177.197,3712605.805,3937024.552,4105844.439,4222723.341,4067853.875,4333535.286,4491091.235,4759325.898,5019103.411,5414806.808,5484175.133,5638725.443,NaN
BHS,30081.06818,27032.02162,27070.60358,27187.42118,26581.89875,34056.08179,38541.23464,36467.45429,44878.32158,46015.41768,35911.23103,37712.79422,37031.17959,40379.23635,42453.0167,42367.27901,43919.13118,45931.82343,45967.19023,44338.17414,52268.91037,53938.65186,52938.73606,53596.77283,55703.77653,56549.36449,56918.03655,56790.50174,57435.67785,56315.72929,56358.59813,56138.8953,NaN
BHR,30484.21054,31186.19821,36101.16754,39772.61585,36302.79107,40084.02392,41212.4823,50008.96843,52592.07194,50564.22484,55004.16492,48581.76943,46409.30232,44270.61506,40847.23758,41264.2077,48738.00127,49445.26705,49271.08965,55419.0238,51026.58665,68138.19593,94341.8651,120309.0753,116380.0555,137721.5364,164491.0182,192127.1645,193881.6058,181201.4917,169122.0256,179103.9736,NaN
BGD,19694573.3,20674242.02,20934937.13,20906442.66,20287943.31,21019635.62,22143028.59,22567280.09,23197850.01,26073877.56,27646913.83,27200617.17,27995817.95,28705649.93,28236890.38,31670947.41,32716446.05,34486794.65,37101512.23,37378039.78,39580766.19,41323057.74,41672947.62,42628377.87,43612397.47,44432832.34,44501799.42,47839221.7,47833997.2,48259192.56,49543936.29,51587524.95,NaN
BRB,NaN,NaN,NaN,NaN,NaN,NaN,NaN,NaN,NaN,NaN,NaN,NaN,NaN,NaN,NaN,NaN,NaN,NaN,NaN,NaN,NaN,NaN,NaN,NaN,NaN,NaN,NaN,NaN,NaN,NaN,NaN,NaN,NaN
BLR,11847619.25,11319734.86,10640912.86,10991800.73,9209142.046,8965613.159,9216983.054,8402326.018,8321712.911,7688481.791,8111722.673,8191843.624,8273065.584,8418880.722,9567011.433,9455619.809,9881508.186,10278647.55,11234771.51,11218998.16,11099538.23,10830746.01,11540957.42,10961693.98,11541503.36,11403512.99,11265373.45,11774240.33,11324367.22,11594230,12160917.58,11728749.9,NaN
BEL,NaN,NaN,NaN,NaN,NaN,NaN,NaN,NaN,NaN,NaN,9590719.272,9221278.643,9544040.625,9315094.096,9649437.426,9107656.398,8892561.671,9105769.17,8784639.646,9030252.226,9435264.369,9479982.997,9002119.366,9440175.657,10030395.18,9999521.927,9580894.555,10101526.43,9700549.935,9988142.897,10013631.71,10121866.31,NaN
BLZ,134374.7265,128185.2155,157293.8722,161714.0869,155793.9044,173520.1553,186733.3893,204220.5735,189479.1274,207332.4772,237594.1018,241486.7554,220211.8246,225919.167,253239.3617,258290.0268,251134.1613,248989.6209,241951.7757,242730.5082,243169.3017,223569.8562,267455.2642,250667.1236,257381.1694,256892.9485,240579.9154,260777.5324,248218.9582,244004.5226,239450.1481,255240.6638,NaN
BEN,1172947.134,1316989.818,1287035.479,1426340.045,1486272.194,1610542.953,1793430.454,1894064.705,1932304.374,2049867.475,2134589.281,2185909.545,2496554.807,2409126.671,2585186.097,2380653.058,2176270.03,2270094.576,2652971.91,2723052.797,2796838.05,3059897.008,3261570.644,3569907.566,3768679.959,3399696.548,3799045.554,4016900.024,4249378.064,4537064.422,4468015.247,4647342.27,NaN
BTN,176033.2253,123345.857,125532.8841,129881.116,131802.0623,135273.4625,134579.6316,131135.1762,127334.8237,121168.9342,101899.9683,104499.0277,100651.5216,108492.4852,129159.2174,189493.3216,215333.4731,210195.9803,177845.2693,165394.4838,172064.4673,210310.4961,188707.4289,183386.9354,191767.9196,197499.3227,226983.7708,225482.7158,195599.7078,209999.5072,228007.6767,204119.9072,NaN
BOL,2818576.648,2853978.867,2789764.429,2958102.644,3164826.932,3423262.791,3563668.497,3659749.52,3785742.961,3826093.275,3958160.753,4052832.671,4227312.075,4432771.639,4453907.091,4753819.204,5041292.247,5351604.203,5434962.991,5677296.554,5572023.333,5708294.621,6334974.661,6603370.507,6788538.514,7191972.261,7220844.918,7179988.714,7729612.325,7761270.734,7727751.053,8225706.742,NaN
BES,NaN,NaN,NaN,NaN,NaN,NaN,NaN,NaN,NaN,NaN,NaN,NaN,NaN,NaN,NaN,NaN,NaN,NaN,NaN,NaN,NaN,NaN,NaN,NaN,NaN,NaN,NaN,NaN,NaN,NaN,NaN,NaN,NaN
BIH,NaN,NaN,1164742.483,1075973.145,942600.9083,896669.7038,832342.0386,1047041.734,1177163.144,1134055.773,972316.8926,1040025.796,1102915.778,1025495.411,1373444.293,1372018.179,1431855.054,1406359.571,1524002.476,1583045.313,1476966.979,1497027.24,1355129.866,1549043.622,1312448.436,1464909.157,1653054.3,1397036.187,1699421.963,1553804.7,1696377.271,1409503.123,NaN
BWA,344828.3745,508824.0447,469589.6259,447485.8572,435221.2783,520066.0657,473149.7182,452731.1822,431971.1138,393682.7906,439719.3101,467862.5938,411707.5418,413027.7936,454369.5179,474701.3964,468905.5418,474961.3688,498863.5346,526132.0877,576650.327,597710.1281,583390.2382,525842.5499,456671.5477,481601.369,433032.4128,426114.0892,438757.922,461084.9611,460303.005,484538.5471,NaN
BRA,88913610.39,93117102.28,98288725.66,98636292.27,105834518,111670786.9,111098191.2,115540852.6,117603836,126265597.9,130224361.1,136693508.5,145585538.9,155517203.9,163955319.1,164788223.5,172699843.5,184420535.3,195847043.6,192580778.6,203800966.4,213460082.7,210984774.9,223475078.3,227205821.9,232484061.5,226307075.6,243917359.1,246459904.6,251865807.6,258420431,257134871.2,NaN
VGB,NaN,NaN,NaN,NaN,NaN,NaN,NaN,NaN,NaN,NaN,NaN,NaN,NaN,NaN,NaN,NaN,NaN,NaN,NaN,NaN,NaN,NaN,NaN,NaN,NaN,NaN,NaN,NaN,NaN,NaN,NaN,NaN,NaN
BRN,11882.18991,13187.73643,17538.54849,17917.18728,19088.44325,19650.84806,17299.24878,21906.52551,25175.9452,31384.61156,35597.09425,40783.94074,45162.0148,44279.534,42872.00743,31704.68755,50774.95614,53122.5166,54785.49814,55114.66146,57718.68659,62006.89704,63154.92983,68222.63132,64285.79767,62841.92177,66889.8228,64653.32971,66042.68163,64874.45476,69522.11963,75418.78763,NaN
BGR,8693018.9,7992560.987,7202395.917,5727810.429,5878503.757,6421021.256,5273650.224,5750815.692,5629273.739,5693991.052,5215499.633,4541106.452,4908550.501,4370345.606,5384044.401,4371634.605,4592361.008,3685179.611,4916198.634,4593508.717,5075875.828,5080005.842,4630737.529,5674270.237,5551182.79,5361731.459,5575223.817,5812943.052,5762528.628,5863878.075,4918758.156,5961865.908,NaN
BFA,1754139.496,2359737.241,2349012.363,2408911.004,2404546.894,2443368.819,2650049.412,2622488.329,2996656.799,3057828.493,2810278.754,3575121.557,3647779.938,4103015.902,3957556.442,4545677.523,4675015.396,4179709.175,5272361.333,4917560.566,5475677.831,5195315.247,5768882.18,6546700.456,6909858.65,6737047.099,6974995.571,6616259.914,7275793.291,8065880.288,8202113.769,7791911.057,NaN
BDI,1446385.784,1533375.874,1572597.509,1511109.62,1360134.077,1386794.355,1394895.989,1379305.59,1304776.836,1389055.596,1426051.291,1547614.04,1789123.525,1531596.104,1815791.648,1498045.221,1731710.967,1537475.721,1689555.408,1617023.134,1794404.001,1684255.319,1487113.604,2049005.342,1824613.034,1739583.143,1884025.995,1824679.714,2217586.396,2395216.333,2357183.173,2212267.676,NaN
CPV,43571.96549,39413.83194,45795.2109,46571.31007,39659.31082,46990.4465,41271.53894,43987.88604,48895.31975,58233.16489,66027.38736,62685.01552,58913.8596,59237.59157,60781.21424,60027.62623,58896.70824,62913.34304,59051.0705,61383.65586,59443.40793,62249.79968,64491.26842,67264.42941,63739.82434,64660.63813,64053.90867,58876.34099,49960.84817,50610.45604,51755.30951,52601.08609,NaN
KHM,1792161.024,1792078.466,1811306.213,1870292.622,1823957.504,2331828.564,2347590.948,2400733.476,2434714.096,2714809.665,2784190.073,2811267.138,2683001.69,3181699.363,3019454.341,3914884.837,4252456.728,4456964.335,4867858.537,5101827.997,5487180.301,6284178.193,6507020.035,6586530.044,6518424.59,6559370.421,6916875.464,7255533.155,7546792.92,7582016.095,7812242.211,8014171.697,NaN
CMR,3398027.636,3480908.18,3459498.012,3647203.417,3785653.45,4038011,4271872.023,4074996.691,4353602.252,4566439,4626648.656,4686442.978,4731423.046,4924153.458,5099570.255,5997058.146,6363300.08,6709391.515,6980322.348,7429605.701,8054012.49,8183890.885,8682084.726,8993926.412,9321565.484,9857029.966,10158967.79,9690582.264,9822569.922,10000628.03,9927498.879,10192679.19,NaN
CAN,32442235.85,30527933.6,29683630.82,31145619.76,32299301.1,32997385,34456434.38,34003694.6,36332756.26,38973110.81,37986138.1,34365400.39,32519037.83,36801818.91,40008934.11,41040655.42,39712833.57,39085042.93,43513079.35,42485427.06,41775338.17,41342373.46,42413553.43,49053361.38,46061489.55,47954685.21,51772152.54,52602708.29,52952296.35,53463441.37,54927720.06,46447142.58,NaN
CYM,NaN,NaN,NaN,NaN,NaN,NaN,NaN,NaN,NaN,NaN,NaN,NaN,NaN,NaN,NaN,NaN,NaN,NaN,NaN,NaN,NaN,NaN,NaN,NaN,NaN,NaN,NaN,NaN,NaN,NaN,NaN,NaN,NaN
CAF,840990.9098,851854.3452,865720.2321,874907.4522,917176.8994,966136.0383,1097080.2,1083283.659,1102107.762,1082964.018,1195642.093,1219809.065,1221921.941,1175573.017,1241520.766,1265324.757,1295622.321,1367063.549,1388033.035,1430202.797,1442877.889,1520849.53,1545970.005,1556570.144,1530589.348,1512658.07,1542365.113,1600675.084,1638197.603,1647095.521,1680617.66,1703728.194,NaN
TCD,1236109.488,1665984.176,1694849.008,1575990.875,1863863.73,1909420.555,2038221.031,2233315.015,2437897.283,2405498.96,2413055.711,2742448.866,2681647.931,2876156.231,2796458.315,3212378.624,3209648.153,3336095.689,3481953.446,3449846.944,4647290.066,3915527.942,5164337.793,4903877.805,5119716.633,5101153.309,5562535.55,5584880.311,5871650.162,6197816.953,6311851.867,6415801.588,NaN
CHL,6729192.824,6952841.366,7192325.724,7622286.214,8208048.569,8677883.227,8974811.228,8986415.318,9196856.566,8996909.995,9352251.97,10003746.76,10047357.78,10325032.24,10699938.26,11254369.68,11884992.63,11464697.72,11823669.82,11779493.85,12192555.47,12824302.93,13170949.65,13252038.12,12792163.38,13283103.83,13252154.56,12953315.01,14230599.41,14098302.22,13830670.69,14024593.66,NaN
CHN,322005055.4,338533573.7,355481441.1,384221560.4,404362470.8,442840888.4,463446168.9,484088744.2,507064166.6,528471104.6,553306339.7,564722510.3,586846136.8,594387208.9,629391477,652814111.5,668589949.1,685360165,724936775.7,742554354.7,763089720.9,791553552.7,816337830.9,831769895.8,846369361.8,876292255,872874422.2,884166452.5,893447949.6,899918557.7,907165355,941684374,NaN
HKG,NaN,NaN,NaN,NaN,NaN,NaN,NaN,NaN,NaN,NaN,NaN,NaN,NaN,NaN,NaN,NaN,NaN,NaN,NaN,NaN,NaN,NaN,NaN,NaN,NaN,NaN,NaN,NaN,NaN,NaN,NaN,NaN,NaN
MAC,NaN,NaN,NaN,NaN,NaN,NaN,NaN,NaN,NaN,NaN,NaN,NaN,NaN,NaN,NaN,NaN,NaN,NaN,NaN,NaN,NaN,NaN,NaN,NaN,NaN,NaN,NaN,NaN,NaN,NaN,NaN,NaN,NaN
COL,15481477.17,15801373.51,15897986.01,15544209.84,15728811.07,16789084.48,16657404.2,16940525.24,16909400.64,17097050.36,17581297.62,17748943.53,18195523.98,18758767.5,19309958.36,19604411.63,20408393.72,21039745.41,21609604.45,20186618.71,19878409.49,20353128.74,22010290.67,23182224.59,23606617.66,24648773.29,25030128.3,24013943.83,25100991.7,25926089.05,25402354.82,25299066.24,NaN
COM,71832.5098,78193.73805,79799.33652,81352.50729,82302.75945,85238.71095,87265.91556,85922.45561,88866.05282,90746.89675,90130.87121,92489.02571,92248.73206,92714.02794,94242.0771,94003.96794,98960.57059,100763.8652,102782.3319,103664.8649,103781.735,105367.6731,104420.6976,108136.5113,103422.3868,104959.1739,110941.3935,111155.4733,112612.5266,112646.3862,113143.3571,112632.187,NaN
COG,329864.7573,321260.4594,327764.5403,334224.2986,355030.9934,378925.5072,391571.1316,393507.6953,390035.7458,416299.8225,426461.0995,436703.0666,442002.4776,459264.4881,485389.9142,518309.2239,543441.3655,566835.8276,598299.3051,621024.3799,625972.6184,651805.9688,680893.0645,686210.6592,725870.438,750829.8345,724697.5895,733792.8473,753191.4421,762263.9702,762457.172,790726.0013,NaN
COK,NaN,NaN,NaN,NaN,NaN,NaN,NaN,NaN,NaN,NaN,NaN,NaN,NaN,NaN,NaN,NaN,NaN,NaN,NaN,NaN,NaN,NaN,NaN,NaN,NaN,NaN,NaN,NaN,NaN,NaN,NaN,NaN,NaN
CRI,2608925.641,2722272.947,2841130.65,2834238.174,2967727.55,3115433.08,3262508.05,3271032.366,3430708.45,3570916.704,3604714.928,3615434.443,3473184.43,3608266.446,3665535.379,3883771.755,4292452.841,4243859.424,4175688.416,4259504.697,4447671.327,4608713.811,4799223.48,4832181.705,5007149.141,4951073.008,5137016.44,5280025.812,5257759.102,5076719.028,4997412.986,5174823.142,NaN
CIV,5165872.99,5018982.688,5248884.253,5076308.843,5221780.19,5772391.588,5975633.419,6305516.712,6629843.961,6708842.741,7247243.787,6868802.108,6867578.272,6822697.19,6959828.677,7248771.892,7496638.833,7237971.802,7620388.293,7176040.082,7593382.756,7834618.571,8526825.995,8827420.287,9609050.833,10578306.98,10274464.26,11255549.21,11839636.93,12278091.02,12728080.28,12731105.58,NaN
HRV,NaN,NaN,2155885.662,2210817.447,2092644.893,2147227.4,2182227.882,2260064.645,2456449.944,2423290.919,1875286.863,2133668.559,2268757.087,1819455.712,2211152.84,2343008.138,2455454.447,2405658.23,2833467.763,2767683.777,2617683.088,2618784.33,2490238.098,2687609.281,2626805.986,2695591.416,3039593.339,2606647.17,2838773.164,2765759.007,3016709.723,2285324.85,NaN
CUB,NaN,NaN,NaN,NaN,NaN,NaN,NaN,NaN,NaN,NaN,NaN,NaN,NaN,NaN,NaN,NaN,NaN,NaN,NaN,NaN,NaN,NaN,NaN,NaN,NaN,NaN,NaN,NaN,NaN,NaN,NaN,NaN,NaN
CUW,NaN,NaN,NaN,NaN,NaN,NaN,NaN,NaN,NaN,NaN,NaN,NaN,NaN,NaN,NaN,NaN,NaN,NaN,NaN,NaN,NaN,NaN,NaN,NaN,NaN,NaN,NaN,NaN,NaN,NaN,NaN,NaN,NaN
CYP,665143.9685,570334.4161,658493.7634,705528.1813,628695.0831,737146.1654,711121.4576,636700.0199,687893.9294,718709.4706,699702.0775,693672.3849,722655.6271,694898.2491,711074.8921,637215.4893,596204.2664,583623.9972,564385.9424,542098.3879,540164.2947,562945.6602,531129.502,501136.9793,492750.8551,519832.4917,499525.5959,524299.5323,514260.8738,533149.1458,534376.093,556290.0405,NaN
CZE,NaN,NaN,NaN,7900379.518,6975347.945,7178765.972,7197991.118,6856410.025,6977600.25,7071300.831,6720568.615,6895972.066,6229539.458,5711905.149,6776261.683,6343619.612,5849026.884,6245269.317,6347782.802,6058005.79,5565094.555,6004570.361,5368838.879,5817362.314,6345218.951,6071381.985,6346674.254,5938796.868,5809749.716,5810808.118,6084644.017,6107732.544,NaN
PRK,NaN,NaN,NaN,NaN,NaN,NaN,NaN,NaN,NaN,NaN,NaN,NaN,NaN,NaN,NaN,NaN,NaN,NaN,NaN,NaN,NaN,NaN,NaN,NaN,NaN,NaN,NaN,NaN,NaN,NaN,NaN,NaN,NaN
COD,7570257.047,7787654.818,7991626.626,8042615.166,8219417.4,6807914.84,6761120.442,6601333.604,6692661.209,6515757.798,6402700.651,6259338.617,6132567.27,6169103.96,6204077.11,6241519.687,6265875.127,6317397.788,6369753.395,6429179.633,10335708.88,10783537.44,11055259.07,11707913.56,12520740.78,12608338.95,12680819.38,13323543.22,13630939.18,13910019.67,14496056.12,15102036.22,NaN
DNK,9681711.624,9607055.268,9164347.583,9816141.811,9478504.757,9780673.949,9749896.239,9905033.627,10098878.52,9943100.539,9993643.968,10071955.17,10027084.36,10139158.4,10286096.38,10155569.08,9820702.55,9995898.994,10079630.46,10089639.49,9978030.258,10147832.33,10154910.15,10007448.05,10278091.09,10411945.39,10164468.4,10501636.33,9550623.535,10344398.14,10557227.96,10586466.73,NaN
DJI,83529.9238,52386.42074,52763.81054,53699.42273,55382.93502,54920.04285,56095.45481,56943.59906,57911.64319,60838.37966,69202.87064,69879.02735,70345.85067,69676.57345,59942.0789,67055.4834,53777.06282,70042.16982,71048.5426,71614.62729,71760.07961,72757.60732,75004.25593,73936.95042,62449.16579,51021.3311,68901.15536,77036.65722,79769.78486,83133.86107,84978.55025,87618.31323,NaN
DMA,NaN,NaN,NaN,NaN,NaN,NaN,NaN,NaN,NaN,NaN,NaN,NaN,NaN,NaN,NaN,NaN,NaN,NaN,NaN,NaN,NaN,NaN,NaN,NaN,NaN,NaN,NaN,NaN,NaN,NaN,NaN,NaN,NaN
DOM,2362190.231,2287706.277,2447135.151,2468724.673,2328432.297,2481931.903,2582996.694,2538182.995,2576916.647,2585349.892,2749860.549,3163093.684,3226851.507,3241245.215,3108937.905,3278160.156,3637875.985,3727255.897,3449155.365,3761014.871,3848651.982,4127438.82,4125876.954,4412493.919,4685778.871,4833053.89,5010732.263,5119949.537,5473202.651,5627534.143,5541692.866,5607673.905,NaN
ECU,4904859.314,4574838.1,5358415.701,5631376.665,6269908.293,6238897.849,6695457.293,7105161.722,6296006.501,7337107.068,6597227.616,7572776.119,7141859.906,7504715.772,7831647.88,7675787.887,7933909.959,8305311.417,8692222.938,8981079.026,9509562.352,9391984.893,9050198.834,8811884.897,9591208.525,9833159.044,8959091.738,9086577.567,9126191.686,9364061.403,9289100.045,9716238.773,NaN
EGY,15121893.68,15940305.26,17086448.88,17639957.1,17656746.76,19102291.08,20639000.25,21308352.84,21234156.61,22816255.7,23783080.06,23541911.1,25355942.72,26188859.99,26891430.1,27939291.93,29538223.25,30697041.33,31775762.23,31778537.62,30177669.63,31480268.73,32869474.45,32063422.95,33333322.08,33791943.01,32876810.01,33706912.24,32315912.06,33610933.76,34545248.72,34234168.01,NaN
SLV,1376754.875,1431794.598,1574176.984,1466149.422,1450455.472,1465013.654,1504729.087,1522273.48,1498954.888,1617940.464,1575753.13,1533636.513,1504614.439,1443137.272,1532281.092,1590169.877,1682097.399,1716749.023,1831082.238,1764569.121,1712704.19,1635519.145,1808614.399,1654024.655,1685298.977,1628152.728,1734298.774,1731994.023,1689748.829,1716657.947,1641581.572,1641535.498,NaN
GNQ,73997.52727,72000.23585,69003.12108,66932.81547,67254.31344,68331.86158,70313.84357,71188.83621,69693.22295,70444.56253,74667.60912,75165.75433,73866.80832,76654.3017,77338.51533,79864.57081,81655.77379,84821.29226,85962.43341,85865.86625,89082.0236,90768.41588,92666.78485,92352.35277,93919.80258,98807.04278,95861.74453,98032.15024,98410.17532,98871.81343,99183.89022,98246.48222,NaN
ERI,NaN,NaN,NaN,NaN,NaN,NaN,NaN,NaN,NaN,NaN,NaN,NaN,NaN,NaN,NaN,NaN,NaN,NaN,NaN,NaN,NaN,NaN,NaN,NaN,NaN,NaN,NaN,NaN,NaN,NaN,NaN,NaN,NaN
EST,1870682.1,1717548.36,1293249.93,1185281.935,904343.6565,858343.8525,814876.0112,812727.0345,772265.6329,722581.7169,792591.5483,765514.4417,726676.475,709929.3505,741811.8669,795857.5673,759602.628,862338.6087,830449.7093,846644.6956,806456.7034,854336.3301,909836.3133,943063.5359,992580.4275,1134236.291,932725.043,1015380.858,863507.7797,1088018.398,1098287.741,1001035.906,NaN
SWZ,368753.7371,365726.8152,356407.5536,337670.9924,340050.2981,323684.5586,343738.9761,339897.5852,335906.3092,354861.5705,335424.6035,329777.0518,363325.828,363000.606,368187.1908,391690.8475,382592.1713,374727.4535,383784.6522,389517.9871,407079.9782,418266.6743,428909.4483,436661.988,436142.5754,430771.2268,422082.6131,436004.0025,446937.1197,446758.9546,442571.6028,451184.8026,NaN
ETH,NaN,NaN,NaN,5773800.391,5841196.157,6470340.319,7479998.333,7520420.335,7027147.602,7474412.076,7632122.936,8006006.061,9022182.091,9222274.008,9781440.744,10760111.35,11192427.97,12044050.94,12719347.2,13469025.28,15394950.76,15427390.56,15909623.89,16942169.02,18094142.41,18909460.08,19089052.24,19862559.93,19887787.18,20614760.62,22385516.11,21599150.58,NaN
FLK,NaN,NaN,NaN,NaN,NaN,NaN,NaN,NaN,NaN,NaN,NaN,NaN,NaN,NaN,NaN,NaN,NaN,NaN,NaN,NaN,NaN,NaN,NaN,NaN,NaN,NaN,NaN,NaN,NaN,NaN,NaN,NaN,NaN
FRO,NaN,NaN,NaN,NaN,NaN,NaN,NaN,NaN,NaN,NaN,NaN,NaN,NaN,NaN,NaN,NaN,NaN,NaN,NaN,NaN,NaN,NaN,NaN,NaN,NaN,NaN,NaN,NaN,NaN,NaN,NaN,NaN,NaN
FJI,357124.7082,285121.9624,284854.6292,293704.9772,313898.7577,323128.8403,317773.0634,304519.819,246752.5644,307808.8271,306997.714,281093.7376,295083.1607,267699.7383,298827.8503,305587.1265,322253.9318,290095.9795,286137.6259,247649.7507,199070.0485,238855.0971,197133.9082,222816.1196,239638.8693,243677.2203,185121.1303,251137.2334,262561.6758,268199.9754,254955.8447,256054.5435,NaN
FIN,3709546.168,3341368.066,3128724.253,3233323.763,3283325.223,3226171.153,3264092.505,3359830.796,3033453.682,3109615.624,3359528.529,3327412.839,3440437.667,3381676.805,3356682.969,3484160.44,3387182.321,3465023.176,3419644.823,3458073.137,3183665.935,3321861.717,3196931.78,3358085.067,3409826.953,3358962.174,3355672.228,3307620.131,3136787.91,3447452.401,3325773.169,3156578.497,NaN
FRA,64067392.83,62126834.21,64453089.71,61122542.51,62040057.74,63408789.37,66854679.87,67401821.51,67658949.58,68074392.18,65513234.33,62715947.52,66298822.38,61073735.26,66220905.01,63859402.01,61115408.76,60339980.71,63454067.42,63944132.68,62394110.6,63638533.73,62099132.16,61103442.78,65115219.19,64951124.87,60791228.95,64566505,62188364.01,62993540.96,59319170.93,61486570.74,NaN
GUF,NaN,NaN,NaN,NaN,NaN,NaN,NaN,NaN,NaN,NaN,NaN,NaN,NaN,NaN,NaN,NaN,NaN,NaN,NaN,NaN,NaN,NaN,NaN,NaN,NaN,NaN,NaN,NaN,NaN,NaN,NaN,NaN,NaN
PYF,NaN,NaN,NaN,NaN,NaN,NaN,NaN,NaN,NaN,NaN,NaN,NaN,NaN,NaN,NaN,NaN,NaN,NaN,NaN,NaN,NaN,NaN,NaN,NaN,NaN,NaN,NaN,NaN,NaN,NaN,NaN,NaN,NaN
GAB,302158.8117,334994.706,323998.0578,318859.5358,324328.316,329634.605,345152.5194,354629.7689,369029.2371,364512.1913,380024.8301,373715.1049,381156.9932,383719.9233,382004.269,386667.9789,390521.3428,400896.5147,423305.5354,425965.5383,442732.7361,465871.9123,463353.2979,486202.3111,499229.0448,504859.2611,507468.6173,513780.4528,519311.4862,522202.5643,522812.434,529057.7958,NaN
GMB,121206.1431,152064.2118,128033.9427,144478.4317,148843.0441,144457.5151,124509.9814,148045.2225,146425.6744,196848.8004,215518.425,231112.3027,158909.94,196574.8916,236488.8836,209496.4153,220098.1803,171474.8842,228168.0319,263983.3521,290749.7211,197878.6976,236862.3956,217050.3223,194024.0536,213304.2458,187859.6113,163533.5207,127374.5695,140013.2201,146667.7102,144916.6858,NaN
GEO,2318488.512,1877136.493,1798509.006,1600374.705,1645457.078,1833383.538,1773950.755,1855569.692,1699326.118,1904420.311,1594140.519,1654024.782,1571794.835,1849838.077,1582000.591,1907519.158,1212076.351,1385489.743,1196444.486,1111066.686,1060726.076,1156664.143,1096609.923,1348095.052,1197047.155,1220399.026,1167698.83,1065865.448,1246468.121,1262680.759,1389188.13,1402281.068,NaN
DEU,57576110.54,52791489.65,50025981.1,49411326.34,47745660.71,49154182.26,50369929.83,50721816.29,51533614.17,53088250.4,53693571.58,53947527.46,51560368.42,49339513.87,54809415.68,52802893.89,51644099.85,52608943.28,55237613.77,56326065.34,54172974.33,54548546.12,55071143.81,55615291.69,58989760.93,56872764.21,56011912.93,55863047.39,52561708.02,54018629.64,54608008.74,54054785.17,NaN
GHA,2665474.445,3796941.298,3758747.323,4048752.539,3935718.746,4485587.506,4892089.584,4760573.828,5166600.619,5458725.781,5507775.06,5718332.836,6319234.763,6610044.381,6857294.887,7054885.687,7245616.538,7061941.45,7929279.124,8681901.573,8870138.315,9231087.28,9746216.862,10031217.31,10476403.36,10545748.42,10670335.28,11392517.28,11935745.81,12220996.31,12494712.13,12460741.5,NaN
GIB,NaN,NaN,NaN,NaN,NaN,NaN,NaN,NaN,NaN,NaN,NaN,NaN,NaN,NaN,NaN,NaN,NaN,NaN,NaN,NaN,NaN,NaN,NaN,NaN,NaN,NaN,NaN,NaN,NaN,NaN,NaN,NaN,NaN
GRC,11134735.82,12930575.59,12926853,12338955.17,13075331.01,13211457.42,13150867.38,12583518.25,12960245.42,13382508.58,13539371.66,13303110.22,13349310.47,12507185.62,12782735.43,13261105.68,12328090.49,11861590.28,12055891.53,12174495.89,12102770.82,11994295.07,12220254.71,11239523.83,11613125.08,12311207.35,11742573,11863037.08,11702886.5,11990716.11,12051205.82,11361552.97,NaN
GRD,NaN,NaN,NaN,NaN,NaN,NaN,NaN,NaN,NaN,NaN,NaN,NaN,NaN,NaN,NaN,NaN,NaN,NaN,NaN,NaN,NaN,NaN,NaN,NaN,NaN,NaN,NaN,NaN,NaN,NaN,NaN,NaN,NaN
GLP,NaN,NaN,NaN,NaN,NaN,NaN,NaN,NaN,NaN,NaN,NaN,NaN,NaN,NaN,NaN,NaN,NaN,NaN,NaN,NaN,NaN,NaN,NaN,NaN,NaN,NaN,NaN,NaN,NaN,NaN,NaN,NaN,NaN
GUM,NaN,NaN,NaN,NaN,NaN,NaN,NaN,NaN,NaN,NaN,NaN,NaN,NaN,NaN,NaN,NaN,NaN,NaN,NaN,NaN,NaN,NaN,NaN,NaN,NaN,NaN,NaN,NaN,NaN,NaN,NaN,NaN,NaN
GTM,2943405.538,2921339.333,3015503.219,3098207.115,3187075.825,3449375.412,3661287.537,3794038.774,3935298.981,3974166.956,4058144.075,4340485.999,4676586.844,4764129.778,5020385.526,5157924.236,5377913.983,5902774.94,6003618.283,6447762.521,6437364.542,6684048.319,7113598.102,7445124.67,8172984.207,8519145.885,8675895.968,8211469.423,8474638.647,8311290.42,8657187.34,8603634.673,NaN
GGY,NaN,NaN,NaN,NaN,NaN,NaN,NaN,NaN,NaN,NaN,NaN,NaN,NaN,NaN,NaN,NaN,NaN,NaN,NaN,NaN,NaN,NaN,NaN,NaN,NaN,NaN,NaN,NaN,NaN,NaN,NaN,NaN,NaN
GIN,1693559.748,1788187.821,1880452.948,1937652.575,2038856.505,2098116.109,2139561.222,2205389.796,2290655.594,2371553.554,2504347.994,2481262.489,2594721.844,2716338.474,2829533.876,2948339.987,3046383.375,3176850.443,3339369.363,3331233.892,3598820.775,3789262.413,3887454.992,4040387.85,4173104.251,4363170.618,4558526.361,4813713.221,5030748.634,5192929.006,5482990.861,5617691.496,NaN
GNB,238078.3724,238090.7695,248268.7867,254791.9141,257581.2611,267493.3042,271626.0458,285830.8657,294003.9341,307667.7898,323095.4144,331081.3994,330644.1199,332744.8645,346441.4034,368072.0849,381387.6948,383134.5586,439258.4739,431866.4227,459705.7961,447315.4604,474581.1863,485204.3721,461041.3016,486631.1653,498346.4226,505815.1105,517886.5026,541984.2066,562838.3789,580994.492,NaN
GUY,254248.9459,305599.5597,335514.2766,358135.8607,389494.7225,456689.6974,473259.1479,490720.6294,446965.8556,484038.9452,446825.0615,468661.2159,466277.7734,503682.7347,498747.9026,434016.824,451195.7117,456286.4229,453417.2409,488106.8881,495742.9549,527361.28,525252.386,599371.4121,587836.3552,709119.3828,624874.2462,675572.179,707325.2641,701887.596,722802.5549,677933.4966,NaN
HTI,1396442.581,1374230.491,1332449.61,1318008.585,1306927.76,1258374.966,1283536.219,1347901.592,1326273.324,1359427.797,1428987.474,1393036.234,1410023.97,1433986.455,1462534.738,1535119.776,1528390.79,1675966.987,1613899.343,1827526.915,1937537.774,2045289.54,2066330.766,2231002.019,2222052.577,2123933.884,2131190.885,2024929.799,1917847.712,1741004.186,1644500.664,1766852.289,NaN
VAT,NaN,NaN,NaN,NaN,NaN,NaN,NaN,NaN,NaN,NaN,NaN,NaN,NaN,NaN,NaN,NaN,NaN,NaN,NaN,NaN,NaN,NaN,NaN,NaN,NaN,NaN,NaN,NaN,NaN,NaN,NaN,NaN,NaN
HND,1852570.338,1824768.677,1873260.838,1925552.848,2084936.187,2082861.55,2321981.469,2301493.613,2292737.201,1979478.059,2118932.182,2206422.907,2348076.539,2605961.291,2736989.805,2880066.326,2906063.908,3084251.515,3170504.468,3069254.763,3029798.334,3236989.225,3453832.544,3275472.964,3100463.035,3341210.677,3538518.018,3823674.271,3899113.703,3855844.28,3541416.375,3569497.356,NaN
HUN,12396560.03,12038891.97,9533650.317,8548465.831,8954645.428,8794552.435,9358892.122,9588542.894,9609848.982,9249839.253,8870273.523,10076875.97,9013391.484,8238745.454,10577377.5,9442865.532,9187948.379,8043588.053,9963850.487,8931169.189,7724569.821,8542847.885,7717594.118,8609100.627,9767308.626,9294631.85,10168481.37,9632715.155,9801404.53,9663278.017,9342716.133,8956701.576,NaN
ISL,135094.9658,137706.2953,134946.5949,129121.9737,132361.7603,131056.0955,128546.5062,130104.4016,134122.0761,140320.8041,146981.6017,145793.574,147933.2957,149267.5748,150092.0936,149259.0964,153600.0077,161674.5689,164702.3969,164044.2656,165286.3427,168130.8266,173991.4807,171407.7059,176143.9198,185454.1995,193256.394,199784.7175,199211.3696,197672.5505,191085.9383,191295.7773,NaN
IND,184020748.4,193514041.4,201015147.9,204508322.6,211697116.7,217471693.1,224747960.8,230507531.6,236076374.5,246965435.7,244441015.6,252018641.6,234918207.1,259566602.1,258300859.8,272177298.7,287798142.1,311806505.5,316465130,311879372.3,338698515.5,360845381.4,368477295.8,385012427.3,394350989.4,389496770.6,404504959.2,428926915.4,445941341.2,456785296.1,469657319.5,482973592,NaN
IDN,41343589.25,42205501.77,45452215.14,46327110.8,46556216.64,50400433.18,51637758.59,49432965.72,49748031.92,50304997.92,52157725.39,53382597.55,56442344.85,60278781.21,63347443.78,65248473.75,67884069.85,68150933.59,71717897.3,73891358.47,78833803.03,80924433.73,85296191.24,86226881.37,85744625.92,87503533.59,86507158.12,99278891.26,103170748.7,99246481.92,101374218.8,102360533,NaN
IRN,21046024.71,21380696.09,23711791.67,24783994.63,25277873.87,26102449.75,27742647.93,27330581.88,30884642.32,28816233.89,28955829.41,29438596.99,33980101.83,35044071.59,34354088.09,37904071.45,38941070.04,42188848.73,32244569.41,35257070.82,37242940.6,36994485.75,38179222.88,39964758.34,41717722.73,40811013.48,41340448.66,39351604.15,35919308.07,37831219.93,35933096.59,34544837.63,NaN
IRQ,4821781.096,3307514.261,3612674.689,4242112.388,4149582.388,4249492.212,4286918.028,4205422.109,4515225.999,4260814.599,4162936.162,4787076.361,5361759.307,4254879.362,4126835.74,4454359.766,4468449.078,4323327.132,3897879.844,3922768.923,4506559.494,4871853.673,4920352.282,5435186.727,5141695.06,3024483.119,3040252.349,2957129.487,2903439.328,4597373.918,5525410.276,4590909.95,NaN
IRL,6740673.721,6649121.017,6761554.381,6515320.165,6218023,6355464.161,6704326.675,6696719.081,6861306.346,7201985.168,6844440.718,6943007.273,6632264.731,6735268.79,6839872.425,6520866.266,6466015.608,6588913.177,6410872.231,6267570.451,6537275.168,6732951.946,6356602.861,6664891.541,7124118.659,7447743.974,7638908.512,8150861.476,8089928.065,8403370.478,8520257.953,8716447.509,NaN
IMN,NaN,NaN,NaN,NaN,NaN,NaN,NaN,NaN,NaN,NaN,NaN,NaN,NaN,NaN,NaN,NaN,NaN,NaN,NaN,NaN,NaN,NaN,NaN,NaN,NaN,NaN,NaN,NaN,NaN,NaN,NaN,NaN,NaN
ISR,3059426.102,2712965.245,2858122.899,2884974.799,2955325.936,3212671.855,3247859.49,3200706.548,3230857.485,3201499.828,3500431.039,3505982.949,3783855.514,3724146.501,3984115.7,3987589.973,3958121.089,4125792.786,4085724.799,4128197.809,4142882.934,4200408.328,4417380.91,4407327.449,4581233.11,4540255.37,4602800.673,4647430.02,4535706.601,4586498.559,4645637.795,4548407.476,NaN
ITA,45529370.01,49009373.09,49434915.35,48120534.6,47677520.78,47332935.82,48624442.54,47741887.84,47877452.2,51147324.3,49535218.1,48552230.84,47133952.25,45513459.31,51162354.77,49568336.39,47468323.48,46906890.72,48213683.15,48227502.9,46599843.75,46235343.96,44347003.25,43598327.71,40961196.93,43930598.16,43637222.6,41985648.86,42455356.49,42135841.21,42746650.92,42632504.43,NaN
JAM,733162.1669,735850.4343,784997.7803,798839.9331,836430.4231,853597.6232,895493.6508,841541.9022,830366.4676,865553.1401,810207.1559,844067.4728,833360.7342,874007.9835,844730.1119,812907.2753,858823.3133,861539.5946,812002.2074,840353.4618,782621.9769,818104.9514,830475.2913,827969.1149,835377.7428,835260.2995,892464.9055,878647.5343,904209.2399,894853.6384,861551.4467,901954.1122,NaN
JPN,29645099.19,29014678.03,29910318.75,27927450.39,29512734.89,28735773.54,28095467.8,28178989.97,26942999.44,27269079.52,27104521.62,26557755.02,26820593.83,25943107.14,26104431.75,26347465.8,25853648.87,26306188.76,26429356.02,26052517.36,25459139.25,25148300.97,25631103.18,26725499.78,26719819.54,26432665.37,26348217.56,26459715.15,26371559.87,26598109.39,26586759.78,26799292.45,NaN
JEY,NaN,NaN,NaN,NaN,NaN,NaN,NaN,NaN,NaN,NaN,NaN,NaN,NaN,NaN,NaN,NaN,NaN,NaN,NaN,NaN,NaN,NaN,NaN,NaN,NaN,NaN,NaN,NaN,NaN,NaN,NaN,NaN,NaN
JOR,892267.9801,823308.2448,1076460.352,931600.2678,1073295.87,1095612.495,1024070.955,1017719.457,1133767.626,992437.9404,1192293.907,1092347.145,1399178.478,1311283.359,1482445.448,1547522.818,1537180.575,1540075.716,1600692.336,1708808.376,1915981.603,1963227.778,1918314.456,1941043.14,2024157.734,2214973.09,2318689.545,2123222.433,2270182.514,2143885.458,2227101.994,2246734.873,NaN
KAZ,17636573.62,12426618.2,16431482.58,14817105.72,12903600.76,10033104.84,9163004.198,8815896.895,7034365.291,9250048.255,8729027.506,10234961.96,10501139.61,10543279.47,10409557.34,11140535.8,11871780.97,13013814.94,11993714.61,13698735.55,11858157.95,15973203.04,12589886.34,14372345.66,14550178.15,15200157.94,16289954.8,17127594.47,17621585.68,17149096.36,18138104.81,17638369.45,NaN
KEN,6577971.534,8322378.334,8376240.6,8315622.041,8494767.234,8846692.964,8578731.344,8468858.34,9392012.174,9598386.099,9063554.797,10228279,10501409.34,10788785.76,11278234.74,12533500.12,12799169.45,13517773.67,13576338.9,13810253.54,15090248.48,14403325.92,14820825.42,15633734.52,15757007.27,15706739.43,14751430.43,13935980.11,15467560.93,16545633.77,18139009.17,17439765.53,NaN
KIR,NaN,NaN,NaN,NaN,NaN,NaN,NaN,NaN,NaN,NaN,NaN,NaN,NaN,NaN,NaN,NaN,NaN,NaN,NaN,NaN,NaN,NaN,NaN,NaN,NaN,NaN,NaN,NaN,NaN,NaN,NaN,NaN,NaN
KWT,154871.613,20684.22335,43784.46987,96383.18668,136539.5583,181069.3847,179784.1672,221812.057,237897.5933,236666.9424,247914.6274,241959.9023,261233.5211,287653.0421,287481.2154,311211.8802,333435.5782,366884.9024,349600.0619,441444.9331,426929.0572,619697.7526,642536.776,632308.4415,660475.2546,633953.5664,717080.5529,732075.9182,766132.4409,792774.8723,791212.1778,827156.4725,NaN
KGZ,2438045.944,2480443.482,2342069.202,2486702.389,2217433.734,2071004.959,2275236.847,2471356.097,2588889.016,2808385.111,2908434.133,3062354.216,2907725.019,2981395.429,3066378.613,2935896.939,2992069.772,3037679.987,3075151.343,3207573.391,3154180.015,3217083.737,3182420.339,3316379.183,3356609.474,3630719.946,3707698.798,3769681.355,3837933.079,3910873.853,3930670.923,3736753.121,NaN
LAO,1102110.879,959828.9715,1094722.243,1043223.499,1211098.838,1110042.657,1118374.366,1259030.031,1318235.659,1547990.961,1765419.492,1803322.72,1994120.336,1947834.479,2041095.727,2144410.401,2208508.547,2377588.981,2541725.977,2812999.794,3083121.557,3446981.938,3669484.389,3811580.652,4563104.176,5284876.9,5352130.996,5009514.669,5035252.372,5200611.436,5378373.651,5957159.02,NaN
LVA,2884097.411,2583744.527,2418903.864,2315037.143,1519412.666,1384794,1295814.889,1342029.176,1187934.634,1084864.435,1101401.603,1086872.269,1150602.583,1148964.754,1173520.459,1302685.027,1233364.129,1398048.046,1420120.35,1369125.863,1295025.831,1300043.814,1542009.588,1496547.038,1568679.756,1894844.441,1838840.5,1875733.237,1475721.232,1850116.568,1958453.197,1792947.167,NaN
LBN,1648649.427,1882596.623,1941955.377,1888370.46,1986840.702,2153757.665,2271795.518,2012619.071,1899721.789,1881416.396,1897498.344,1744943.692,1892431.133,1859025.517,2009817.379,1882887.904,1923572.309,1934941.978,2009416.059,1820080.167,1785451.171,1697558.745,1700757.442,1791161.357,1908600.465,1980381.815,2133283.847,2151960.354,2117464.052,2022488.103,2003475.005,2010355.71,NaN
LSO,169584.4137,104108.7007,122036.3237,130846.1088,148970.324,132225.7644,156122.2406,161650.5168,142531.9316,164258.8732,167349.0558,194405.0485,163740.1859,154775.9355,155584.2452,167507.0316,151799.8465,161186.2434,164450.1994,149820.7605,171649.5088,174600.1461,172684.2504,173555.7504,174385.1235,165529.7009,153093.493,185616.3269,174892.4014,147927.6836,150343.836,164612.5635,NaN
LBR,420515.0814,330901.8384,366252.6663,361944.0745,307648.115,309447.0887,366355.7843,482942.4519,525839.5274,572822.8078,603072.4021,592459.9479,582056.2144,579800.043,601187.7038,622600.2124,607056.7314,692537.8013,675892.3247,638986.0305,655296.0632,673779.0275,712473.1139,686083.6103,656878.8619,699713.8181,789274.881,682207.3686,721398.4091,756094.5,770523.5615,766250.9988,NaN
LBY,1106053.613,1114423.8,1094597.631,1120999.759,1180942.988,1282576.781,1341685.405,1370594.795,1384314.901,1458422.265,1343273.568,1316952.486,1409496.161,1434338.578,1395893.314,1440086.831,1451315.193,1514683.921,1501030.205,1553157.638,1619142.265,1640105.668,1668304.61,1658796.326,1533241.801,1539680.672,1516657.485,1502261.419,1579643.399,1559175.757,1595789.72,1619962.212,NaN
LIE,NaN,NaN,NaN,NaN,NaN,NaN,NaN,NaN,NaN,NaN,NaN,NaN,NaN,NaN,NaN,NaN,NaN,NaN,NaN,NaN,NaN,NaN,NaN,NaN,NaN,NaN,NaN,NaN,NaN,NaN,NaN,NaN,NaN
LTU,4915397.482,4779845.737,3671648.51,3939832.275,2634202.863,2685258.571,2989387.569,3206622.263,3062468.104,2693374.721,2846600.498,2437198.292,2664761.855,2715377.153,2697294.7,2750708.155,2334210.318,2759367.088,2809238.058,2866689.86,2546090.763,2781060.272,3221315.788,3077492.204,3333686.761,3716299.595,3471200.628,3532965.9,2919160.643,3306693.713,3773725.804,3371976.943,NaN
LUX,NaN,NaN,NaN,NaN,NaN,NaN,NaN,NaN,NaN,NaN,249067.7875,253982.9502,267030.5873,259327.2976,272680.2961,257505.6233,253768.8825,254088.9347,258684.0451,262831.0824,258563.3697,258897.0635,253351.2406,261038.79,274615.3003,289906.4511,287488.7451,297260.3068,315264.0313,313448.6531,322586.4064,319976.6691,NaN
MDG,3541476.719,3027892.963,3046380.126,3165695.726,3061899.424,3124706.582,3170729.499,3221578.197,3176832.222,3266932.145,3206662.872,3262538.344,3193276.478,3284512.349,3428860.816,3851094.707,3945568.431,4028324.685,4158931.774,4459362.178,4551030.029,4526173.154,4708251.913,4250192.644,4391454.251,4289070.885,4354768.911,4255560.401,4378940.817,4403197.719,4432480.394,4491558.72,NaN
MWI,1458355.549,1866301.219,1509477.283,1953346.977,1614423.755,1899108.979,2177101.95,2100463.838,2398113.386,2630172.132,3049635.715,3203143.287,2597063.819,2948705.188,3132387.713,2700240.585,3578903.066,4074875.247,4184562.353,4880866.127,4850678.321,5105003.712,5336762.893,6197174.673,7206672.729,6885340.771,6745401.596,7915760.891,8428848.789,8882258.082,9120239.901,9551190.748,NaN
MYS,8783325.315,8808891.808,9108919.571,9846687.959,9874138.384,10174870.75,10348694.12,10547189.49,10009671.48,10790423.48,11138902.75,11424090.94,11660858.59,12555588.92,13282223.63,13858299.76,14532632.14,14524413.8,15326421.74,15003787.81,15266914.51,16469882.94,16817789.54,16972514.74,16795123.4,17854658.21,16791242.6,18197687.58,17574945.92,17445406.42,17322601.1,16651023.16,NaN
MDV,NaN,NaN,NaN,NaN,NaN,NaN,NaN,NaN,NaN,NaN,NaN,NaN,NaN,NaN,NaN,NaN,NaN,NaN,NaN,NaN,NaN,NaN,NaN,NaN,NaN,NaN,NaN,NaN,NaN,NaN,NaN,NaN,NaN
MLI,2290743.386,2577066.045,2407900.36,2444400.988,2625543.014,2660435.148,2742022.063,2786606.221,2962417.475,3098983.764,2698025.3,3100116.448,2958943.631,3587933.649,3422622.879,3745405.112,3674499.741,4066960.972,4623818.195,5051042.08,4857516.326,5497426.847,5466701.221,5664554.543,5657601.592,6146248.305,7126709.246,7220069.334,7764680.73,8035325.825,8032169.89,7978485.313,NaN
MLT,97868.71616,102330.4174,111546.7921,112464.0616,120398.8159,116784.0708,133487.7512,125177.9925,130642.1915,128342.0929,123473.4266,122223.7667,120757.8401,118682.5311,115868.932,111397.6426,117640.6152,112017.6784,120366.8552,109607.8484,110747.7768,107291.7695,102217.4899,103523.6135,106460.7936,101304.4818,98289.53086,96948.25057,82347.57834,75119.15359,79214.37315,77889.07317,NaN
MHL,NaN,NaN,NaN,NaN,NaN,NaN,NaN,NaN,NaN,NaN,NaN,NaN,NaN,NaN,NaN,NaN,NaN,NaN,NaN,NaN,NaN,NaN,NaN,NaN,NaN,NaN,NaN,NaN,NaN,NaN,NaN,NaN,NaN
MTQ,NaN,NaN,NaN,NaN,NaN,NaN,NaN,NaN,NaN,NaN,NaN,NaN,NaN,NaN,NaN,NaN,NaN,NaN,NaN,NaN,NaN,NaN,NaN,NaN,NaN,NaN,NaN,NaN,NaN,NaN,NaN,NaN,NaN
MRT,665876.832,544528.3927,527522.385,504645.1418,540014.9102,560218.5162,596117.0307,616638.8414,635408.1337,655850.9914,719832.8652,719328.0442,754965.7745,782029.9217,785654.5842,809153.8818,803671.4301,811907.6683,799357.7228,800909.2697,884926.0771,887286.2947,955189.5031,972164.408,1007079.598,1027774.866,1038915.62,1058834.516,1097047.791,1069660.654,1085439.3,1145023.729,NaN
MUS,343500.2358,345668.8413,361937.5446,352010.2432,326757.02,349749.0246,349901.9924,376400.811,366899.1141,287827.2222,352705.3624,401291.9062,354668.9702,374607.8613,386783.8941,364981.2926,361745.034,342567.8604,356488.9754,372116.6706,366161.3303,361537.9551,352019.6086,346319.2148,354108.088,345468.0059,334998.5532,336588.5864,308170.9058,325358.4568,277274.5217,286938.5519,NaN
MYT,NaN,NaN,NaN,NaN,NaN,NaN,NaN,NaN,NaN,NaN,NaN,NaN,NaN,NaN,NaN,NaN,NaN,NaN,NaN,NaN,NaN,NaN,NaN,NaN,NaN,NaN,NaN,NaN,NaN,NaN,NaN,NaN,NaN
MEX,34221762.42,33737499.12,34073055.02,35022865.93,36360684.42,38056939.87,39266238.89,39944470.07,41811924.28,42972661.36,43443689.24,45853811.83,45668334.19,47214658.18,48560078.7,48191433.17,50473007.78,51597182.67,52921228.16,51634779.86,53271897.29,52676469.91,55412252.46,56775963.04,58755348.08,59070604.09,62348415,65083850.08,66688132.41,67344551.33,67715113.73,68682579.98,NaN
FSM,NaN,NaN,NaN,NaN,NaN,NaN,NaN,NaN,NaN,NaN,NaN,NaN,NaN,NaN,NaN,NaN,NaN,NaN,NaN,NaN,NaN,NaN,NaN,NaN,NaN,NaN,NaN,NaN,NaN,NaN,NaN,NaN,NaN
MCO,NaN,NaN,NaN,NaN,NaN,NaN,NaN,NaN,NaN,NaN,NaN,NaN,NaN,NaN,NaN,NaN,NaN,NaN,NaN,NaN,NaN,NaN,NaN,NaN,NaN,NaN,NaN,NaN,NaN,NaN,NaN,NaN,NaN
MNG,1639278.322,1658581.015,1491362.347,1331363.708,1247186.222,1313977.946,1481852.134,1407699.765,1555127.718,1700239.638,1648956.034,1299699.184,1196897.272,1014869.43,1229561.619,1149373.087,1135675.402,1241728.033,1421841.012,1749816.201,1369100.582,1511684.509,1617319.427,1782592.213,1830584.774,2392809.196,2288791.366,2318837.767,2722967.039,2829002.093,3616221.952,2791579.538,NaN
MNE,NaN,NaN,NaN,NaN,NaN,NaN,NaN,NaN,NaN,NaN,NaN,NaN,NaN,NaN,NaN,NaN,276611.4944,201736.6963,188980.0587,173235.5411,166771.1194,191076.7185,162906.556,176198.8203,163879.4062,171091.916,188908.4927,170382.9655,176521.9855,170554.0529,177895.1579,173477.0763,NaN
MSR,NaN,NaN,NaN,NaN,NaN,NaN,NaN,NaN,NaN,NaN,NaN,NaN,NaN,NaN,NaN,NaN,NaN,NaN,NaN,NaN,NaN,NaN,NaN,NaN,NaN,NaN,NaN,NaN,NaN,NaN,NaN,NaN,NaN
MAR,7514684.263,8413599.242,6620003.056,6641352.337,8266161.91,5986632.036,9039677.428,7937229.631,8942984.23,8394581.343,7580776.825,8322065.954,9044042.504,10390500.55,10458920.49,9863237.464,11696588.42,9908906.884,10929607.98,12901631.04,13233289.61,13714982.51,13167422.57,14038620.57,14254233.27,15391780.09,13107773.88,15440226.92,16453635.18,15683568.63,14069611.1,16461596.56,NaN
MOZ,1592870.717,1662496.382,1515587.797,1738401.151,1767946.233,2080658.782,2285797.154,2424179.396,2542538.767,2613706.142,2461954.672,2634440.347,2402452.224,2960404.052,3102355.551,2973859.413,3286077.416,3394396.801,3241289.441,3916651.225,4309894.64,4608317.582,4523570,4209362.195,4183458.955,3916210.875,4024867.056,4590523.561,5376524.554,5481758.585,5328077.317,5528243.118,NaN
MMR,8431947.316,8259356.455,9276035.888,10041515.81,10750302.4,11126291.2,11500580.08,11250879.67,11612066.95,13471700.4,14576844.43,15400014.22,15936244.21,17298383.3,18714422.16,20893487.2,23363761.83,24699376,26494068.73,27658635.87,28461395.15,27379146.8,27163138.39,28426896.01,28405580.33,29265357.51,29251124.22,29382364.85,23470097.52,23317556.44,23247854.79,22829227,NaN
NAM,583372.9146,420782.5472,381081.5774,397525.1252,415735.5673,391052.1955,395603.8033,361599.6133,382142.5162,454610.2483,558881.0734,501049.8838,489890.9742,515083.7569,494648.1513,489679.3881,504132.4223,498215.0314,501017.7949,504696.9861,515271.2764,518637.6009,537647.2567,520455.6368,529822.5828,516075.504,506026.6692,542536.8005,529264.0356,503928.8584,535716.9098,544681.7419,NaN
NRU,NaN,NaN,NaN,NaN,NaN,NaN,NaN,NaN,NaN,NaN,NaN,NaN,NaN,NaN,NaN,NaN,NaN,NaN,NaN,NaN,NaN,NaN,NaN,NaN,NaN,NaN,NaN,NaN,NaN,NaN,NaN,NaN,NaN
NPL,4631104.44,4565643.982,4363825.918,4846962.93,4718390.61,5108337.711,5109331.861,5286927.799,5361284.456,5573248.635,5889715.354,6107490.975,6267951.72,6494799.24,6785679.378,6940737.907,7046860.667,7020653.577,7519338.92,7882598.535,7957475.62,8579273.241,9373503.668,9109996.023,9593471.09,9601120.709,9840486.294,10303740.3,10468014.18,11033476.62,11625625.43,11794028.26,NaN
NLD,17811365.87,16946696.42,17924255.83,17931669.67,17330953.33,17551266.1,17855323.29,16947710.84,17192287.67,18110885,17932472.36,16683471.2,16643440.86,15575539.57,16556234.96,16251758.51,15887101.2,16374848.57,16649606.43,17117115.83,17075533.83,17736309.9,17303563.82,17793683.46,18407268.16,19266811.75,19487042.35,19514751.04,18292729.62,19198836.76,19491759.48,19749240.49,NaN
NCL,NaN,NaN,NaN,NaN,NaN,NaN,NaN,NaN,NaN,NaN,NaN,NaN,NaN,NaN,NaN,NaN,NaN,NaN,NaN,NaN,NaN,NaN,NaN,NaN,NaN,NaN,NaN,NaN,NaN,NaN,NaN,NaN,NaN
NZL,11381151.04,11575203.15,12188643.82,11947877.48,12929099.79,12959288.74,13328872.71,13879830.03,14099724.45,13144771.24,14272919.95,14700645.04,14704466.4,15370447.46,16032948.6,15741260.36,15905387.25,16311085.9,16090568.81,16375209.65,16374896.67,16310227.96,17124618.23,17554496.93,18617401.32,19015822.76,18826031.93,18467152.57,19163251.45,19081664.58,19266471.89,19358351.91,NaN
NIC,1018074.193,1090971.47,1103842.828,1081015.366,1105047.856,1198923.043,1232289.448,1268902.941,1311730.889,1480455.01,1614950.169,1587565.297,1641643.718,1881234.757,1795933.03,2008578.452,1997680.022,2115351.586,2120063.213,2313402.663,2327594.978,2536507.26,2637607.297,2724409.725,2725867.883,2718701.53,2957686.332,3240812.594,3258612.548,3326746.084,3454247.188,3575905.023,NaN
NER,1761902.582,1798598.944,1919971.09,1887837.939,1940853.785,1975708.662,2176265.72,2080671.423,2683258.4,2693543.656,1930025.172,2341085.687,2601929.697,2634131.015,2413348.23,2882969.797,3117834.423,3173436.649,3821542.133,3272735.653,4266829.205,3769545.822,4240358.823,4215524.44,4500054.868,5064353.941,5404777.044,5528863.012,5977935.801,5927424.337,6458535.158,5683396.735,NaN
NGA,22874604.06,25580079.35,27433401.1,28961584.78,29976306.34,31146582.45,32586752.7,33896490.28,35834312.11,37424800.95,37754483.9,37662899.21,39575677.43,41294420.01,43972163.58,46349182.59,49257368.65,45906526.95,48818112.53,43047428.08,48545438.8,45231854.59,49258642.07,47833795.55,53836320.91,55066562.65,58774337.29,59923867.71,62428421.94,60109378.65,59475165.1,60455296.97,NaN
NIU,NaN,NaN,NaN,NaN,NaN,NaN,NaN,NaN,NaN,NaN,NaN,NaN,NaN,NaN,NaN,NaN,NaN,NaN,NaN,NaN,NaN,NaN,NaN,NaN,NaN,NaN,NaN,NaN,NaN,NaN,NaN,NaN,NaN
MKD,NaN,NaN,1196591.563,930476.06,1046125.797,1056344.197,1067598.171,1089399.748,1123241.247,1155413.834,1148557.238,1039843.673,959829.7037,1059816.098,1177082.422,1180906.419,1208825.519,1209614.736,1276269.788,1297754.153,1349205.875,1307606.285,1267457.591,1334834.275,1304338.229,1425064.463,1443880.315,1169275.277,1411054.77,1335026.129,1427727.526,1315858.182,NaN
MNP,NaN,NaN,NaN,NaN,NaN,NaN,NaN,NaN,NaN,NaN,NaN,NaN,NaN,NaN,NaN,NaN,NaN,NaN,NaN,NaN,NaN,NaN,NaN,NaN,NaN,NaN,NaN,NaN,NaN,NaN,NaN,NaN,NaN
NOR,2315834.815,2137689.342,2099629.411,2189108.54,2107577.779,2128606.835,2160115.466,2163333.209,2166759.625,2146407.714,2104499.847,2075351.312,2062298.794,2098934.529,2191752.431,2139187.616,2141991.143,2147226.757,2265010.337,2169266.835,2208877.208,2125632.196,2150043.847,2167355.387,2240055.092,2269147.286,2290864.964,2296865.366,2190281.284,2301358.103,2295291.969,2315484.244,NaN
OMN,296479.7882,320684.3478,334300.3779,361942.734,374360.7002,382201.6955,393320.2306,404498.6206,458514.7946,513358.3181,498676.4841,522473.644,461807.7809,444707.6148,517781.7902,541911.0483,532231.9276,568024.2076,578760.4435,579852.3132,673133.3183,630544.608,705097.7793,805439.7347,729301.3734,805715.8397,863660.2345,996448.3866,1071583.695,1021746.747,1176437.94,1149840.149,NaN
PAK,29400622.85,31665045.6,31229498.04,32742566.28,34041830.02,37085779.35,36919536.48,37491789.62,39128369.53,40785976.68,41378011.83,40355871.35,40916098.1,42407245.01,45645844.34,46746226.66,47599984.97,49416072.48,51676531.35,52893980.85,52654592.14,56056642.91,55867572.82,67633229.75,64970334.99,64439203.88,65696032.49,70185963.14,68507164.49,72060956.04,74906856.07,79569264.58,NaN
PLW,NaN,NaN,NaN,NaN,NaN,NaN,NaN,NaN,NaN,NaN,NaN,NaN,NaN,NaN,NaN,NaN,NaN,NaN,NaN,NaN,NaN,NaN,NaN,NaN,NaN,NaN,NaN,NaN,NaN,NaN,NaN,NaN,NaN
PAN,1271447.915,1223210.226,1218364.898,1225701.949,1228256.554,1274972.709,1291033.598,1277366.739,1299695.675,1329972.522,1293158.131,1329791.735,1332647.279,1349799.63,1329534.59,1347463.99,1429798.644,1507724.778,1503860.867,1447372.084,1468755.535,1516125.219,1575201.172,1602250.795,1624626.893,1633757.221,1644827.927,1683668.036,1765651.221,1808854.933,1790969.326,1823728.913,NaN
PNG,2208089.35,2215619.042,2321776.788,2416624.558,2416141.859,2433718.688,2538626.974,2572743.189,2657854.643,2759274.941,2834243.542,2777819.226,2866233.412,2931590.232,2966879.744,3068520.293,3130930.488,3339027.253,3404779.289,3454296.584,3396960.389,3587028.503,3546046.436,3637683.074,3842754.994,3875447.813,3905467.777,3910218.605,3980032.928,3962651.649,3973633.308,4018512.988,NaN
PRY,3979060.068,3576631.234,3533237.962,3840226.311,3648297.066,3923404.644,3973745.576,4225272.092,4431373.658,4357059.333,4085849.324,4700554.049,4651299.493,5195687.346,5265364.749,5283575.713,5626143.662,6442750.67,6272329.619,5407577.085,7473322.345,7859189.859,5827947.09,8656879.502,9242988.328,9169472.052,9423422.578,10247823.69,10223818.38,9503227.481,10869366.93,10253910.49,NaN
PER,5134090.722,5295970.531,4960325.976,5332248,5987401.347,6446984.328,7027208.261,7514122.307,7524940.875,8462952.997,8840755.222,8778155.501,9299110.676,9520392.146,9538797.735,10112484.27,10957853.12,11219374.05,12142441.31,12395632.22,12984032.35,13520278.77,14304587.27,14700887.18,15175606.53,15352824.68,15981530.19,16080747.49,17370240.63,18074003.24,18352057.59,19066096.69,NaN
PHL,18156443.15,18322448.11,18375140.39,18924629.65,19596574.57,19526904.63,21026156.15,21092814.31,19426697.47,21303810.97,21987233.12,22872500.82,23561721.02,24306493.91,25031141.27,25491707.6,26449991.2,28030996.3,29205007.01,29107076.2,28798695.22,29960216.99,31007784.11,31086424.35,31691998.57,31666782.98,30968802.75,32030742.06,31936584.85,31829039.74,31643268.82,31518164.02,NaN
POL,37430125.56,34217355.33,29481252.58,33359197.53,27822037.95,30375886.43,31069284.14,29305934.01,32032505.8,29689066.62,29385679.59,29666775.82,28717293.8,27710602.49,29771578.7,27900818.05,27173562.24,29173644.64,29313059.64,30189055.24,28736939.83,29378648.86,30254897.18,29986513.22,32054960.61,30397758.44,32038810.35,33449202.46,32432956.33,32085411.64,35308719.72,34931420.26,NaN
PRT,6355659.407,6682469.23,5959921.343,5866936.043,5963297.514,6113880.213,6483814.383,6162466.446,5792808.204,6610443.891,6116396.08,6121441.452,6272721.837,6070304.731,6481355.17,6055512.736,6192961.1,5892404.21,6121716.33,6279848.728,6343833.365,6071139.856,5999195.302,6163111.674,6122754.991,7026708.616,6460057.383,7201996.748,6632589.393,7268719.672,7024338.581,8316467.982,NaN
PRI,613548.307,638288.0198,612143.2261,598811.6003,563754.1755,540225.8785,518224.7118,510095.8194,517196.8744,450785.8706,504339.3248,476532.2387,467891.9492,456480.8361,486262.9032,437734.6559,432365.4916,426523.26,423884.5724,416650.3726,408073.6295,410111.1481,383026.2715,366482.0236,340416.915,350234.3254,341875.4556,329217.6231,332949.7117,320806.3023,330665.0683,324366.9166,NaN
QAT,44265.42031,58560.87086,64839.96868,65169.25229,66404.84001,75176.79024,79787.79303,89292.63155,73994.87885,80102.62532,84551.5669,63853.15009,73897.84857,66916.82957,69521.16359,66601.99728,70101.28079,80960.41429,71073.64807,81324.79396,79579.28115,84871.56038,90169.00078,110608.3261,92184.95969,128236.87,120237.0331,119986.1995,159436.2341,155286.6412,179998.3956,183974.5726,NaN
KOR,11762519.43,11648033.12,12797625.03,12895995.88,12921895.77,13653921.78,14210262.45,14597902.41,14431271.07,15155842.22,15251944.95,15204345.37,14633290.67,14256063.12,14479001.78,14486476.1,14583297.99,14690431.89,15157518.21,15422878.94,14724045.82,14150874.63,14764410.81,15467015.92,16027061.99,15649358.07,15490423.35,15332858.31,15722013.42,15884111.61,15618549.06,16066058.33,NaN
MDA,4919164.257,4576163.936,4002403.962,4321785.177,3082731.046,3365654.586,2910220.519,3001768.963,2389376.996,2425389.276,2382747.63,2460014.908,2590544.202,2620897.989,2749803.676,2611716.926,2490371.986,2124182.596,2697960.122,2383166.696,2445667.919,2635364.555,2179905.256,2662512.814,2811214.448,2497072.66,2949306.683,3184644.252,3338449.281,3261671.28,2240475.701,3434111.597,NaN
REU,NaN,NaN,NaN,NaN,NaN,NaN,NaN,NaN,NaN,NaN,NaN,NaN,NaN,NaN,NaN,NaN,NaN,NaN,NaN,NaN,NaN,NaN,NaN,NaN,NaN,NaN,NaN,NaN,NaN,NaN,NaN,NaN,NaN
ROU,16241520.81,16168675.68,14218530.64,16328963.08,15776051.53,16373655.4,15521889.34,16577332.45,14511127.49,15341186.54,13044465.45,15313564.98,14303647.59,15727140.22,18306410.94,16032591.05,15890478.97,12529598.99,15447241.29,15089759.18,15075884.76,16762901.7,13014721.12,16063568.32,16722861.12,15594151.21,16363536.24,18798242.28,19178991.94,18172814.31,14103334,17198357.7,NaN
RUS,110297894.2,99543801.09,97903876.62,92334868.72,81170136.54,75439392.26,72758536.74,74340234.63,61243293.72,61365782.03,65172456.53,69531387.19,71279653.39,68867555.3,71132597.99,71577898.72,72590957.8,74236373.49,82797268.98,81658171.19,69687835.53,86267551.7,80019365.28,87286968.69,91990453.35,94382753.85,96631644.6,101317927.5,98731722.22,103726115.4,105618598.8,105377224.5,NaN
RWA,1939449.495,2286663.721,2404749.152,1749072.993,1183590.327,1403528.222,1579438.555,1688410.54,1872985.293,2028450.819,2220151.372,2202920.92,2658407.948,2462810.604,2464123.141,2634311.273,2737126.684,2770497.993,2840882.013,3180256.603,3112927.843,3321170.132,3614043.854,3745652.395,2876719.302,2964968.062,2992218.385,3375398.641,3257782.124,3621101.62,3670017.18,3801855.99,NaN
BLM,NaN,NaN,NaN,NaN,NaN,NaN,NaN,NaN,NaN,NaN,NaN,NaN,NaN,NaN,NaN,NaN,NaN,NaN,NaN,NaN,NaN,NaN,NaN,NaN,NaN,NaN,NaN,NaN,NaN,NaN,NaN,NaN,NaN
SHN,NaN,NaN,NaN,NaN,NaN,NaN,NaN,NaN,NaN,NaN,NaN,NaN,NaN,NaN,NaN,NaN,NaN,NaN,NaN,NaN,NaN,NaN,NaN,NaN,NaN,NaN,NaN,NaN,NaN,NaN,NaN,NaN,NaN
KNA,NaN,NaN,NaN,NaN,NaN,NaN,NaN,NaN,NaN,NaN,NaN,NaN,NaN,NaN,NaN,NaN,NaN,NaN,NaN,NaN,NaN,NaN,NaN,NaN,NaN,NaN,NaN,NaN,NaN,NaN,NaN,NaN,NaN
LCA,NaN,NaN,NaN,NaN,NaN,NaN,NaN,NaN,NaN,NaN,NaN,NaN,NaN,NaN,NaN,NaN,NaN,NaN,NaN,NaN,NaN,NaN,NaN,NaN,NaN,NaN,NaN,NaN,NaN,NaN,NaN,NaN,NaN
MAF,NaN,NaN,NaN,NaN,NaN,NaN,NaN,NaN,NaN,NaN,NaN,NaN,NaN,NaN,NaN,NaN,NaN,NaN,NaN,NaN,NaN,NaN,NaN,NaN,NaN,NaN,NaN,NaN,NaN,NaN,NaN,NaN,NaN
VCT,NaN,NaN,NaN,NaN,NaN,NaN,NaN,NaN,NaN,NaN,NaN,NaN,NaN,NaN,NaN,NaN,NaN,NaN,NaN,NaN,NaN,NaN,NaN,NaN,NaN,NaN,NaN,NaN,NaN,NaN,NaN,NaN,NaN
WSM,NaN,NaN,NaN,NaN,NaN,NaN,NaN,NaN,NaN,NaN,NaN,NaN,NaN,NaN,NaN,NaN,NaN,NaN,NaN,NaN,NaN,NaN,NaN,NaN,NaN,NaN,NaN,NaN,NaN,NaN,NaN,NaN,NaN
SMR,NaN,NaN,NaN,NaN,NaN,NaN,NaN,NaN,NaN,NaN,NaN,NaN,NaN,NaN,NaN,NaN,NaN,NaN,NaN,NaN,NaN,NaN,NaN,NaN,NaN,NaN,NaN,NaN,NaN,NaN,NaN,NaN,NaN
STP,17602.76375,18651.2138,23985.07617,24940.89616,26404.65458,24325.059,28173.78679,32811.39691,34494.00654,35349.05318,35974.05156,37432.72041,37689.2344,37992.57238,35629.99708,36451.4526,36245.83424,36345.58968,34992.78375,35702.26888,35143.43482,33762.12734,34435.98552,37273.92604,35964.89035,30574.02486,35337.85614,37410.32633,36063.62788,35713.46592,35116.9691,35364.32187,NaN
SAU,3803758.593,3712806.512,3876959.528,3941995.682,3967791.717,3691390.08,3565444.494,3919269.499,4067545.32,3830935.911,3978875.227,4517293.412,4389217.971,4570832.98,4826582.878,4895297.414,4970342.074,5030514.017,5075408.226,4899035.24,5084206.725,4906768.811,4756505.193,5238226.304,4595375.685,5090428.039,5372818.257,6069691.037,6350970.989,6868142.003,7879710.495,7958029.531,NaN
SEN,1384095.727,1450618.036,1326021.487,1452233.373,1449768.437,1585077.323,1424933.388,1347435.177,1339395.434,1881906.872,1859893.171,1764701.136,1208210.748,1645805.187,1641420.417,1880202.682,1614103.461,1455207.468,2172964.938,2383932.069,2612629.963,1850826.122,2219146.788,2210283.403,2298017.735,2994443.38,2864664.376,3593362.805,4130598.942,4110997.264,4895261.07,4801154.245,NaN
SRB,NaN,NaN,NaN,NaN,NaN,NaN,NaN,NaN,NaN,NaN,NaN,NaN,NaN,NaN,NaN,NaN,6640190.81,6156378.64,6827742.508,6996853.973,6793472.957,6853427.974,5603394.989,6726963.524,6632828.7,6387236.864,7276942.849,6138944.371,7285668.853,7295048.108,7503997.404,7053830.753,NaN
SYC,NaN,NaN,NaN,NaN,NaN,NaN,NaN,NaN,NaN,NaN,NaN,NaN,NaN,NaN,NaN,NaN,NaN,NaN,NaN,NaN,NaN,NaN,NaN,NaN,NaN,NaN,NaN,NaN,NaN,NaN,NaN,NaN,NaN
SLE,589225.0746,612057.5378,579457.1346,583591.8812,592117.5604,558088.3156,580055.5466,610181.0956,556742.6136,480269.6198,440526.9422,496320.4026,591432.1418,843694.2205,938176.6121,946187.9857,1148417.407,997694.9214,1068448.682,1318893.29,1488769.793,1589748.677,1640189.298,1719635.984,1613024.874,1419685.593,1381281.85,1251548.254,1316140.981,1169524.24,1357600.589,1913285.589,NaN
SGP,NaN,NaN,NaN,NaN,NaN,NaN,NaN,NaN,NaN,NaN,NaN,NaN,NaN,NaN,NaN,NaN,NaN,NaN,NaN,NaN,NaN,NaN,NaN,NaN,NaN,NaN,NaN,NaN,NaN,NaN,NaN,NaN,NaN
SXM,NaN,NaN,NaN,NaN,NaN,NaN,NaN,NaN,NaN,NaN,NaN,NaN,NaN,NaN,NaN,NaN,NaN,NaN,NaN,NaN,NaN,NaN,NaN,NaN,NaN,NaN,NaN,NaN,NaN,NaN,NaN,NaN,NaN
SVK,NaN,NaN,NaN,2987129.754,2924678.079,2765126.745,2896042.454,2878504.728,2734887.633,2603131.363,2196639.098,2373050.534,2438131.238,2236452.173,2490627.488,2423856.077,2251449.047,2151890.962,2445785.424,2166086.572,1867810.075,2122231.713,1828656.415,2001321.268,2240598.429,1917357.173,2261697.758,1966368.496,2091160.665,2091791.325,2162743.497,2079957.337,NaN
SVN,NaN,NaN,929738.4595,1084879.569,1188344.734,1151190.761,1102892.839,1108248.945,1146687.443,1097152.018,1077270.736,1129363.456,1260607.273,1150870.164,1230882.598,1153514.02,1119902.642,1115609.849,1111677.194,1081398.955,1070703.843,1062451.679,975988.8354,939981.5301,1007780.292,1049704.747,1037804.19,1006478.668,1057933.4,1030207.113,1082695.235,1004371.278,NaN
SLB,93489.21436,100966.4166,106141.2787,104917.5493,105551.542,116521.879,119223.5522,124528.0946,127312.1045,119941.94,120896.0166,116137.9841,118659.5458,122562.3057,138281.4124,155147.0577,158453.9057,169322.351,176117.1878,171038.0422,127654.8311,129909.8276,132200.8465,134759.4597,137696.8217,139659.523,139840.6638,141862.0299,144217.889,143901.9219,144314.6346,145766.8483,NaN
SOM,2468563.884,1987157.055,1691970.293,1853149.731,2084505.686,2110526.25,2176186.945,2198452.277,2240574.232,2153550.964,2226897.798,2349895.329,2403005.753,2424211.943,2461130.598,2528192.65,2401024.558,2372458.196,2325691.452,2322131.193,2548375.241,2515454.516,2607180.455,2611423.115,2385440.044,2416706.558,2311855.588,2328281.932,2327562.975,2383526.887,2389279.56,2336187.415,NaN
ZAF,13811403.51,14336479.81,12256744.02,13503558.3,13796368.81,12260783.88,14181899.75,15524496.82,13824395.27,14948796,15630777.52,15015626.98,15857571.97,15929314.99,16291562.81,17283494.84,16713798.08,17150619.17,19248505.19,18978155.72,19554598.87,19400586.29,20017815.54,21140794,22341347.76,21964957.88,20871953.73,22984614.73,22711835.82,22781884.58,24236098.72,24804944.77,NaN
SSD,NaN,NaN,NaN,NaN,NaN,NaN,NaN,NaN,NaN,NaN,NaN,NaN,NaN,NaN,NaN,NaN,NaN,NaN,NaN,NaN,NaN,NaN,NaN,NaN,NaN,NaN,NaN,NaN,NaN,NaN,NaN,NaN,NaN
ESP,41262659.89,39465981.08,40278035.29,38465045.02,36584074.97,33636342.61,43158566.4,46577085.54,45328053.99,45192240.08,48673694.13,48927210.36,48844584.32,53535957.54,50422274.9,45691712.2,49845517.17,49461748.05,49264934.29,48743728.9,50351015.06,52067449.45,45386481.62,54959889.68,49934588.76,52469778.85,55965050.31,53657100.56,61993300.52,56185765.85,61899307.22,61532080.88,NaN
LKA,3159690.75,4643037.842,4137469.538,4759675.754,5047242.609,5160820.153,4935420.098,5158755.828,5234701.412,5375925.036,5611860.37,5425694.696,5599020.657,5651047.95,5557347.545,5906238.785,5916591.949,5851618.114,6338054.024,6048825.738,6885558.949,6705076.527,6925187.067,7336945.086,6912882.511,7484207.038,7117612.865,6368769.631,7248251.356,7343823.795,7924693.662,8291249.174,NaN
PSE,NaN,NaN,NaN,NaN,656481.0888,771182.4458,810475.7977,755224.9501,813943.0076,749461.8439,936805.9713,821377.2419,1005818.991,922487.0956,988247.2564,943392.959,973470.2172,861388.8234,911727.875,792150.278,671870.7056,727423.2706,774669.9733,743710.9283,684585.5016,598509.7056,702613.3675,670173.1646,685551.6067,820168.3408,652231.6488,691401.063,NaN
SDN,5650335.164,6686249.086,7587011.206,7048837.858,8230161.086,8546287.249,9359194.433,9650313.754,10207261.55,10412274.85,10958702.02,12143950.12,12385004.6,13642644.11,13453572.55,14062813.36,14177031.46,14006860.68,14094614.33,14503977.91,13812376.36,26478412.96,26277010.26,29869575.7,32494003.6,29356330.89,33026448.87,32504858.34,37063466.82,36365007.44,36531725.29,36335281.15,NaN
SUR,185309.5689,203569.3454,213698.2011,192616.6223,181652.6749,181238.4963,176239.1697,176516.4112,153163.0235,157302.5647,147563.1941,161155.8849,132342.9722,143511.2029,150196.4272,155825.4399,166933.0591,178185.4724,178114.759,205981.4588,211955.0591,208641.6303,210173.7544,227004.6709,234014.279,226032.642,230507.7913,238280.6553,225436.6288,218008.3524,197522.7868,202094.4655,NaN
SWE,5389010.812,4588805.022,4373601.879,4949841.361,4692951.736,4760213.09,5014408.112,5120393.752,5018669.9,4864123.325,4919749.554,4837026.905,4856371.415,4765496.503,4936360.049,4727673.53,4448490.681,4558836.641,4619848.964,4722010.508,4462833.893,4571363.744,4568910.804,4574839.346,4884466.644,5021682.918,4814099.962,4951339.054,4125503.422,4940285.789,4959388.636,4730742.556,NaN
CHE,4226117.244,4148423.021,4272988.541,4097255.189,3925184.559,4006497.189,4133207.37,3903017.569,4101878.422,3867646.642,3949226.195,3839208.503,3928065.062,3774821.276,3941586.421,3862603.959,3851779.657,3967603.701,3989753.171,4100295.434,4015959.049,4242196.531,4075895.152,3950502.067,4161420.839,4033838.779,3974947.695,3965006.611,4124228.857,3948261.562,4017379.204,3867586.868,NaN
SYR,NaN,NaN,NaN,NaN,NaN,NaN,NaN,NaN,NaN,NaN,NaN,NaN,NaN,NaN,NaN,NaN,NaN,NaN,NaN,NaN,NaN,NaN,NaN,NaN,NaN,NaN,NaN,NaN,NaN,NaN,NaN,NaN,NaN
TJK,1685365.901,1403048.22,1423952.957,1347837.813,1314640.518,1195059.967,1007457.313,1070539.088,1005862.009,986748.6736,1113725.98,1245441.832,1413692.423,1520019.824,1708926.004,1691940.373,1755079.935,1816532.301,1892464.611,2066950.53,2170780.769,2323398.516,2510698.971,2728164.317,2734694.264,3611545.049,3538137.374,3941363.763,4237961.5,4537289.443,4496793.916,4349952.989,NaN
THA,24982887.3,26926956.83,28367791.71,27881953.68,29044418.12,29622770.46,30693744.7,31166924.86,30085225.68,31344688.93,34455564.33,36072998.16,36485910.83,38645797.32,37601472.76,37242983.42,38427904.33,41873586.74,41561336.03,42132552.49,42442711.74,45572782.9,48875574.74,48696890.5,48245523.53,45421401.93,47070835.56,48005956.31,49395740.76,47974661.56,45394630.79,46968376.51,NaN
TLS,165963.4114,174594.6732,171416.0311,184989.3593,182299.9974,183796.9486,174208.3994,174894.7353,161222.8793,157716.1842,168702.0372,171727.2895,186370.9882,181437.8789,181856.6222,193417.9673,199247.9037,194079.6712,210240.4746,232010.6464,231431.7954,197991.6739,203108.4033,199017.2591,201787.2346,208609.1672,192272.5812,183847.3322,194219.6255,195681.8681,189149.9208,175574.3534,NaN
TGO,672715.9156,650525.0725,624766.4687,714418.4882,730972.4518,723085.0764,871605.6535,901631.1815,898797.0359,906396.6397,851232.6356,946807.2796,952627.5628,940835.0043,981884.0109,950246.3536,994956.3428,1026993.233,1109007.144,1195674.039,1188837.435,1310737.107,1270006.27,1206278.019,1341695.866,1280991.244,1325740.751,1375558.687,1434821.411,1449027.604,1470430.115,1477854.421,NaN
TKL,NaN,NaN,NaN,NaN,NaN,NaN,NaN,NaN,NaN,NaN,NaN,NaN,NaN,NaN,NaN,NaN,NaN,NaN,NaN,NaN,NaN,NaN,NaN,NaN,NaN,NaN,NaN,NaN,NaN,NaN,NaN,NaN,NaN
TON,NaN,NaN,NaN,NaN,NaN,NaN,NaN,NaN,NaN,NaN,NaN,NaN,NaN,NaN,NaN,NaN,NaN,NaN,NaN,NaN,NaN,NaN,NaN,NaN,NaN,NaN,NaN,NaN,NaN,NaN,NaN,NaN,NaN
TTO,203776.7639,201253.7885,196147.6626,202757.0704,207097.3321,207918.995,211211.1169,200592.9571,175888.3669,192255.9785,219810.6775,218118.1176,264473.6881,232839.1212,223342.4054,218892.7346,222877.4165,231882.8851,190597.3355,200996.6769,211989.016,206983.5466,211091.8609,210096.2374,210441.9704,172681.5842,199311.7757,209079.8263,213494.4862,183624.6892,174727.5356,174673.9252,NaN
TUN,3612612.899,4441211.292,3709841.481,4110268.627,3070734.362,2973726.509,5083920.915,3579871.08,4472674.936,4955768.706,4248547.68,3674607.991,3716412.021,5374016.386,4651336.113,5117183.244,5336031.482,5318704.764,5497319.742,5404573.5,5346427.307,5392236.286,6081730.202,5897741.755,5657533.104,7225237.091,6033932.608,5916614.602,7144429.724,6568166.734,7744216.272,6538122.943,NaN
TUR,39698273.03,39780453.81,40142671.81,39764143.85,40384877.89,40196047.84,42920530.83,42155353.72,46952243.85,45265731.91,46584187.7,45141026.89,47772695.01,48397427.66,48763721.88,51964829.46,52888589.46,50466285.74,52944430.99,54145758.67,55860996.74,58469288.03,61511727.04,62955736.56,61763387.88,65202842.02,65677994.96,69831418.33,70343446.84,73369672.66,76392980.4,76796986.81,NaN
TKM,2108343.715,2079276.144,2077949.325,2478871.489,2521570.742,2560891.259,1663419.207,1848465.754,2169976.228,2836864.722,2839064.697,3113196.938,3199714.413,3430119.545,3705481.798,4008796.45,3921342.229,4044494.316,3927654.582,4106066.088,4296237.685,4066402.003,3809022.029,3851548.549,3930225.648,4015849.087,3887108.799,3832465.334,3857596.108,4661741.962,4750266.748,4568269.605,NaN
TCA,NaN,NaN,NaN,NaN,NaN,NaN,NaN,NaN,NaN,NaN,NaN,NaN,NaN,NaN,NaN,NaN,NaN,NaN,NaN,NaN,NaN,NaN,NaN,NaN,NaN,NaN,NaN,NaN,NaN,NaN,NaN,NaN,NaN
TUV,NaN,NaN,NaN,NaN,NaN,NaN,NaN,NaN,NaN,NaN,NaN,NaN,NaN,NaN,NaN,NaN,NaN,NaN,NaN,NaN,NaN,NaN,NaN,NaN,NaN,NaN,NaN,NaN,NaN,NaN,NaN,NaN,NaN
UGA,6215960.321,6322248.478,6223460.478,6643786.861,6707004.965,6971742.432,6937168.089,6999997.685,7516208.939,7893465.269,7985940.977,8486574.983,8932534.186,9099287.865,9143867.274,9116111.255,9006728.627,9405707.439,7344148.233,7688707.687,7869402.994,7960999.702,7976135.994,8203463.006,8481063.99,8624952,7896363.542,8698594.759,8833152.738,9904563.046,10791965.04,10437488.91,NaN
UKR,56063617.05,48202554.1,45999944.44,45246469.34,38516145.41,37388725.65,33545343.61,33806779.78,29743882.73,28221810.45,30846623.19,33003137.23,33913402.31,32953887.87,36260863.4,36210864.78,36285552.64,33687758.57,41902848.38,39847763.89,38598888.65,46721982.54,43793887.52,50267175.95,50260898.26,48130147.14,50739898.5,49717087.42,53304315.64,54346242.28,49331642.31,56619448.09,NaN
ARE,375585.2717,450922.4582,560062.7392,594052.3698,635990.7866,723378.6025,786602.6554,946792.3282,965164.6792,1459812.786,1866767.392,1231042.248,1209114.966,1122379.539,1208043.604,1226666.949,1127387.694,1123382.537,1218062.844,1199740.302,1307173.434,761663.4489,779166.5997,793979.1368,951004.5305,991167.4351,1081067.142,1081358.177,1122816.092,1153578.94,1191813.978,1256576.222,NaN
GBR,29038961.98,28807453.72,29519638.67,28659464.95,28736749.94,28925787.17,28705734.03,28642420.44,28632036.98,28674400.83,28011774.52,25875878.45,27527248.29,26941521.38,27060656.46,27274210.35,27109713.94,26578309.26,27732679.69,27112375.21,27654664.51,28316747.64,26620100.52,27196154.19,29480693.59,29679188.67,28701750.01,29931776.94,29176007.3,30325070.95,28459887.71,29018612.15,NaN
TZA,5745606.36,6041014.369,5987881.313,6013104.508,5848387.122,6390550.533,6366434.674,6129236.428,6532743.415,6783572.408,6418499.477,7045917.689,8527100.471,7518862.118,8822103.626,9044330.298,9667075.654,9803797.999,10071360.28,10343470.16,12001153.17,13153073.55,13814884.29,14852547.7,15525510.97,16208494.37,15194640.17,15352681.47,16773580.12,17068866.87,17478184.11,17540994.58,NaN
USA,260196555.7,256083775.4,277147633.5,255015038.8,292104613.1,270823752.4,289726196.9,299284487.2,300220453.8,304797035.8,311943351.5,308364101.7,302202432.2,312460714.2,332398121.8,324189868.4,318763231,336171372.2,338771980.2,345189474,345014623.8,341960019.4,340884897.6,356251054.6,366880357.1,361442510.6,391366225.5,382633286.6,386157228.7,374732552.6,387326235,394415616.9,NaN
VIR,NaN,NaN,NaN,NaN,NaN,NaN,NaN,NaN,NaN,NaN,NaN,NaN,NaN,NaN,NaN,NaN,NaN,NaN,NaN,NaN,NaN,NaN,NaN,NaN,NaN,NaN,NaN,NaN,NaN,NaN,NaN,NaN,NaN
URY,3519687.562,3463292.616,3644912.657,3620156.174,3869263.109,3824702.681,4368106.662,4614764.254,4571546.046,4728603.272,4411426.365,3853513.785,4044930.16,4175731.263,4799837.195,5417589.335,5552661.512,5327783.908,5388185.833,5544782.19,5924202.431,5890653.17,6471875.413,6288836.514,6699704.656,6585291.881,6228956.563,6758961.138,5772932.488,6583826.418,5960138.894,6401047.471,NaN
UZB,9167617.227,8562458.349,9177404.529,10031857.91,9778650.977,9980774.015,9089457.747,9469860.329,9264566.526,9727423.349,9600748.974,9927255.273,10288948.53,10646115.13,11632303.26,12370364.02,13317261.13,13742838.23,14327329.17,15007676.08,15872077.74,16900751.63,18026946.87,19210873.21,20382450.92,21703049.75,22456745.85,21341328.71,21591724.21,21981765.57,22620576.33,23444076.19,NaN
VUT,102546.2522,88969.95834,86661.4429,87955.15842,89669.82035,92359.14305,93714.6111,108984.9827,112044.8206,94902.3181,90388.20812,90820.47583,82553.87042,86750.98407,88625.17337,90333.66005,90943.98089,93145.45861,95449.8572,92913.88662,119362.4954,113512.4724,115549.2767,122152.6806,109658.0853,102187.0583,102012.0928,109746.5972,108787.3746,109732.1883,108048.4026,109381.2281,NaN
VEN,NaN,NaN,NaN,NaN,NaN,NaN,NaN,NaN,NaN,NaN,NaN,NaN,NaN,NaN,NaN,NaN,NaN,NaN,NaN,NaN,NaN,NaN,NaN,NaN,NaN,NaN,NaN,NaN,NaN,NaN,NaN,NaN,NaN
VNM,15974181.73,15778046.73,17137356.87,18038633.43,18907375.99,20073772.37,21472844.04,22838563.62,23873823.75,25903259.49,27445743.01,28330213.57,30340111.02,31695543.75,33439788.77,34304430.23,35827388.24,37376150.18,39187330.53,39869532.54,40961344.23,42892663.47,45971115.62,46973004.49,48439158.49,49515536.19,49534776.22,50437515.33,52123020.83,52015953.28,52842158.34,55511761.39,NaN
WLF,NaN,NaN,NaN,NaN,NaN,NaN,NaN,NaN,NaN,NaN,NaN,NaN,NaN,NaN,NaN,NaN,NaN,NaN,NaN,NaN,NaN,NaN,NaN,NaN,NaN,NaN,NaN,NaN,NaN,NaN,NaN,NaN,NaN
ESH,NaN,NaN,NaN,NaN,NaN,NaN,NaN,NaN,NaN,NaN,NaN,NaN,NaN,NaN,NaN,NaN,NaN,NaN,NaN,NaN,NaN,NaN,NaN,NaN,NaN,NaN,NaN,NaN,NaN,NaN,NaN,NaN,NaN
YEM,NaN,NaN,NaN,NaN,NaN,NaN,NaN,NaN,NaN,NaN,NaN,NaN,NaN,NaN,NaN,NaN,NaN,NaN,NaN,NaN,NaN,NaN,NaN,NaN,NaN,NaN,NaN,NaN,NaN,NaN,NaN,NaN,NaN
ZMB,1091740.001,1277602.921,1103433.666,1421903.089,1257819.356,1160689.359,1341795.109,1260127.171,1231444.615,1438087.908,1413201.854,1424255.073,1460331.871,1640883.505,1687789.667,1764296.894,1784002.16,1784094.512,1901561.187,2447130.037,2848359.57,3031145.739,3105787.841,3106888.043,3282982.653,2861835.041,3116092.199,3774966.831,3577198.437,3427327.993,3690892.703,3855619.893,NaN
ZWE,2026783.213,3830076.482,3520745.049,3349227.535,3508444.311,3202423.867,4007753.213,3940801.701,4038573.188,4263029.354,4449099.467,4429271.584,3722513.601,3732474.88,4110345.187,3759665.332,3730057.558,3858642.826,3697028.192,3840709.338,4198089.918,4309087.662,4497530.857,4484459.443,3930761.673,4019430.154,4037771.543,4133815.865,4512022.403,4229943.36,4445856.61,5182985.081,NaN