"Index of agricultural TFP, Relative to 2017",1990,1991,1992,1993,1994,1995,1996,1997,1998,1999,2000,2001,2002,2003,2004,2005,2006,2007,2008,2009,2010,2011,2012,2013,2014,2015,2016,2017,2018,2019,2020,2021,2022
AFG,0.682064118,0.778391116,0.76151747,0.759696742,0.815227804,0.82358078,0.873448172,0.933219011,0.967858299,0.979029626,0.892718823,0.793814076,0.874623512,0.921162589,0.849135412,0.84294661,0.776619113,0.860947111,0.821719565,0.922596506,0.875460146,0.840587488,0.916615172,0.864016064,0.952178666,0.889996945,1.018841331,1,0.965633956,1.218954019,1.284277591,1.205031394,NaN
ALB,0.577408407,0.567063179,0.630818715,0.673916826,0.669918757,0.715097764,0.693909058,0.682764021,0.71410222,0.709379155,0.723792399,0.744182267,0.726353234,0.770736925,0.788587349,0.785047308,0.801183518,0.833440406,0.841099115,0.853491027,0.988781873,0.984994075,1.060497692,1.097806708,0.976942548,0.979963455,0.983256661,1,1.031320176,0.978334418,1.040934705,1.00827707,NaN
DZA,0.520359665,0.639562541,0.680216627,0.628828782,0.580240078,0.766528908,0.91343177,0.661805391,0.695720891,0.72013605,0.674426962,0.679848136,0.708383261,0.840651764,0.724643165,0.87845028,0.841353632,0.769777502,0.852778245,0.92783701,0.87423281,0.933456143,0.938946414,0.983547806,0.951153493,0.967953453,1.002802036,1,1.028183527,1.044055423,1.035612235,0.956622131,NaN
ASM,NaN,NaN,NaN,NaN,NaN,NaN,NaN,NaN,NaN,NaN,NaN,NaN,NaN,NaN,NaN,NaN,NaN,NaN,NaN,NaN,NaN,NaN,NaN,NaN,NaN,NaN,NaN,NaN,NaN,NaN,NaN,NaN,NaN
AND,NaN,NaN,NaN,NaN,NaN,NaN,NaN,NaN,NaN,NaN,NaN,NaN,NaN,NaN,NaN,NaN,NaN,NaN,NaN,NaN,NaN,NaN,NaN,NaN,NaN,NaN,NaN,NaN,NaN,NaN,NaN,NaN,NaN
AGO,0.498418415,0.514864549,0.526167462,0.515143928,0.577541535,0.57409823,0.610183319,0.607248001,0.63801447,0.613615053,0.663384137,0.720349905,0.778238979,0.815288543,0.810048888,0.866032339,0.856704318,0.944544364,1.012419534,1.112250491,1.142232778,1.141417824,1.059103304,1.20094561,1.084748969,1.091083269,1.031554913,1,0.998759945,1.004946845,1.054292472,1.150030617,NaN
AIA,NaN,NaN,NaN,NaN,NaN,NaN,NaN,NaN,NaN,NaN,NaN,NaN,NaN,NaN,NaN,NaN,NaN,NaN,NaN,NaN,NaN,NaN,NaN,NaN,NaN,NaN,NaN,NaN,NaN,NaN,NaN,NaN,NaN
ATG,NaN,NaN,NaN,NaN,NaN,NaN,NaN,NaN,NaN,NaN,NaN,NaN,NaN,NaN,NaN,NaN,NaN,NaN,NaN,NaN,NaN,NaN,NaN,NaN,NaN,NaN,NaN,NaN,NaN,NaN,NaN,NaN,NaN
ARG,0.805231841,0.841048424,0.79886493,0.776221371,0.788526655,0.875627485,0.815180907,0.854336561,0.898890986,0.921044834,0.925782288,0.944067771,0.944149868,0.873361352,0.847632976,0.970317414,0.910340432,0.935322785,1.030252096,0.978552155,0.955953197,0.964326105,0.923368056,0.958070775,0.954977764,1.087791351,0.971733464,1,0.898446139,1.001919878,0.973538748,0.9744674,NaN
ARM,0.365896783,0.361354722,0.367081553,0.377113569,0.426494601,0.417322366,0.41591943,0.372307141,0.386422247,0.387331291,0.375002818,0.39774806,0.39866418,0.427493775,0.456317431,0.532806945,0.487880043,0.505032426,0.565750283,0.509810186,0.462900535,0.484086288,0.518343104,0.545070351,0.566213623,0.615525281,0.936690024,1,0.755809643,0.770151093,0.795941145,0.782855682,NaN
ABW,NaN,NaN,NaN,NaN,NaN,NaN,NaN,NaN,NaN,NaN,NaN,NaN,NaN,NaN,NaN,NaN,NaN,NaN,NaN,NaN,NaN,NaN,NaN,NaN,NaN,NaN,NaN,NaN,NaN,NaN,NaN,NaN,NaN
AUS,0.792886189,0.799730466,0.779600052,0.80981813,0.816069579,0.743931617,0.787392723,0.843630006,0.836605755,0.870920965,0.89071673,0.868716993,0.89852943,0.733900745,0.883963577,0.853598527,0.897718673,0.755257961,0.788274356,0.846889568,0.841175697,0.854221101,0.915459362,0.935597055,0.935093586,0.960460942,0.935060756,1,0.920808369,0.836741532,0.806921954,0.962221601,NaN
AUT,0.868180268,0.877057133,0.873697006,0.892113071,0.881708474,0.884507877,0.875680802,0.842012348,0.881018896,0.968027331,0.940240209,0.952174397,0.947953929,0.960940143,0.970240591,0.932381027,0.933993284,0.95018456,0.934163754,1.027440711,0.974256024,1.010298454,1.029310011,0.98100134,0.962437468,0.951100372,0.970822386,1,1.028571836,1.026248355,1.024551837,1.020975234,NaN
AZE,1.124928764,1.152361728,0.905916054,0.889614653,0.846885042,0.81467263,0.881338101,0.858930495,0.843355091,0.802659478,0.802470922,0.775182993,0.873207935,1.018182393,1.064010241,1.147546186,1.027414505,0.940300242,0.901036865,0.9127253,0.927644143,0.950409673,0.941156653,0.930644163,0.860102433,0.869273453,0.92329805,1,1.007720144,1.021087285,0.983632271,1.016071818,NaN
BHS,0.943148935,0.920084016,0.855169921,0.922639047,0.89744846,0.989298233,1.059206518,0.986576219,1.211080787,1.234072595,0.865596011,0.87018277,0.913554972,0.949133367,0.871494379,1.041623194,1.08051693,1.105786536,1.037219719,1.007684089,1.082012984,1.067987785,1.603505233,1.357769585,1.389443815,1.388967761,1.013780999,1,0.964053047,0.994331155,1.039549506,1.025402935,NaN
BHR,0.229355475,0.231312094,0.26164919,0.294644097,0.253167392,0.265664567,0.25324569,0.304959431,0.308575247,0.33502097,0.378859849,0.344126003,0.240069484,0.23503468,0.218845494,0.220543689,0.260640755,0.280495308,0.260016648,0.320130143,0.258613545,0.357179162,0.464484836,0.598269333,0.573405795,0.689384623,0.881980372,1,0.968977289,0.86437608,0.789030333,0.826849418,NaN
BGD,0.763157594,0.781535907,0.790129041,0.776290889,0.738432755,0.734634704,0.764358596,0.780505237,0.79088119,0.843247101,0.857689231,0.831596866,0.842012891,0.863241651,0.840796991,0.912361087,0.917071726,0.941608112,0.98104007,0.979829351,0.992770118,1.005983727,1.025709639,1.01700163,1.007032232,0.996061272,0.979064259,1,0.985884575,0.913556639,0.908493683,0.923407867,NaN
BRB,NaN,NaN,NaN,NaN,NaN,NaN,NaN,NaN,NaN,NaN,NaN,NaN,NaN,NaN,NaN,NaN,NaN,NaN,NaN,NaN,NaN,NaN,NaN,NaN,NaN,NaN,NaN,NaN,NaN,NaN,NaN,NaN,NaN
BLR,0.720273357,0.731029943,0.6993655,0.774674599,0.688418904,0.706031822,0.688807027,0.614997788,0.683794333,0.573430087,0.557098391,0.616071103,0.640876298,0.650584416,0.706895673,0.720457126,0.717297495,0.729882733,0.778673675,0.760121536,0.777048937,0.720512696,0.800501141,0.822639181,0.856309557,0.890722229,0.971394823,1,1.003019699,1.001854641,1.04166309,1.047006496,NaN
BEL,NaN,NaN,NaN,NaN,NaN,NaN,NaN,NaN,NaN,NaN,1.100553899,1.112299359,0.870188917,0.857586474,0.851936251,0.8454061,0.850318676,0.831735002,0.839567785,0.844443669,0.916316656,0.930841617,0.905522299,0.91738075,0.987244293,0.991416859,0.958344397,1,0.986029119,1.035207347,1.040780997,1.057676372,NaN
BLZ,0.942021486,0.859048856,0.991364635,1.038366378,1.031326242,1.180553634,1.209638999,1.297902493,1.222315902,1.308445366,1.469077163,1.46305846,1.233792605,1.453185958,1.749214169,1.740307287,1.558105768,1.347982363,1.31447017,1.287158691,1.345254135,1.139319966,1.368998077,1.223584755,1.242707586,1.138419669,0.939543604,1,0.952092054,0.940290134,0.863069875,0.89357004,NaN
BEN,0.598906951,0.638943466,0.612396667,0.654589119,0.643100566,0.687871671,0.736260987,0.750240036,0.757842784,0.779999551,0.812269355,0.831360805,0.897933819,0.924146292,0.968007218,0.877735804,0.819402265,0.830928676,0.888664226,0.853131181,0.856032761,0.956870343,0.896552607,1.004352715,1.009433246,0.922475122,0.94160998,1,0.885931402,0.872375925,0.861336403,0.856286893,NaN
BTN,0.99044185,0.706519081,0.742299933,0.783047347,0.787607941,0.779369976,0.757117378,0.720766886,0.685778487,0.630467135,0.518280509,0.523950227,0.481614784,0.504712062,0.58687455,0.834717424,0.969401449,0.959143251,0.854264899,0.788425256,0.835496922,0.992571113,0.874332673,0.844987107,0.884012199,0.880446243,1.008059786,1,0.845338392,0.899448104,0.99480834,0.877148111,NaN
BOL,0.845767347,0.802583034,0.776171644,0.780265429,0.833310695,0.870708901,0.881024419,0.866634057,0.876111346,0.861770377,0.880909632,0.833805975,0.839895052,0.926885369,0.895536696,0.875306698,0.898029927,0.939196235,0.979455498,1.030916125,0.909709659,0.877578472,1.008053372,0.964191216,0.990646553,1.06824698,1.0584255,1,1.003153912,1.041118444,0.98360515,1.019178793,NaN
BES,NaN,NaN,NaN,NaN,NaN,NaN,NaN,NaN,NaN,NaN,NaN,NaN,NaN,NaN,NaN,NaN,NaN,NaN,NaN,NaN,NaN,NaN,NaN,NaN,NaN,NaN,NaN,NaN,NaN,NaN,NaN,NaN,NaN
BIH,NaN,NaN,1.68265013,1.6207733,1.465211697,1.570857318,1.263638484,1.231954918,1.236893143,1.160538805,0.958983017,1.003528486,1.15428378,1.097497152,1.174833068,1.149487567,1.234785861,1.229125906,1.237265251,1.244063549,1.193227623,1.189113891,1.059199805,1.213434123,1.030253196,1.112194351,1.196932062,1,1.233440176,0.978873964,1.10248881,0.974810659,NaN
BWA,1.609515516,2.623456234,2.613016105,2.531196288,2.211271296,2.565636758,2.017943006,1.850962959,1.801622535,1.564605107,1.640858632,1.843358046,1.584161835,1.510579231,1.469492344,1.507796173,1.388590472,1.381632673,1.347372236,1.312060529,1.393464828,1.441336986,1.410021886,1.248767283,0.996484281,1.121231935,1.00496849,1,0.929485225,1.024775867,0.880341883,0.929465044,NaN
BRA,0.473880254,0.484149316,0.488298037,0.477519321,0.505246872,0.533341548,0.544388355,0.556363681,0.571751601,0.598991913,0.603516498,0.621888911,0.638577671,0.653602514,0.636503215,0.677860129,0.709233801,0.726507678,0.78217409,0.844018193,0.846262588,0.856934892,0.862351462,0.889015296,0.90085595,0.961346315,0.949793331,1,0.992282429,1.010627974,0.988944652,0.950609157,NaN
VGB,NaN,NaN,NaN,NaN,NaN,NaN,NaN,NaN,NaN,NaN,NaN,NaN,NaN,NaN,NaN,NaN,NaN,NaN,NaN,NaN,NaN,NaN,NaN,NaN,NaN,NaN,NaN,NaN,NaN,NaN,NaN,NaN,NaN
BRN,0.208786201,0.232948858,0.302263933,0.314853661,0.346669002,0.352532205,0.306453127,0.383301206,0.4302336,0.545944665,0.584415962,0.665720246,0.678927354,0.664192803,0.674756144,0.489563194,0.79404341,0.807629097,0.803964212,0.780200868,0.941895554,1.012886303,1.005559488,0.9453524,0.922129712,0.923742046,0.968442547,1,1.042776336,0.781004637,1.191316066,1.388565278,NaN
BGR,0.851850821,0.802283201,0.861174417,0.790051169,0.830313906,0.938498015,0.788622767,0.906604281,0.930461813,0.979070914,1.122266669,0.87197114,0.846694351,0.789942116,0.854588815,0.746625193,0.832146455,0.671398831,0.894153182,0.798172089,0.981957923,0.961512425,0.919307072,1.071822802,1.061099866,0.954133239,0.983871183,1,0.999998122,0.923470405,0.754256679,0.916048672,NaN
BFA,0.83802238,1.048652361,1.020138049,1.050881573,1.015148924,1.0189568,1.072495289,1.012076742,1.090711363,1.103993915,1.037833436,1.202679809,1.178896998,1.162403527,1.138660927,1.218020504,1.248497413,1.102168748,1.239417793,1.17221777,1.035919479,1.031585483,1.01839878,1.10600293,1.188617247,1.122622998,1.082885858,1,1.033630356,1.06869571,1.032123218,0.966950558,NaN
BDI,1.28308074,1.355042808,1.324336282,1.340115279,1.322070494,1.274083085,1.294766321,1.316015787,1.205751891,1.248266839,1.293130158,1.363171961,1.5671736,1.405203295,1.525001147,1.249880101,1.408917435,1.297071801,1.356343666,1.270348007,1.312343288,1.199676069,1.008841687,1.3277892,1.155263499,1.067367883,1.080481157,1,1.132681012,1.124419009,1.086658968,1.060534733,NaN
CPV,1.119694976,0.989108399,1.031011481,1.074556642,0.972068108,1.06937951,0.959606885,0.984226062,1.07462159,1.276172079,1.316338113,1.251845365,1.141630404,1.113601567,1.147990242,1.179772715,1.068268694,1.122344747,1.034676001,1.12167183,1.110984071,1.138211506,1.129017868,1.170088305,1.078460027,1.077374296,1.068227846,1,0.889056967,0.919160305,0.937649482,0.937306235,NaN
KHM,0.460870022,0.450642391,0.440747359,0.434169871,0.41549895,0.512410422,0.514270712,0.511785362,0.500733436,0.547416349,0.55178624,0.560600432,0.52437039,0.606239029,0.57498116,0.69265727,0.740873282,0.760230897,0.815336143,0.790324367,0.795927924,0.856024854,0.877513856,0.892195591,0.9146963,0.923124001,0.984420743,1,0.991565541,0.968622062,1.01104899,1.00322762,NaN
CMR,0.731564261,0.735825952,0.719337037,0.734245222,0.741126661,0.775288515,0.792185685,0.734674242,0.756687792,0.789584963,0.776286919,0.765536629,0.728957596,0.739275735,0.730252078,0.853168178,0.871532298,0.893889418,0.925488625,0.938935417,0.973075151,0.970161249,1.014047623,1.032446148,1.047981456,1.051857236,1.070701861,1,0.98742321,0.974625169,0.955224701,0.982358994,NaN
CAN,0.631737246,0.59056776,0.576437629,0.564751891,0.595321062,0.603598124,0.618826855,0.616057525,0.642958588,0.699745347,0.728563079,0.696889866,0.651181528,0.708308656,0.809557297,0.782529122,0.838766194,0.733107298,0.84963238,0.870371356,0.849291082,0.809868398,0.797867735,0.899149457,0.880868395,0.893034504,0.894543967,1,0.977893753,0.943544605,0.920766687,0.828510923,NaN
CYM,NaN,NaN,NaN,NaN,NaN,NaN,NaN,NaN,NaN,NaN,NaN,NaN,NaN,NaN,NaN,NaN,NaN,NaN,NaN,NaN,NaN,NaN,NaN,NaN,NaN,NaN,NaN,NaN,NaN,NaN,NaN,NaN,NaN
CAF,0.658423379,0.657599161,0.664460837,0.664106143,0.667575053,0.680266199,0.74358173,0.720070331,0.723253743,0.700722827,0.840309283,0.795588408,0.790326954,0.75327375,0.7818241,0.786246198,0.797390822,0.817380286,0.814976954,0.828045124,0.868083311,0.921408448,0.928186241,0.949433588,0.943947872,0.943710209,0.963052063,1,1.024628463,1.021913432,1.033497296,1.003800634,NaN
TCD,0.855244199,0.898075856,0.867652562,0.818892416,0.90548179,0.885392208,0.924420141,0.967952951,0.996075989,1.005027123,1.00108832,1.090965716,1.099238539,1.119631679,1.092804557,1.100694601,1.036443651,1.046958592,1.057698965,0.980290907,1.053009612,0.97462788,1.103599574,0.99642177,1.007488162,0.981575597,1.012269842,1,1.016467868,1.058479494,1.062978939,1.083219399,NaN
CHL,0.494940785,0.492044998,0.505723722,0.540666424,0.575700923,0.61684283,0.655205584,0.67406031,0.676767485,0.649793327,0.707306695,0.817141955,0.804896328,0.818488714,0.820500481,0.881507234,0.892519756,0.829976249,0.848950146,0.891530027,0.845915923,0.93969655,0.996538396,1.000586076,1.016425963,0.970024752,0.971690224,1,1.066429481,1.087542434,1.218590866,1.220913273,NaN
CHN,0.444049034,0.455432706,0.480327413,0.530232984,0.550336497,0.586143109,0.606832356,0.625584606,0.642618182,0.656279973,0.683387159,0.685843748,0.694371241,0.70437486,0.737936764,0.759452837,0.781710331,0.800630914,0.838983315,0.852316998,0.861638802,0.887934325,0.90826766,0.933753375,0.952662276,0.979761072,0.984790061,1,1.02025071,1.052172348,1.067855353,1.085029382,NaN
HKG,NaN,NaN,NaN,NaN,NaN,NaN,NaN,NaN,NaN,NaN,NaN,NaN,NaN,NaN,NaN,NaN,NaN,NaN,NaN,NaN,NaN,NaN,NaN,NaN,NaN,NaN,NaN,NaN,NaN,NaN,NaN,NaN,NaN
MAC,NaN,NaN,NaN,NaN,NaN,NaN,NaN,NaN,NaN,NaN,NaN,NaN,NaN,NaN,NaN,NaN,NaN,NaN,NaN,NaN,NaN,NaN,NaN,NaN,NaN,NaN,NaN,NaN,NaN,NaN,NaN,NaN,NaN
COL,0.925263776,0.954781937,0.957197133,0.928959049,0.933669674,1.016014613,0.991239189,0.998043385,1.004507001,1.016044623,1.008730959,0.985772234,0.971220321,0.949470279,0.985429756,0.980651669,1.020654521,1.09771871,1.107159861,1.018766402,0.931243092,0.927051863,0.978442412,1.040972815,1.021974237,1.086410219,1.070336623,1,1.02938987,1.085154729,1.045847861,1.041612717,NaN
COM,1.02445807,1.067917937,1.071447372,1.061960437,1.020029676,1.030117152,1.021987242,0.945903866,0.945545283,0.946323827,0.926127291,0.915384014,0.938471428,0.934050789,0.934293963,0.942624817,0.963301,0.980679226,0.990321298,1.002156922,1.005130211,1.012655323,0.997507228,1.022292614,0.997235802,1.003591407,1.011949036,1,0.971580459,0.951150011,0.927027628,0.923941216,NaN
COG,0.697556922,0.694023307,0.690850212,0.676471047,0.697684831,0.730129487,0.722975975,0.716925355,0.706742149,0.747462934,0.749929317,0.726339553,0.801772052,0.81961223,0.814226416,0.893290476,0.929292288,0.952877666,0.988693839,0.974282159,1.004659949,1.005669262,1.032136517,1.008676882,1.042326229,1.051722884,1.017080095,1,0.994081589,0.984544205,0.948083093,0.85742766,NaN
COK,NaN,NaN,NaN,NaN,NaN,NaN,NaN,NaN,NaN,NaN,NaN,NaN,NaN,NaN,NaN,NaN,NaN,NaN,NaN,NaN,NaN,NaN,NaN,NaN,NaN,NaN,NaN,NaN,NaN,NaN,NaN,NaN,NaN
CRI,0.802093427,0.856616825,0.884933388,0.876935637,0.892463297,0.968551365,0.972625926,0.927243143,0.925570716,0.951822088,0.94056922,0.957033784,0.903710259,0.910253403,0.928189196,0.983144158,1.049444548,1.017210548,0.997364608,1.044324243,1.05130139,1.041573305,1.049632393,1.041301996,1.039711073,0.979802756,0.993915422,1,0.980736468,0.942287209,0.909136649,0.923737839,NaN
CIV,0.931776109,0.899470939,0.927164592,0.870396286,0.859392971,0.902521308,0.927072033,0.946691126,0.98589477,1.002849387,1.079308646,1.043368383,1.012681396,0.994364783,0.988407987,1.034595163,1.028655367,0.97757282,1.03775203,0.98420693,0.965040431,0.999153909,1.018194302,1.00983041,1.006700087,1.01590343,0.961344571,1,0.974718564,0.912487437,0.901340821,0.887468221,NaN
HRV,NaN,NaN,0.556182052,0.572672437,0.522558783,0.546538057,0.56542186,0.581775638,0.640011065,0.645648348,0.556471771,0.618505825,0.651869891,0.526469025,0.616095448,0.654140841,0.719977938,0.733426069,0.770277002,0.839218089,0.756396851,0.769497572,0.820693195,0.875960294,0.888526477,0.967351215,1.07305502,1,1.040807641,1.022145882,1.119451141,0.868614502,NaN
CUB,1.158672311,1.113069593,1.003509009,0.764213964,0.764138037,0.718550637,0.875837022,0.832382189,0.824617901,0.964199896,1.102865368,1.067351896,1.098781769,1.133378907,1.162169757,0.95638389,0.868537515,0.951270968,0.953221219,1.010310762,0.895995756,0.931061608,0.962805108,0.991442395,0.959317257,0.978200396,1.012888064,1,0.949087471,0.930008059,0.741550759,0.700938786,NaN
CUW,NaN,NaN,NaN,NaN,NaN,NaN,NaN,NaN,NaN,NaN,NaN,NaN,NaN,NaN,NaN,NaN,NaN,NaN,NaN,NaN,NaN,NaN,NaN,NaN,NaN,NaN,NaN,NaN,NaN,NaN,NaN,NaN,NaN
CYP,0.938149451,0.808285109,0.883530564,0.940664027,0.858764588,0.988787926,0.972427784,0.908147016,0.985130455,1.039064134,1.133666364,1.087687669,1.111102409,1.0431908,1.101745138,1.038454841,0.977502533,0.992576861,1.017213993,0.941447104,0.965186807,1.059610876,1.047711949,1.015808564,0.91880836,0.918734287,0.958571316,1,0.9621236,0.983589464,0.972796779,1.099368915,NaN
CZE,NaN,NaN,NaN,1.195047757,0.92954629,0.966729538,0.96765307,0.942703583,0.979932926,1.022054414,0.967287536,0.977785741,0.933383954,0.895812325,1.034767746,0.995519787,1.009035265,1.022170646,1.054400164,0.995624565,0.94721345,1.015469558,0.91391731,0.979651325,1.071391399,1.000245634,1.034642013,1,0.979711238,0.980301571,1.027860577,1.033521459,NaN
PRK,0.843775269,0.993715244,0.978209439,0.967490294,1.000971359,0.931599306,0.904263845,0.833267175,0.936126853,0.894393577,0.874103265,0.933969993,1.028996747,1.059839498,1.021617704,1.043039153,1.022524421,0.997664561,1.043572981,1.019790294,0.991948106,0.981074421,1.018920342,1.031018066,1.041857943,1.035450444,1.00990641,1,0.950576368,1.092786792,1.128449522,1.110868412,NaN
COD,0.600008584,0.620362743,0.625882552,0.625109831,0.620029711,0.532425461,0.524239564,0.528734235,0.53380436,0.525190575,0.521246142,0.680787163,0.738506425,0.689189491,0.600861093,0.621265454,0.57813707,0.595934613,0.63061216,0.70193018,0.732162238,0.895371483,1.065517103,0.885498417,0.87799594,0.903246459,0.951536391,1,0.953773263,0.854117616,1.017549735,1.018979202,NaN
DNK,0.79571174,0.806490589,0.793800428,0.84655895,0.828851955,0.872212439,0.868911391,0.875364901,0.897878098,0.91285422,0.914615151,0.937692222,0.940538778,0.936045696,0.946223342,0.932451104,0.892688315,0.913647658,0.935619987,0.997308649,0.970616473,1.000624824,1.014947786,0.990504497,1.021855675,1.011426811,0.975294779,1,0.941502692,1.010101112,1.020115614,1.053753641,NaN
DJI,2.3372289,1.435110563,1.437350211,1.449387653,1.464012514,1.397860571,1.408344928,1.402220172,1.403629424,1.445715945,1.621503938,1.587358213,1.553841334,1.57348383,1.302245379,1.408874696,1.109822021,1.348213878,1.314554431,1.287859641,1.298605876,1.266739938,1.192637084,1.105196812,1.022125289,0.807845327,1.082200194,1,0.945395807,0.864720479,0.844223636,0.832750531,NaN
DMA,NaN,NaN,NaN,NaN,NaN,NaN,NaN,NaN,NaN,NaN,NaN,NaN,NaN,NaN,NaN,NaN,NaN,NaN,NaN,NaN,NaN,NaN,NaN,NaN,NaN,NaN,NaN,NaN,NaN,NaN,NaN,NaN,NaN
DOM,0.579568259,0.549980785,0.585850857,0.582825897,0.554943543,0.583120858,0.598599839,0.572150888,0.582343494,0.549868143,0.57837136,0.658166692,0.656719366,0.676354202,0.65508857,0.686737344,0.736762544,0.749687761,0.697862789,0.762749348,0.769543485,0.832383681,0.851185526,0.917876481,0.96716508,0.973490269,1.002722698,1,1.029731261,1.083672454,1.050722485,1.078360498,NaN
ECU,0.881179421,0.828707814,0.92456903,0.93475697,0.918127989,0.918165644,0.949283182,0.988303847,0.868530366,0.993069656,0.833809456,0.808705599,0.838618376,0.880437859,0.84053491,0.889026033,0.884594996,0.950146984,0.96055367,1.046556554,1.047220891,1.044223145,1.025556465,1.046425589,1.092822767,1.146777401,1.037806146,1,1.027163851,1.111497148,1.16695224,1.204924576,NaN
EGY,0.75531284,0.804941372,0.813719943,0.802438232,0.810830949,0.798694968,0.848263031,0.836388422,0.809963269,0.844442269,0.858233333,0.831461737,0.879164722,0.904814679,0.896058771,0.903794784,0.954347213,0.982690177,1.008924236,0.965718361,0.941409571,0.987108719,1.030743148,0.944930759,1.012837513,0.989517666,0.971349705,1,1.0287064,1.119003136,1.072874435,1.062984784,NaN
SLV,0.883154794,0.911766695,0.953058856,0.889827666,0.880933858,0.892484675,0.902824734,0.908078131,0.89878371,0.934998972,0.898162159,0.873322881,0.887861039,0.863623556,0.905686794,0.924148308,0.980890748,0.982617488,1.036276231,1.000757736,0.96295595,0.895778678,1.000360823,0.938203234,0.975913512,0.939383142,0.989684752,1,0.986337628,1.012476596,0.965353664,0.948290989,NaN
GNQ,2.670306941,2.598621069,2.402264297,2.484988827,2.37669251,2.463593471,2.438537554,2.348649765,2.29118203,2.149423028,2.018587526,1.792178035,1.566713786,1.46321016,1.291703641,1.259670739,1.241211515,1.207158528,1.177746191,1.171560421,1.156855081,1.132173194,1.131036832,1.085914854,1.063288912,1.069427593,1.016638268,1,0.989494697,0.977019822,0.971862483,1.14680355,NaN
ERI,NaN,NaN,NaN,0.87036096,1.101649708,1.010853187,0.929568483,0.921213047,1.085183063,1.01590922,0.959650347,1.052507085,0.897991478,0.966741188,0.978840978,1.127019671,1.140400024,1.204876841,0.904682376,1.030643086,1.050422445,1.073364626,1.080036575,1.043648777,1.022221972,0.987760466,0.986511547,1,0.981164707,0.974441148,0.969929083,0.941357156,NaN
EST,1.367981575,1.260546389,0.97435417,1.00042444,0.948709174,0.998605372,0.913874575,0.849708785,0.810398076,0.75341767,0.73326614,0.793342755,0.772118879,0.810698379,0.843787802,0.816974174,0.831953273,0.813870322,0.811608512,0.8452278,0.857030217,0.874074349,0.870781116,0.880515071,0.915944024,0.974517086,0.849808029,1,0.845198605,0.996253906,1.026189016,0.935208905,NaN
SWZ,0.869588624,0.893191992,0.850389915,0.862928381,0.900179022,0.84598938,0.890099932,0.826247533,0.809441946,0.836846477,0.807343425,0.815793272,0.866021989,0.878767447,0.912216335,0.963667944,0.962123777,0.940867393,0.953082216,0.971620726,0.976109883,1.018265885,1.020059396,0.98197399,0.990417861,1.007645884,1.049065931,1,0.982649207,0.9890261,0.985394054,1.019471269,NaN
ETH,NaN,NaN,NaN,0.877228469,0.811656725,0.840110757,0.875713395,0.881264738,0.864853821,0.864395668,0.873527042,0.880275113,1.025169814,1.008272625,1.011902687,1.054954471,1.116866415,1.124970107,1.132448907,1.131539655,1.156167985,1.108843018,1.052577492,1.082737385,1.081651306,1.063260763,1.011661464,1,0.995339548,0.974430754,1.004808403,0.990170615,NaN
FLK,NaN,NaN,NaN,NaN,NaN,NaN,NaN,NaN,NaN,NaN,NaN,NaN,NaN,NaN,NaN,NaN,NaN,NaN,NaN,NaN,NaN,NaN,NaN,NaN,NaN,NaN,NaN,NaN,NaN,NaN,NaN,NaN,NaN
FRO,NaN,NaN,NaN,NaN,NaN,NaN,NaN,NaN,NaN,NaN,NaN,NaN,NaN,NaN,NaN,NaN,NaN,NaN,NaN,NaN,NaN,NaN,NaN,NaN,NaN,NaN,NaN,NaN,NaN,NaN,NaN,NaN,NaN
FJI,1.630570827,1.36600694,1.334651802,1.388759615,1.481195773,1.527132607,1.489060341,1.355619117,1.214347199,1.469346769,1.444804273,1.281016336,1.281036469,1.136287478,1.196126918,1.267051262,1.390085285,1.24159931,1.19698609,1.041643814,0.84417889,0.941463504,0.855036781,0.906454751,0.930258324,0.964047571,0.777674885,1,1.129034937,0.971666174,0.911852297,0.934446636,NaN
FIN,0.762969968,0.783301054,0.752296179,0.807255265,0.807994338,0.793506153,0.818113758,0.83029842,0.759296306,0.798159203,0.86082771,0.853905528,0.887717403,0.862065608,0.879214173,0.929585241,0.946886688,0.937397102,0.95095641,1.007135335,0.906958574,0.970242408,0.931292925,0.998573552,0.964844327,0.984388105,1.010741775,1,0.95430667,1.062158629,1.053881178,0.968227085,NaN
FRA,0.810354368,0.780962374,0.887784636,0.801731017,0.812761252,0.833273139,0.869664293,0.874927889,0.877915962,0.887648113,0.867704563,0.813179095,0.867390547,0.826578818,0.884202535,0.883002836,0.85603229,0.838189448,0.927839554,1.007309366,0.962774185,0.994137466,0.95514028,0.926209438,0.971479205,0.957624407,0.940253876,1,0.979332741,1.038534806,0.976391366,1.051052935,NaN
GUF,0.729941167,0.842555801,0.784980725,0.952326896,0.972286527,0.953435793,0.986633183,0.957518138,0.965128212,0.954337904,0.892957207,0.944740032,0.86967726,0.868313039,0.867188759,0.832097811,0.822790244,0.818117601,0.814248931,0.825110687,0.838019367,0.949683851,0.950509465,0.947418412,0.968649711,0.980050064,0.98968548,1,0.986013827,0.975926797,0.959875496,0.952958491,NaN
PYF,NaN,NaN,NaN,NaN,NaN,NaN,NaN,NaN,NaN,NaN,NaN,NaN,NaN,NaN,NaN,NaN,NaN,NaN,NaN,NaN,NaN,NaN,NaN,NaN,NaN,NaN,NaN,NaN,NaN,NaN,NaN,NaN,NaN
GAB,0.941184814,1.024050838,0.955744994,0.931843434,0.953955195,0.968595241,0.983117446,0.991223869,1.009005721,0.991769497,1.016642096,1.002159027,0.988963751,0.997579966,0.99421766,0.983978972,0.990297083,1.011294707,1.038996515,1.028979765,1.082897476,1.095831448,1.059169119,1.08495094,1.088593119,1.060609461,1.039355147,1,1.008764076,1.003798013,1.026471151,0.985589232,NaN
GMB,1.467192827,1.759841501,1.598849933,1.760638086,1.767838252,1.673722253,1.467793083,1.65689413,1.50373969,1.877853483,2.021914099,1.97599087,1.347490196,1.457887013,1.625175977,1.399244306,1.435678125,1.120462809,1.456856722,1.482659875,1.590474498,1.151413178,1.405930873,1.340648468,1.207644209,1.259018384,1.11555944,1,0.787009325,0.832002552,0.871776504,0.818000013,NaN
GEO,1.078966721,0.940297046,0.976194015,0.997959453,1.040141109,1.13210972,0.997659393,1.012313718,0.931608694,0.972834024,0.821199112,0.876064733,0.831742507,0.989785511,0.95416661,1.124197888,0.784787178,0.890564366,0.814151348,0.830815155,0.824367879,0.87239345,0.839035118,0.9782914,0.917677884,0.96068554,1.05929193,1,1.208763452,1.223451549,1.224599986,1.250556631,NaN
DEU,0.822434934,0.822033056,0.82770386,0.807017625,0.776601347,0.795450452,0.830257005,0.835277651,0.835968286,0.86713537,0.879521459,0.884932037,0.853913364,0.839239553,0.910757167,0.863337384,0.860839759,0.868897451,0.953961129,0.951770136,0.933762487,0.959760011,0.950703927,0.944708215,0.984181562,0.962115763,0.984246101,1,0.99327368,0.988557565,1.011054054,1.059268264,NaN
GHA,0.497906355,0.636869218,0.628339996,0.67596688,0.65321826,0.704954542,0.745759365,0.722338233,0.763181099,0.804679728,0.802729014,0.780094198,0.84383547,0.834749333,0.818111441,0.857864703,0.811497289,0.814663276,0.869641411,0.933670094,0.953325374,0.966072403,0.951466218,0.974942939,1.057387499,1.058580797,1.028657386,1,1.036610696,1.035076842,1.019141766,1.049091437,NaN
GIB,NaN,NaN,NaN,NaN,NaN,NaN,NaN,NaN,NaN,NaN,NaN,NaN,NaN,NaN,NaN,NaN,NaN,NaN,NaN,NaN,NaN,NaN,NaN,NaN,NaN,NaN,NaN,NaN,NaN,NaN,NaN,NaN,NaN
GRC,0.683133726,0.808594778,0.827592654,0.840871555,0.833823933,0.818315823,0.791863232,0.775076238,0.839462904,0.866395337,0.877225187,0.87985467,0.89832693,0.843388194,0.9271894,0.980181126,0.926277923,0.894085425,0.90869191,0.950357731,0.925366902,0.946582409,1.006734688,0.906918844,0.959207959,1.015910228,0.995714296,1,1.021576751,1.073474229,1.112063586,0.96988229,NaN
GRD,NaN,NaN,NaN,NaN,NaN,NaN,NaN,NaN,NaN,NaN,NaN,NaN,NaN,NaN,NaN,NaN,NaN,NaN,NaN,NaN,NaN,NaN,NaN,NaN,NaN,NaN,NaN,NaN,NaN,NaN,NaN,NaN,NaN
GLP,NaN,NaN,NaN,NaN,NaN,NaN,NaN,NaN,NaN,NaN,NaN,NaN,NaN,NaN,NaN,NaN,NaN,NaN,NaN,NaN,NaN,NaN,NaN,NaN,NaN,NaN,NaN,NaN,NaN,NaN,NaN,NaN,NaN
GUM,NaN,NaN,NaN,NaN,NaN,NaN,NaN,NaN,NaN,NaN,NaN,NaN,NaN,NaN,NaN,NaN,NaN,NaN,NaN,NaN,NaN,NaN,NaN,NaN,NaN,NaN,NaN,NaN,NaN,NaN,NaN,NaN,NaN
GTM,0.672586772,0.655825805,0.64073336,0.646990008,0.664675316,0.720440447,0.756487668,0.746360537,0.707232808,0.68353455,0.67701511,0.694707587,0.736679122,0.73186932,0.75926044,0.789436942,0.801273153,0.840394836,0.871232159,0.907005243,0.898833003,0.90238461,0.967526913,1.010554512,1.067725348,1.072713364,1.08796693,1,1.006092433,0.990499506,1.011998712,0.988663764,NaN
GGY,NaN,NaN,NaN,NaN,NaN,NaN,NaN,NaN,NaN,NaN,NaN,NaN,NaN,NaN,NaN,NaN,NaN,NaN,NaN,NaN,NaN,NaN,NaN,NaN,NaN,NaN,NaN,NaN,NaN,NaN,NaN,NaN,NaN
GIN,1.042388733,1.030760973,1.039982399,1.003567482,0.988096818,0.969361238,0.951441855,0.958004516,0.95792716,0.95929531,0.985718343,0.964651821,0.978004672,1.010452228,1.022236986,1.039308642,1.051444534,1.05999476,1.077453006,1.069385699,1.036595598,1.044335646,1.018334248,1.022518173,1.032012267,1.03932205,1.036006129,1,1.010364292,1.024359882,1.049254264,1.08116655,NaN
GNB,0.982417733,0.972248846,0.979053435,0.970576093,0.970499527,0.976102874,1.008500454,0.995979611,0.990619577,1.026071747,1.003289605,1.004988382,0.984252272,0.98922781,1.010821978,1.056043216,1.077499607,1.079061459,1.180690431,1.133451045,1.120853042,1.084600411,1.0781956,1.056343909,1.046668123,1.046984314,1.033700137,1,0.952319188,0.966589767,0.980277619,0.988492413,NaN
GUY,1.077293766,1.24108036,1.398305148,1.487359322,1.608436648,1.850544287,1.833552451,1.766640326,1.52671142,1.646227179,1.493596072,1.489425272,1.359086689,1.376836129,1.288019831,1.075488826,1.005309486,0.9542245,0.881304046,0.925426132,0.885449602,0.91895725,0.882126406,0.96162571,0.977165623,1.050052928,0.95223351,1,1.003316,1.031592836,1.125758933,0.927392372,NaN
HTI,0.935703919,0.929110158,0.855799851,0.887933563,0.861584979,0.852781073,0.86441118,0.882632854,0.868532931,0.896161758,0.88394581,0.839209818,0.863427371,0.876850772,0.902877994,0.920525775,0.903196049,0.971259965,0.932705888,0.968515243,0.99734854,1.070784511,0.983004486,1.133934368,1.088199869,1.052909961,1.059354014,1,0.955659463,0.890673189,0.865135828,1.034924963,NaN
VAT,NaN,NaN,NaN,NaN,NaN,NaN,NaN,NaN,NaN,NaN,NaN,NaN,NaN,NaN,NaN,NaN,NaN,NaN,NaN,NaN,NaN,NaN,NaN,NaN,NaN,NaN,NaN,NaN,NaN,NaN,NaN,NaN,NaN
HND,0.758532055,0.72904529,0.733978931,0.729002545,0.788442398,0.78236609,0.849858303,0.810089883,0.810237602,0.696290533,0.800546362,0.803297255,0.864781405,0.930627767,0.980013776,0.996640112,1.00088319,1.041497059,1.056199083,0.956235535,0.930049745,1.009894888,1.058087253,0.978744225,0.922497582,0.942928128,0.965365885,1,0.988422952,0.970915907,0.901369479,0.912767943,NaN
HUN,0.793966985,0.810351074,0.824632429,0.798641174,0.817265037,0.826683759,0.853816375,0.886627068,0.888671591,0.823434719,0.838329035,0.9525827,0.852362499,0.792619693,1.034447441,0.947550734,0.938142565,0.829323921,1.043233357,0.946839594,0.836453762,0.91486999,0.83344524,0.938668145,1.048724155,0.980156593,1.049545981,1,1.005101665,0.979721161,0.956878709,0.929952511,NaN
ISL,0.467848261,0.504662399,0.494559762,0.482454459,0.498646104,0.482354127,0.464454966,0.481792498,0.494080897,0.482485859,0.491299641,0.50859493,0.500353094,0.557789717,0.619471805,0.592543241,0.583323228,0.51340488,0.56951495,0.63397838,0.612193144,0.631418064,0.67405649,0.68192945,0.660883984,0.749712298,0.840779532,1,1.015268846,1.286025884,1.399524012,1.549921768,NaN
IND,0.616552788,0.634162484,0.648061598,0.648373963,0.6575615,0.661356219,0.664660518,0.658210509,0.658602158,0.67071761,0.653143073,0.665207752,0.618080417,0.676529444,0.666064281,0.69395505,0.724369618,0.769965151,0.769446905,0.740436751,0.784372223,0.840415019,0.866538064,0.900264329,0.917293078,0.912489208,0.945112779,1,1.044818326,1.043934807,1.048095483,1.059413796,NaN
IDN,0.566656237,0.590910494,0.617072908,0.633590203,0.624489125,0.656756377,0.683428905,0.648000223,0.618869674,0.602867837,0.589686015,0.592588934,0.610701159,0.623821262,0.665510513,0.677619867,0.70607882,0.688433486,0.721151857,0.729275622,0.811479979,0.826477722,0.862461586,0.908341888,0.895191766,0.915919067,0.913623127,1,1.03575632,1.002059676,0.974767212,0.984019886,NaN
IRN,0.711800678,0.707610314,0.762387581,0.828851084,0.814517699,0.795248488,0.843261772,0.817715153,0.90428637,0.866904283,0.882018667,0.844154326,0.949495262,0.947873771,0.898407495,0.964043579,0.949872964,1.054873412,0.849904026,0.894715916,0.933707563,1.032804366,1.013096871,1.086171013,1.052476814,1.087471327,1.073901189,1,0.882329606,0.902496808,0.895361556,0.879690181,NaN
IRQ,1.705358851,1.433176201,1.521160895,1.596473007,1.570855293,1.65859895,1.708748704,1.729342258,1.872197746,1.768355463,1.751879895,1.746376985,1.807910603,1.874672249,1.796881827,1.606892065,1.577464971,1.613362073,1.537568952,1.581095104,1.670871885,1.70195871,1.667923118,1.690691095,1.936262379,1.214312632,1.081196008,1,0.923330479,1.293779152,1.505714712,1.247655192,NaN
IRL,0.745244119,0.744951615,0.760071618,0.731498742,0.682889198,0.701731805,0.766955575,0.795314536,0.845569929,0.873895679,0.907581342,0.968654693,0.915434407,0.919066833,0.954327306,0.9638904,0.952295811,0.990579797,0.89349625,0.861560751,0.89061965,0.919647204,0.834433936,0.864578784,0.896831196,0.934373345,0.962280456,1,0.957708261,1.010227823,1.035526047,1.050818664,NaN
IMN,NaN,NaN,NaN,NaN,NaN,NaN,NaN,NaN,NaN,NaN,NaN,NaN,NaN,NaN,NaN,NaN,NaN,NaN,NaN,NaN,NaN,NaN,NaN,NaN,NaN,NaN,NaN,NaN,NaN,NaN,NaN,NaN,NaN
ISR,0.803086636,0.712374436,0.740607287,0.735487462,0.722469101,0.797256597,0.826893693,0.80777207,0.837679388,0.84479665,0.873695687,0.876595305,0.938911421,0.900870897,0.983421713,1.000201257,1.017467997,1.023753538,1.074267825,1.105113376,1.111930694,1.100483286,1.14308698,1.094126449,1.080022354,1.102589578,1.085758089,1,0.996389302,0.99944084,1.009727673,1.000696176,NaN
ITA,0.727866017,0.78592824,0.824804002,0.843378384,0.858027933,0.861862714,0.896407826,0.911437402,0.910481978,0.979098352,0.9630449,0.959248007,0.93610756,0.938840809,1.062694078,1.052681546,1.000897351,1.008640505,1.095275254,1.163819524,1.103975049,1.094175932,1.047284118,1.056526988,0.978275543,1.057383352,1.02775454,1,1.00375009,0.975183527,0.983486908,0.986172,NaN
JAM,0.925070537,0.906435582,0.934286542,0.930577576,0.989501793,0.999526023,1.062867647,0.989131304,0.97163601,1.014033415,0.939282607,0.980555381,0.970163519,1.004625344,0.97249745,0.950155215,0.983849,0.996755379,0.977970654,1.014066378,0.930054206,0.943971103,0.973473356,0.970138142,0.951427483,0.99452226,1.03556223,1,1.013687923,1.00392059,0.963705477,1.025258801,NaN
JPN,0.700970142,0.707200859,0.735971725,0.706263013,0.759102971,0.756776927,0.753875877,0.759262589,0.742012319,0.755368917,0.77299818,0.784208546,0.810037624,0.79036644,0.804543971,0.823415123,0.821671585,0.841028755,0.879611607,0.895518667,0.870894569,0.892728758,0.905273791,0.952912863,0.974114424,0.99271348,0.996864544,1,0.984133468,1.007679514,1.032405238,1.058247606,NaN
JEY,NaN,NaN,NaN,NaN,NaN,NaN,NaN,NaN,NaN,NaN,NaN,NaN,NaN,NaN,NaN,NaN,NaN,NaN,NaN,NaN,NaN,NaN,NaN,NaN,NaN,NaN,NaN,NaN,NaN,NaN,NaN,NaN,NaN
JOR,0.715169212,0.667814323,0.701140271,0.62058924,0.739444442,0.702785866,0.640976964,0.653902281,0.696374491,0.57770138,0.728829756,0.65529625,0.81986844,0.74797588,0.925312703,0.937256279,0.964484647,0.985882869,0.992904001,0.964257615,1.131786006,1.095911952,0.978961348,0.93228373,0.948403745,1.001001409,1.015993396,1,1.08471528,0.970514466,1.07179014,1.032023708,NaN
KAZ,0.598879337,0.435997755,0.572734514,0.575261433,0.544007769,0.505230234,0.500418035,0.602021305,0.599790377,0.657138269,0.521651299,0.5956693,0.623142457,0.61317117,0.613172843,0.654120239,0.69479227,0.741638194,0.714677546,0.762015834,0.72580453,0.817696802,0.721274369,0.846659965,0.868506523,0.90377949,0.944470526,1,1.037957736,1.028391734,1.055072499,1.023101909,NaN
KEN,0.916470129,1.151182587,1.129640483,1.145738303,1.106844007,1.20026691,1.17231973,1.123747353,1.2564496,1.239665682,1.173164076,1.260332569,1.277347648,1.264316042,1.363703656,1.42416417,1.392413151,1.47276219,1.480303344,1.394592155,1.45340124,1.3092452,1.235826384,1.262506896,1.233697538,1.199905301,1.07209785,1,1.068604042,1.072333282,1.145836341,1.103309407,NaN
KIR,NaN,NaN,NaN,NaN,NaN,NaN,NaN,NaN,NaN,NaN,NaN,NaN,NaN,NaN,NaN,NaN,NaN,NaN,NaN,NaN,NaN,NaN,NaN,NaN,NaN,NaN,NaN,NaN,NaN,NaN,NaN,NaN,NaN
KWT,0.776542347,0.239924462,0.286619047,0.539037848,0.583428255,0.742646955,0.681995383,0.801362458,0.841008795,0.775631349,0.755290055,0.697373948,0.742143246,0.841189563,0.878072682,0.816759936,0.784497037,0.852553096,0.688084262,0.9119989,0.872543796,1.221107901,1.157318198,0.984085476,0.958051856,0.978026753,1.101063876,1,1.068373925,1.216333575,1.152381778,1.192463593,NaN
KGZ,0.549186903,0.570847958,0.561463821,0.641437217,0.623983817,0.63680479,0.687221526,0.711310122,0.722997929,0.759946468,0.777116152,0.834146812,0.808601417,0.838168182,0.865973381,0.765369052,0.816121314,0.852479256,0.906002902,0.883527619,0.896188108,0.914647688,0.869918882,0.894728667,0.872137464,0.997829604,0.981706098,1,1.002426451,1.024337798,1.013036881,0.940876405,NaN
LAO,0.468649323,0.406955645,0.445356795,0.42532256,0.468475691,0.428501864,0.427454608,0.462284194,0.46963268,0.533879872,0.592950032,0.591433997,0.634886696,0.621188876,0.629791781,0.630845807,0.614980046,0.636172815,0.62688696,0.678620408,0.698173788,0.753073826,0.78239555,0.800513084,0.907630084,1.02620468,1.034208143,1,1.001529215,1.034157298,1.08378405,1.179775043,NaN
LVA,0.741107743,0.706835839,0.690959045,0.711888544,0.527848986,0.616826901,0.520332504,0.54728139,0.513541866,0.500455089,0.488936122,0.501834088,0.532281275,0.556070573,0.564153568,0.59871719,0.581428306,0.651561227,0.714276184,0.68390781,0.686494989,0.658108221,0.771313943,0.809024036,0.797563481,0.987051844,0.945296686,1,0.757446983,0.943494818,0.9707434,0.900247416,NaN
LBN,1.089814395,1.170979722,1.206822694,1.158592333,1.222631521,1.191226827,1.151816189,0.997279806,0.941756582,0.965260156,0.988167685,0.919292698,1.032441044,1.02995262,1.049934308,1.002873328,1.096816317,1.028988091,1.095465855,0.964494147,0.971982971,0.890694887,0.781882174,0.931361397,0.965571744,0.974948304,1.001754473,1,1.011666181,0.967699944,0.981304424,1.025263419,NaN
LSO,1.119877798,0.768802916,0.871765642,0.933852922,0.934043225,1.05306137,1.039042673,1.072839669,1.042135354,1.083273118,1.044499035,1.10210688,1.076096329,1.053594858,1.067816954,1.177323156,0.956653772,1.12034054,1.127932667,1.033820761,1.068178333,1.130037439,1.113054631,1.132367878,1.081083298,1.063635402,1.165992545,1,0.910370298,1.091369674,1.02557575,0.876189822,NaN
LBR,1.471825575,1.277586954,1.338665716,1.21495673,1.166290715,1.105876852,1.203074907,1.400654953,1.408056765,1.469712502,1.518562229,1.459372866,1.334976109,1.289580188,1.379977753,1.403400004,1.269202492,1.43165541,1.387649819,1.284569397,1.249970546,1.263214055,1.224811051,1.159682706,1.097759588,1.141951463,1.083895969,1,1.028726291,1.021974262,1.005109407,1.028156078,NaN
LBY,1.292016144,1.255489291,1.210280726,1.189669251,1.444250339,1.462809747,1.735176726,1.855755587,1.729781209,1.664448995,1.621941939,2.270154574,1.979217191,2.461865654,1.528012489,1.56262938,1.448115434,1.50220868,1.523370181,1.544261128,0.997383515,1.131160185,1.049824606,1.012945051,0.986066228,1.037720187,1.002884989,1,1.097976701,1.240479079,1.111016959,1.132813657,NaN
LIE,NaN,NaN,NaN,NaN,NaN,NaN,NaN,NaN,NaN,NaN,NaN,NaN,NaN,NaN,NaN,NaN,NaN,NaN,NaN,NaN,NaN,NaN,NaN,NaN,NaN,NaN,NaN,NaN,NaN,NaN,NaN,NaN,NaN
LTU,1.004170913,1.016263806,0.77952469,0.815859228,0.633785255,0.644952831,0.696423559,0.705023546,0.682895493,0.642127169,0.693613096,0.62945499,0.671016681,0.676441314,0.700125485,0.682057727,0.681380268,0.740471456,0.867786777,0.811819845,0.760513822,0.793765433,0.883730409,0.823256396,0.851899161,0.991718045,0.925068366,1,0.789164743,0.910606382,1.039191945,0.933644535,NaN
LUX,NaN,NaN,NaN,NaN,NaN,NaN,NaN,NaN,NaN,NaN,1.285554782,1.419249745,0.982198949,0.917807664,0.927041931,0.92977482,0.905372176,0.893984992,0.861897344,0.90532428,0.921067409,0.905912847,0.830323235,0.821614533,0.89238039,0.990293817,0.991267255,1,1.125904983,1.16310286,1.176999581,1.111115547,NaN
MDG,1.141811255,0.974885368,0.984605561,1.007095056,0.970815113,0.9881651,0.994553607,1.01163552,1.000087726,1.028596198,1.01159736,1.021860185,0.998593104,1.013280198,1.02674884,1.07021925,1.10694269,1.120690863,1.132230342,1.183822064,1.198669273,1.176102045,1.192269943,1.104925145,1.084378423,1.054284989,1.046802813,1,1.000042888,0.978519801,0.97969967,1.000429544,NaN
MWI,0.3728814,0.448637628,0.367322438,0.455366976,0.437047136,0.468715289,0.518159912,0.49244269,0.550365741,0.584615149,0.635813792,0.664824601,0.532830649,0.573873791,0.587304644,0.508718783,0.623154954,0.722164666,0.69697949,0.795749737,0.763265805,0.793554702,0.804303188,0.903394201,0.991780691,0.923751477,0.907335793,1,1.023136913,1.029593523,0.941555421,0.919157709,NaN
MYS,0.661390838,0.686523727,0.689012065,0.728050471,0.706539524,0.714202859,0.714435984,0.729098289,0.681437535,0.730146067,0.745301491,0.829006155,0.821405578,0.860788886,0.879069872,0.913922017,0.922695564,0.91578535,0.999840962,1.002487107,0.979779586,1.006036015,0.996155273,0.972250824,0.938848492,0.973602932,0.926396004,1,0.965985127,0.977338481,0.96844053,0.92310013,NaN
MDV,NaN,NaN,NaN,NaN,NaN,NaN,NaN,NaN,NaN,NaN,NaN,NaN,NaN,NaN,NaN,NaN,NaN,NaN,NaN,NaN,NaN,NaN,NaN,NaN,NaN,NaN,NaN,NaN,NaN,NaN,NaN,NaN,NaN
MLI,1.32459064,1.499835594,1.317305103,1.270356409,1.370711336,1.378790659,1.431219066,1.360524416,1.344376863,1.302548884,1.147726574,1.236722552,1.041997479,1.205544392,1.176393239,1.173610367,1.087870392,1.128727173,1.204894305,1.22707173,1.08962129,1.071430189,1.047430686,1.000073621,1.001013264,0.966999941,1.022741534,1,1.00695159,0.973609276,0.946392414,0.888340999,NaN
MLT,0.408751691,0.446665913,0.482818565,0.491406,0.549343028,0.53603741,0.613611573,0.581893887,0.589963488,0.604063375,0.665854731,0.588633952,0.59526347,0.550468914,0.576034281,0.553390533,0.757509512,0.740943359,0.78432112,0.800898519,0.867605798,0.777416772,0.922097717,0.863820513,0.865051953,0.800729519,0.911788879,1,0.97702099,0.793808244,0.908767435,0.921583172,NaN
MHL,NaN,NaN,NaN,NaN,NaN,NaN,NaN,NaN,NaN,NaN,NaN,NaN,NaN,NaN,NaN,NaN,NaN,NaN,NaN,NaN,NaN,NaN,NaN,NaN,NaN,NaN,NaN,NaN,NaN,NaN,NaN,NaN,NaN
MTQ,NaN,NaN,NaN,NaN,NaN,NaN,NaN,NaN,NaN,NaN,NaN,NaN,NaN,NaN,NaN,NaN,NaN,NaN,NaN,NaN,NaN,NaN,NaN,NaN,NaN,NaN,NaN,NaN,NaN,NaN,NaN,NaN,NaN
MRT,0.820699752,0.641360041,0.625471156,0.57228742,0.584587913,0.605043298,0.62439739,0.663821865,0.674356278,0.680089359,0.768772382,0.716295893,0.810725704,0.802649766,0.808989952,0.818032956,0.831653719,0.839692035,0.839988898,0.821713722,0.842061943,0.915415684,0.913518981,0.95264115,0.9905105,0.982940614,0.976907195,1,0.987088815,0.957513307,0.942143254,1.010674082,NaN
MUS,1.08058218,1.097316287,1.120815336,1.065393827,0.981917263,1.015307148,1.02612118,1.09957665,1.061256158,0.834117226,1.022259187,1.168466069,1.041471255,1.032848033,1.132197894,1.034422968,1.028269844,0.959920696,1.011137677,1.055439057,1.074307243,1.065614882,1.039873147,1.006977477,1.012928425,0.997460345,0.983984643,1,0.991797054,1.094852068,0.990027087,0.972910308,NaN
MYT,NaN,NaN,NaN,NaN,NaN,NaN,NaN,NaN,NaN,NaN,NaN,NaN,NaN,NaN,NaN,NaN,NaN,NaN,NaN,NaN,NaN,NaN,NaN,NaN,NaN,NaN,NaN,NaN,NaN,NaN,NaN,NaN,NaN
MEX,0.618013433,0.600392651,0.598901935,0.604385664,0.638761028,0.684599137,0.68186527,0.684232943,0.704460192,0.723878612,0.737035826,0.76913606,0.764907842,0.791362427,0.823369008,0.822549012,0.85945715,0.875540261,0.894925169,0.877981964,0.889492745,0.884463025,0.916646866,0.92433056,0.940048386,0.946954624,0.968298009,1,1.006276389,0.997078183,0.995003867,1.019242153,NaN
FSM,NaN,NaN,NaN,NaN,NaN,NaN,NaN,NaN,NaN,NaN,NaN,NaN,NaN,NaN,NaN,NaN,NaN,NaN,NaN,NaN,NaN,NaN,NaN,NaN,NaN,NaN,NaN,NaN,NaN,NaN,NaN,NaN,NaN
MCO,NaN,NaN,NaN,NaN,NaN,NaN,NaN,NaN,NaN,NaN,NaN,NaN,NaN,NaN,NaN,NaN,NaN,NaN,NaN,NaN,NaN,NaN,NaN,NaN,NaN,NaN,NaN,NaN,NaN,NaN,NaN,NaN,NaN
MNG,0.944403081,0.95541377,0.866504315,0.792606967,0.750120944,0.783681538,0.835710356,0.734988371,0.782242197,0.836960045,0.806108588,0.641158929,0.619133433,0.526316632,0.659731033,0.599766985,0.575316697,0.606281133,0.669970091,0.802646444,0.711832929,0.763647637,0.780584013,0.881620167,0.866886946,1.098471944,0.996076323,1,1.16116792,1.133286293,1.507894976,1.183160748,NaN
MNE,NaN,NaN,NaN,NaN,NaN,NaN,NaN,NaN,NaN,NaN,NaN,NaN,NaN,NaN,NaN,NaN,1.058391773,0.802664272,0.723601739,0.655765891,0.809713794,0.880530964,0.735651833,1.263764125,1.06103348,1.02799035,1.110285447,1,1.017077239,1.000764436,1.040418913,1.059283946,NaN
MSR,NaN,NaN,NaN,NaN,NaN,NaN,NaN,NaN,NaN,NaN,NaN,NaN,NaN,NaN,NaN,NaN,NaN,NaN,NaN,NaN,NaN,NaN,NaN,NaN,NaN,NaN,NaN,NaN,NaN,NaN,NaN,NaN,NaN
MAR,0.884734556,0.960674625,0.861680658,0.824351337,1.015311927,0.701953356,0.909945417,0.832082412,0.905369975,0.83682176,0.739163825,0.844227784,0.797119641,0.907560645,0.922200972,0.886484083,1.001812534,0.845877384,0.926340288,1.073468961,1.046286601,1.016615734,0.98215983,1.092793922,0.975577129,1.117103903,0.909380667,1,1.050276139,1.083143496,0.915255697,1.064272786,NaN
MOZ,0.762447814,0.765802281,0.694535515,0.783265493,0.766163475,0.845580089,0.916052072,0.939110229,0.958401044,1.002744049,0.935872098,0.999726435,0.840980154,1.058853776,1.063707529,0.945152036,1.014891119,1.002074468,0.85624178,1.014003559,1.079250774,1.108251735,1.097828865,0.974706932,0.999108006,0.960439163,0.927393916,1,1.101424745,1.078329492,1.012677656,1.045800987,NaN
MMR,0.501112553,0.491041034,0.544082153,0.57748898,0.60250672,0.620643813,0.625400998,0.607041504,0.607520586,0.673158449,0.702469375,0.73055286,0.753376095,0.795935303,0.829929057,0.910000613,0.975599855,0.989477611,1.040602742,1.077020371,1.052940147,0.997294965,0.984389386,1.006240286,1.002264742,1.023252013,1.010939156,1,0.806903253,0.787376001,0.823211827,0.799454985,NaN
NAM,2.550452018,1.824799649,1.629187117,1.773962105,1.799404656,1.720284722,1.737171699,0.723391707,0.774737445,0.894931651,1.089521659,1.018874185,0.950777775,1.010131676,1.000169187,0.988523854,1.008013895,1.08275849,1.106155743,1.078289169,1.063192119,1.064910688,1.023409567,1.040313662,0.939450058,0.94322381,0.948817122,1,0.951437557,0.99520037,1.004080122,1.054304095,NaN
NRU,NaN,NaN,NaN,NaN,NaN,NaN,NaN,NaN,NaN,NaN,NaN,NaN,NaN,NaN,NaN,NaN,NaN,NaN,NaN,NaN,NaN,NaN,NaN,NaN,NaN,NaN,NaN,NaN,NaN,NaN,NaN,NaN,NaN
NPL,0.725573175,0.705001501,0.65179222,0.699495603,0.65480618,0.69090165,0.680278802,0.696083303,0.697583992,0.718031796,0.750163237,0.75570099,0.770951876,0.794895996,0.81554657,0.827063046,0.829814603,0.82735124,0.882364366,0.894830919,0.862806413,0.915323647,0.982692025,0.93927063,0.963305197,0.959290127,0.964948355,1,0.993736682,1.035346523,1.078064816,1.078757995,NaN
NLD,0.928199854,0.922986026,0.987518652,1.012433511,0.937676453,0.977416931,0.997064686,0.968695072,0.987112822,1.017264211,0.999550959,0.919078268,0.964552958,0.888080308,0.909063096,0.909806938,0.847191096,0.891733782,0.878881018,0.914283879,0.905811314,0.978970561,0.931175387,1.014423673,0.984621638,0.999294736,1.022912585,1,0.953205436,0.989954794,1.012324035,1.012717044,NaN
NCL,0.738120601,0.768484522,0.812701659,0.83040257,0.896606254,0.895001351,0.912773146,0.889578833,1.016047044,1.128389852,1.14671011,1.115187118,1.087538983,1.015552215,1.145223201,1.121746314,1.105616842,1.005053413,1.070798867,1.043706838,0.904447351,0.943162713,0.991435842,0.941519498,0.966855168,1.072851712,1.020878127,1,1.032367119,1.05866142,1.065735859,1.020463928,NaN
NZL,0.870935271,0.882587404,0.923031069,0.89438053,0.961198086,0.968222469,0.994641213,1.051924397,1.076950544,0.99081855,1.065339195,0.996182166,1.013807413,1.030970006,1.045721118,1.021073122,1.081961328,1.007728464,0.976999314,1.013869564,0.979106239,0.95988738,0.986007831,0.999867144,1.023241016,1.063476604,1.037873772,1,1.024092516,1.019165191,1.026066587,0.999198496,NaN
NIC,0.527689613,0.589363614,0.57199231,0.550098002,0.565021779,0.60236697,0.600337292,0.601615487,0.616230642,0.677448125,0.720500648,0.701368188,0.690697602,0.777231463,0.746529648,0.826516657,0.838195521,0.844454494,0.876315859,0.959789986,0.903505818,0.941071559,0.95335847,0.989715686,0.948547044,0.895364111,0.932334736,1,1.013260549,1.017721407,1.021816773,1.075129139,NaN
NER,0.646249138,0.645791344,0.635606171,0.632298408,0.625617866,0.605337952,0.667060885,0.658657251,0.805071114,0.785899071,0.554369707,0.660868605,0.706555209,0.695424248,0.646045871,0.727609853,0.744683921,0.69486197,0.786830326,0.684447386,0.805738956,0.744493874,0.824716078,0.81286532,0.842764729,0.970583184,1.003080883,1,1.053441343,1.035013995,1.110505166,0.959997675,NaN
NGA,0.89222611,0.939124235,0.979880934,0.995676798,1.018832951,1.042128909,1.061936079,1.078857083,1.086517066,1.117183162,1.099851782,1.087020038,1.083265151,1.071645219,1.118992765,1.122107099,1.13261115,1.061891281,1.094524468,1.012297769,1.056414685,0.968752402,0.998467956,0.955149999,1.027462251,1.019836468,1.038144831,1,1.037671799,0.960547572,0.965334946,1.017686639,NaN
NIU,NaN,NaN,NaN,NaN,NaN,NaN,NaN,NaN,NaN,NaN,NaN,NaN,NaN,NaN,NaN,NaN,NaN,NaN,NaN,NaN,NaN,NaN,NaN,NaN,NaN,NaN,NaN,NaN,NaN,NaN,NaN,NaN,NaN
MKD,NaN,NaN,0.932990699,0.753364548,0.724599895,0.752307004,0.801271047,0.790102761,0.8077087,0.774458421,0.812924542,0.783143301,0.721880571,0.856134106,0.923549173,0.929944715,0.953871561,1.008366994,0.999557322,1.045355819,1.120455438,1.071110582,1.094966124,1.102228299,1.049425624,1.154194192,1.137052057,1,1.169851655,1.125197932,1.239307572,1.246514983,NaN
MNP,NaN,NaN,NaN,NaN,NaN,NaN,NaN,NaN,NaN,NaN,NaN,NaN,NaN,NaN,NaN,NaN,NaN,NaN,NaN,NaN,NaN,NaN,NaN,NaN,NaN,NaN,NaN,NaN,NaN,NaN,NaN,NaN,NaN
NOR,0.327462669,0.321630954,0.290800792,0.315466072,0.332786577,0.368553519,0.3948056,0.405805489,0.446649118,0.480978131,0.475469312,0.487148817,0.528891611,0.527838172,0.560381561,0.588142721,0.61881178,0.682353916,0.675499285,0.768656693,0.848066522,0.893973142,1.034532109,1.005676539,1.024981734,1.054994049,1.023653488,1,1.061479648,1.083598668,1.092930951,1.146473785,NaN
OMN,0.603644774,0.578301929,0.619447585,0.68588963,0.630745501,0.576940891,0.76768483,1.077279903,0.944109899,1.077114209,1.106095619,1.10172721,1.059175506,0.948687006,0.97591569,0.956323908,0.895120684,0.937967956,1.036304095,0.912337039,1.135981618,1.042277658,1.062586544,1.100884256,0.993472677,0.930633058,0.988985545,1,1.059552161,0.827510632,0.972596789,0.94912307,NaN
PAK,0.688890817,0.722940206,0.685222654,0.735044883,0.743249152,0.810755276,0.772661085,0.772931686,0.776359845,0.789188688,0.752706683,0.729347388,0.741801622,0.754746237,0.788674043,0.784192583,0.788143414,0.797440987,0.819200669,0.829099788,0.802320267,0.838818449,0.834692862,0.993969284,0.943511827,0.929250789,0.924841095,1,1.003312598,1.024128465,1.059402674,1.112417659,NaN
PLW,NaN,NaN,NaN,NaN,NaN,NaN,NaN,NaN,NaN,NaN,NaN,NaN,NaN,NaN,NaN,NaN,NaN,NaN,NaN,NaN,NaN,NaN,NaN,NaN,NaN,NaN,NaN,NaN,NaN,NaN,NaN,NaN,NaN
PAN,1.275935716,1.258948384,1.185110715,1.216909172,1.173292254,1.170433971,1.13746695,1.148298252,1.136273542,1.099286241,1.042952173,1.049554351,1.054343458,1.057439532,1.041227102,1.044612198,1.095628205,1.139842089,1.10093669,1.014854483,0.989922701,1.031660281,1.026991223,1.022838479,1.044485329,1.004823728,0.985677876,1,1.011029631,1.022526227,0.989380682,0.954109998,NaN
PNG,1.085574759,1.00977133,1.099744767,1.125480811,1.060976369,1.001450819,1.038112175,1.014596,1.023211175,1.01782334,0.997242747,0.959651437,0.949586891,0.981039212,0.977472626,0.986545194,0.967352549,1.011782317,1.033018898,0.996037036,0.961613981,1.0155305,0.971664317,0.988094383,1.013730061,1.016224722,1.048648246,1,1.006365926,0.987151511,1.016939111,1.035422818,NaN
PRY,0.969964135,0.873953207,0.83246425,0.883675866,0.816920001,0.845380656,0.853236934,0.845512062,0.85071364,0.80779987,0.741943284,0.821753149,0.678434856,0.708395706,0.643538715,0.668580044,0.710712882,0.753835043,0.817884536,0.683575138,0.86669543,0.849407117,0.632721494,0.923852207,0.942806558,0.99331462,0.921634182,1,0.960386636,0.911589478,0.971360476,0.898476177,NaN
PER,0.640814038,0.661376346,0.608270556,0.625200192,0.665384335,0.694723301,0.727764159,0.757220014,0.698209582,0.763306097,0.774850703,0.72648477,0.762265204,0.750804118,0.76963196,0.813799875,0.837799579,0.844799533,0.970305633,0.925494251,0.961877313,0.965402329,1.02717479,1.042727871,1.052990582,1.021174886,1.051228821,1,1.110332526,1.095336191,1.014479474,1.122863457,NaN
PHL,0.769146879,0.783321083,0.766683122,0.76731615,0.782744355,0.762978469,0.805342101,0.791259137,0.739112205,0.791029526,0.815951224,0.837509508,0.851988683,0.863202298,0.875231314,0.899723264,0.921721936,0.956380901,0.984938177,0.956732026,0.952806011,0.961739869,0.985782435,0.977445511,0.978514224,0.98366847,0.96382259,1,1.010173087,1.007990652,0.986717993,0.97307157,NaN
POL,0.799518648,0.767256812,0.701690267,0.795636057,0.674674318,0.714110417,0.742237347,0.709612511,0.756605696,0.726700737,0.74184431,0.756474979,0.743283237,0.764570877,0.803474711,0.779269243,0.782477731,0.781344486,0.787876797,0.830230185,0.814256535,0.854400894,0.880997649,0.890556129,0.929507491,0.894736076,0.946310418,1,1.008111231,0.979137966,1.07475924,1.071765393,NaN
PRT,0.626562957,0.693024528,0.640819678,0.637892561,0.641799012,0.667409444,0.686091389,0.627045101,0.547947438,0.646118315,0.598738331,0.586867773,0.61444436,0.601986858,0.662421836,0.64156229,0.654572364,0.594669123,0.632740307,0.682790551,0.69509431,0.708972246,0.685506781,0.726312275,0.753721754,0.922985843,0.888703565,1,0.918536715,1.05163187,1.057790467,1.717453764,NaN
PRI,1.20607304,1.275604304,1.369855416,1.402377928,1.313884721,1.310850283,1.27552401,1.242267132,1.250384921,1.111347379,1.256299346,1.181424016,1.169596141,1.159552431,1.258748539,1.139660366,1.218519512,1.264355845,1.226685451,1.223702213,1.186622599,1.166247691,1.087272938,1.05365008,0.99600279,1.037533939,1.024901609,1,1.024202782,0.990846497,1.032367607,1.02056058,NaN
QAT,1.041057148,1.310470954,1.250973608,1.147380971,0.950291408,1.037577675,1.310279829,1.441836786,1.251368257,1.371362861,1.479263718,1.146252848,1.213037749,1.139807407,1.179371237,1.190612203,1.170544406,1.287467922,0.913672267,1.118803946,0.889558732,0.967306072,0.977438567,1.048910613,0.90327964,1.182036896,1.033500816,1,1.228112449,1.180043842,1.35261621,1.408751518,NaN
KOR,0.565656874,0.552973341,0.61848584,0.630116493,0.649357262,0.661802735,0.697908258,0.734660964,0.731393698,0.773978423,0.766239334,0.777283146,0.756046777,0.764486692,0.791969597,0.801159041,0.850155521,0.855714957,0.896701675,0.921221376,0.888330296,0.867795226,0.886449234,0.925914123,0.966135781,0.96569181,0.980430919,1,1.016185874,1.019396464,1.012978288,1.0454905,NaN
MDA,1.271703422,1.233142476,1.12762896,1.226941902,0.923039256,1.018399584,0.91443702,0.934204887,0.761057456,0.786989108,0.706988175,0.672199193,0.829681529,1.013157552,1.138517158,1.107430595,1.030525815,0.890877803,1.131912977,0.939609281,0.886868066,0.868624844,0.73386291,0.845211991,0.943589646,0.908304243,0.973698933,1,1.032119017,1.064543912,0.972907054,1.475611122,NaN
REU,NaN,NaN,NaN,NaN,NaN,NaN,NaN,NaN,NaN,NaN,NaN,NaN,NaN,NaN,NaN,NaN,NaN,NaN,NaN,NaN,NaN,NaN,NaN,NaN,NaN,NaN,NaN,NaN,NaN,NaN,NaN,NaN,NaN
ROU,0.78873739,0.837580026,0.739873993,0.913263482,0.882161137,0.923063427,0.837409013,0.865139744,0.752858554,0.796771109,0.701899724,0.787194829,0.774744596,0.81932989,0.962058613,0.847652968,0.854446738,0.680333964,0.840955677,0.844508035,0.793851361,0.846029136,0.761196126,0.834133869,0.861675055,0.82628746,0.87735922,1,0.938456771,0.928932387,0.777646785,0.965669243,NaN
RUS,0.680792609,0.645693884,0.667861393,0.700246756,0.730885076,0.735128809,0.739746841,0.746058003,0.701382924,0.710517112,0.710716313,0.719629317,0.789964033,0.787234576,0.778599966,0.794298994,0.798730881,0.841098536,0.826890643,0.87118755,0.83659302,0.898712001,0.926564359,0.920135735,0.964559024,0.968128675,0.962178943,1,1.09109905,1.038035025,1.067551206,1.076334473,NaN
RWA,1.274525816,1.474357637,1.569042956,1.222565777,1.044558765,1.364195757,1.37461973,1.339161781,1.463157686,1.503318127,1.561141822,1.474457043,1.711941658,1.547675169,1.470603762,1.519965356,1.535998578,1.437037663,1.391482134,1.54876247,1.258605103,1.30054966,1.29687779,1.284165414,0.923676944,0.909468324,0.892895703,1,0.984609855,1.060565877,0.986463339,1.013608316,NaN
BLM,NaN,NaN,NaN,NaN,NaN,NaN,NaN,NaN,NaN,NaN,NaN,NaN,NaN,NaN,NaN,NaN,NaN,NaN,NaN,NaN,NaN,NaN,NaN,NaN,NaN,NaN,NaN,NaN,NaN,NaN,NaN,NaN,NaN
SHN,NaN,NaN,NaN,NaN,NaN,NaN,NaN,NaN,NaN,NaN,NaN,NaN,NaN,NaN,NaN,NaN,NaN,NaN,NaN,NaN,NaN,NaN,NaN,NaN,NaN,NaN,NaN,NaN,NaN,NaN,NaN,NaN,NaN
KNA,NaN,NaN,NaN,NaN,NaN,NaN,NaN,NaN,NaN,NaN,NaN,NaN,NaN,NaN,NaN,NaN,NaN,NaN,NaN,NaN,NaN,NaN,NaN,NaN,NaN,NaN,NaN,NaN,NaN,NaN,NaN,NaN,NaN
LCA,NaN,NaN,NaN,NaN,NaN,NaN,NaN,NaN,NaN,NaN,NaN,NaN,NaN,NaN,NaN,NaN,NaN,NaN,NaN,NaN,NaN,NaN,NaN,NaN,NaN,NaN,NaN,NaN,NaN,NaN,NaN,NaN,NaN
MAF,NaN,NaN,NaN,NaN,NaN,NaN,NaN,NaN,NaN,NaN,NaN,NaN,NaN,NaN,NaN,NaN,NaN,NaN,NaN,NaN,NaN,NaN,NaN,NaN,NaN,NaN,NaN,NaN,NaN,NaN,NaN,NaN,NaN
VCT,NaN,NaN,NaN,NaN,NaN,NaN,NaN,NaN,NaN,NaN,NaN,NaN,NaN,NaN,NaN,NaN,NaN,NaN,NaN,NaN,NaN,NaN,NaN,NaN,NaN,NaN,NaN,NaN,NaN,NaN,NaN,NaN,NaN
WSM,NaN,NaN,NaN,NaN,NaN,NaN,NaN,NaN,NaN,NaN,NaN,NaN,NaN,NaN,NaN,NaN,NaN,NaN,NaN,NaN,NaN,NaN,NaN,NaN,NaN,NaN,NaN,NaN,NaN,NaN,NaN,NaN,NaN
SMR,NaN,NaN,NaN,NaN,NaN,NaN,NaN,NaN,NaN,NaN,NaN,NaN,NaN,NaN,NaN,NaN,NaN,NaN,NaN,NaN,NaN,NaN,NaN,NaN,NaN,NaN,NaN,NaN,NaN,NaN,NaN,NaN,NaN
STP,0.714435268,0.723676127,0.881961804,0.937147333,0.979036063,0.933426878,1.067146961,1.241864342,1.33397786,1.350580721,1.247390909,1.214923782,1.159910426,1.116278567,1.053387264,1.107736897,1.09055551,1.04972552,1.037179521,1.005336969,0.997825113,0.988306647,1.023002361,1.05044657,0.98914503,0.82553183,0.996621461,1,0.982180588,0.954589948,0.903278358,0.869243316,NaN
SAU,0.98373053,0.918513229,0.907674903,0.85590235,0.883438559,0.838375767,0.78671184,0.841246533,0.923589528,0.795803007,0.791644976,0.977457197,0.928079245,0.89520434,1.047977228,0.94782071,0.901333413,0.895264116,0.941498772,0.966309414,0.943846792,0.883820458,0.790651609,0.829199146,0.755289178,0.82843592,0.861521442,1,1.103255522,1.258816911,1.488473307,1.551852063,NaN
SEN,0.749054679,0.768325287,0.669275171,0.713757794,0.687316318,0.76270455,0.668126836,0.646177084,0.650347182,0.806129877,0.790959255,0.759616124,0.513238658,0.721064666,0.696039465,0.782853532,0.722258934,0.648841245,0.843040124,0.87414559,0.900806673,0.687428009,0.812132106,0.789379668,0.818147896,0.991359136,0.823251994,1,1.163074222,1.060263157,1.173061281,1.17739876,NaN
SRB,NaN,NaN,NaN,NaN,NaN,NaN,NaN,NaN,NaN,NaN,NaN,NaN,NaN,NaN,NaN,NaN,0.963587088,0.909582332,0.894460254,0.958548527,0.94858536,0.992877609,1.033131352,0.950554681,0.983240721,0.954184979,1.067685942,1,1.076219651,1.12499274,1.118560021,1.091368233,NaN
SYC,NaN,NaN,NaN,NaN,NaN,NaN,NaN,NaN,NaN,NaN,NaN,NaN,NaN,NaN,NaN,NaN,NaN,NaN,NaN,NaN,NaN,NaN,NaN,NaN,NaN,NaN,NaN,NaN,NaN,NaN,NaN,NaN,NaN
SLE,1.029106339,1.086934164,1.031172969,0.993918076,0.986093273,0.959483847,0.987291605,1.002866396,0.978213653,0.907484244,0.875144205,0.905079629,0.94228787,1.135989712,1.265649627,1.255796365,1.25694957,1.291703201,1.215764505,1.4377143,1.421482397,1.603862965,1.513669783,1.496733693,1.326284338,1.172517271,1.104614767,1,0.970226599,1.066750207,1.148818185,1.692205676,NaN
SGP,NaN,NaN,NaN,NaN,NaN,NaN,NaN,NaN,NaN,NaN,NaN,NaN,NaN,NaN,NaN,NaN,NaN,NaN,NaN,NaN,NaN,NaN,NaN,NaN,NaN,NaN,NaN,NaN,NaN,NaN,NaN,NaN,NaN
SXM,NaN,NaN,NaN,NaN,NaN,NaN,NaN,NaN,NaN,NaN,NaN,NaN,NaN,NaN,NaN,NaN,NaN,NaN,NaN,NaN,NaN,NaN,NaN,NaN,NaN,NaN,NaN,NaN,NaN,NaN,NaN,NaN,NaN
SVK,NaN,NaN,NaN,0.932619896,0.955038138,0.949517424,0.998964469,1.019315621,1.014909712,1.033459913,0.72055521,0.761074585,1.037497115,0.986884566,1.102016286,1.109840438,1.022273985,1.001013584,1.107181051,0.963298928,0.972998438,0.975095944,0.888795572,0.98180655,1.046870486,0.94288881,1.061939347,1,1.032907248,0.939290551,1.010835212,0.982564059,NaN
SVN,NaN,NaN,0.805452633,0.921706416,0.958622386,0.96596641,0.920854792,0.893761892,0.935893682,0.907552818,0.917237183,0.953282806,1.056077491,1.040127927,0.999729238,0.97364865,0.958614886,0.915623901,0.906024756,0.925235246,0.932571855,0.940047466,0.897662143,0.863074753,0.873013309,0.981629592,1.043633509,1,1.032221435,1.068298157,1.121536172,1.035450285,NaN
SLB,1.274865346,1.362636038,1.34384885,1.309038314,1.327120424,1.486924157,1.500869265,1.537847039,1.533238084,1.416470288,1.616637406,1.246101416,1.229352281,1.173250965,1.313315061,1.429371168,1.422868523,1.491116302,1.501544432,1.411281872,1.000299691,1.003017871,0.987088581,0.988029982,0.997823126,0.964505924,1.02061895,1,0.900264753,0.900719837,0.875436056,0.928996984,NaN
SOM,0.986014637,0.895024291,0.816893602,0.852269582,0.808690731,0.860329417,0.890508439,0.884286874,0.932567839,0.891207043,0.918307192,0.966007592,0.978424555,0.98557761,0.989024391,1.033992957,0.994571923,1.033870257,0.993944352,0.963304509,1.04200756,1.10576457,1.126012262,1.112151028,1.000425117,1.022847131,1.014078821,1,1.002330584,1.019567925,1.014820761,0.985310436,NaN
ZAF,0.647306685,0.691483238,0.580715651,0.624121294,0.653602617,0.574852628,0.687285392,0.739775611,0.648922052,0.697959574,0.736038278,0.728301872,0.783981922,0.809540996,0.787647827,0.815196059,0.754068099,0.789083981,0.878128998,0.86672774,0.90622269,0.918412718,0.917844725,0.944057686,0.985111246,0.920193951,0.911779485,1,0.952084318,0.948994688,1.013502686,1.023870482,NaN
SSD,NaN,NaN,NaN,NaN,NaN,NaN,NaN,NaN,NaN,NaN,NaN,NaN,NaN,NaN,NaN,NaN,NaN,NaN,NaN,NaN,NaN,0.888240134,0.887688916,0.880410562,0.934336783,0.958263619,0.975822731,1,1.003689473,1.019503374,0.995294861,1.033848888,NaN
ESP,0.717203026,0.7184005,0.776221272,0.7292644,0.702337386,0.659762509,0.809233763,0.854756634,0.805695692,0.805772828,0.871730068,0.86392278,0.872094776,0.928369124,0.884222142,0.818255469,0.912509241,0.889829267,0.976858242,1.005689969,1.008679583,1.0617832,0.938858132,1.082132743,0.988238341,1.02774735,1.072605284,1,1.116041106,1.020299798,1.121734282,1.086336807,NaN
LKA,0.593482025,0.880047104,0.757817691,0.919004478,0.902697928,0.954330338,0.915707834,0.915620992,0.828180909,0.858408931,0.92078994,0.900097785,0.970539611,0.978238727,0.937556231,0.975683284,0.968092109,0.959885023,0.972482699,0.948964232,1.093024294,1.037185967,1.055647405,1.12532472,1.059993535,1.133721567,1.124571569,1,1.154160652,1.146467552,1.193289159,1.289126232,NaN
PSE,NaN,NaN,NaN,NaN,2.262343833,2.586694266,2.523742096,2.192532165,2.292384384,2.066550092,2.48745785,2.18918425,1.736551175,1.60109895,1.677411724,1.532270994,1.549964034,1.380343038,1.490898504,1.393067076,1.398948073,1.355619248,1.392269623,1.276382513,1.128473303,0.974034913,1.083064442,1,0.999761778,1.176751209,0.991734519,1.09832818,NaN
SDN,0.397078587,0.425320858,0.422708539,0.401142401,0.421372286,0.445927659,0.449384039,0.446043368,0.476275231,0.497195709,0.516958083,0.501178075,0.524295479,0.518062312,0.566375802,0.503373755,0.541719054,0.533379786,0.527600774,0.512428243,0.509416014,1.065497403,1.019282756,1.007884594,1.010216291,1.009703648,0.95982947,1,1.013770677,1.005791594,1.009286707,0.993546224,NaN
SUR,1.398534228,1.588766233,1.677357567,1.592270354,1.524829679,1.506318443,1.358838821,1.347189712,1.145515013,1.05186675,0.937448541,0.959193888,0.820300296,0.823479902,0.833064472,0.867901572,0.903195582,0.968387057,0.884633154,0.983671644,1.04639535,1.002861041,1.042661315,1.073016977,1.023640255,0.990411931,0.978878653,1,0.966810244,0.931094803,0.832700148,0.962479024,NaN
SWE,0.906580207,0.824219022,0.782470522,0.853973401,0.821157546,0.852962669,0.887493435,0.901842547,0.924160143,0.901693278,0.917837686,0.93764167,0.943835055,0.940977784,0.966436437,0.989639385,1.043959255,0.933137019,0.913997058,0.997127364,1.00983783,0.956280334,0.953015534,0.920658251,1.002819975,0.989846358,0.991719424,1,0.959637047,1.026256859,1.001269142,0.963332902,NaN
CHE,0.90950909,0.971387161,1.028452431,0.990502574,0.980898478,1.008077093,0.972372137,0.946120967,0.994736319,1.007336055,1.001467568,0.983906282,1.016180352,1.009181997,1.009278033,1.022873453,1.033507011,0.961090861,0.963820979,1.093791618,1.030641811,1.039175792,1.066450805,0.995476325,1.008600359,1.014213149,1.019921779,1,1.084357066,1.057364909,1.06602095,1.031394114,NaN
SYR,0.810851035,0.804420371,0.879618495,0.776777914,0.756773341,0.841489792,0.914321247,0.781834621,0.943588121,0.76150533,0.861230512,0.843303078,0.998521676,0.96416745,0.937780301,0.930215043,0.973106747,0.880754517,0.839504356,0.908917565,0.73234396,0.812392648,0.835002017,0.80539381,0.750836257,1.098181109,0.972996278,1,0.968421077,0.821409227,0.949530427,0.847822313,NaN
TJK,0.469361113,0.386775285,0.403087035,0.415975285,0.423815434,0.400321158,0.351328692,0.378497901,0.355015756,0.356756008,0.401066457,0.435403569,0.453287822,0.447927914,0.48790795,0.459013862,0.463503499,0.482719181,0.499155551,0.544270216,0.580144517,0.630053699,0.656231492,0.704359672,0.725680929,0.942860186,0.920752681,1,1.069137071,1.06982089,1.030590387,0.961882574,NaN
THA,0.5335459,0.578955957,0.577728474,0.588060033,0.608505643,0.634798107,0.657542999,0.659170792,0.641280966,0.684948519,0.734147257,0.775118767,0.771908926,0.818266192,0.865563819,0.858814395,0.877272471,0.919607194,0.903212087,0.926119704,0.896265303,0.905908666,0.934243815,0.928829676,0.976822875,0.936913072,0.983972459,1,1.007109935,0.990322916,0.926960147,0.939319651,NaN
TLS,1.249260895,1.237625364,1.204263253,1.253965523,1.182290612,1.196608846,1.131944235,1.13823026,1.063290052,1.028382316,1.071768728,1.115312295,1.17372167,1.13974933,1.147319084,1.19056808,1.185418396,1.163227382,1.258639889,1.343275586,1.372430456,1.118828331,1.10604956,1.085338934,1.077711753,1.114301375,1.022018946,1,1.096416549,1.084424417,1.049622064,0.981249743,NaN
TGO,0.814969335,0.848169558,0.82335511,0.90995782,0.934987889,0.930112175,1.035879726,1.078907593,1.046742364,1.062768018,0.984612666,1.079323698,1.072389313,1.022472577,1.078735869,1.074463449,1.08263623,1.128740636,1.196755882,1.220481024,1.113333452,1.202657586,1.074805625,0.958216586,1.078684823,1.016156972,0.972700614,1,0.985030337,1.011035035,1.005819002,1.011868965,NaN
TKL,NaN,NaN,NaN,NaN,NaN,NaN,NaN,NaN,NaN,NaN,NaN,NaN,NaN,NaN,NaN,NaN,NaN,NaN,NaN,NaN,NaN,NaN,NaN,NaN,NaN,NaN,NaN,NaN,NaN,NaN,NaN,NaN,NaN
TON,NaN,NaN,NaN,NaN,NaN,NaN,NaN,NaN,NaN,NaN,NaN,NaN,NaN,NaN,NaN,NaN,NaN,NaN,NaN,NaN,NaN,NaN,NaN,NaN,NaN,NaN,NaN,NaN,NaN,NaN,NaN,NaN,NaN
TTO,0.95043156,0.914094699,0.899557713,0.919904332,0.947015014,0.940975737,0.957374816,0.9256903,0.86257559,0.985081877,1.106149084,1.14517863,1.389382146,1.29700305,1.287474485,1.293808367,1.326755247,1.430240704,1.131623547,1.285707164,1.328712105,1.284166522,1.28123835,1.21302202,1.144964016,0.911347508,1.003433139,1,0.964803817,0.817464495,0.759882818,0.709633568,NaN
TUN,0.875237725,1.03420757,0.865681405,0.976186309,0.75315353,0.699738107,1.132784584,0.797369465,0.978721886,1.010827433,0.866057636,0.748518323,0.724019363,1.111597948,0.929521211,0.962257357,0.991187058,0.964382733,1.041193419,0.985922262,0.949141165,0.963418831,1.064386418,1.023848407,0.98846948,1.226366647,0.9968569,1,1.212615051,1.088969164,1.325444655,1.07639198,NaN
TUR,0.661431346,0.669415903,0.679806031,0.640041919,0.703398556,0.678104049,0.695980057,0.688417395,0.732469236,0.701229671,0.713034772,0.72659339,0.751918994,0.744183657,0.737363973,0.804111512,0.826882698,0.820029904,0.89548687,0.874318283,0.894055497,0.927682547,0.953764903,0.935610267,0.914323956,0.947456234,0.945290044,1,1.046398935,1.055812777,1.084495351,1.098367256,NaN
TKM,0.642205027,0.627799218,0.609848083,0.710196731,0.740270239,0.777077211,0.528378552,0.595710551,0.669215387,0.82634299,0.795899842,0.853458469,0.805991719,0.850356305,0.907384446,0.955111284,0.894274936,0.94023571,0.912092676,0.984949043,1.181743179,1.102667359,1.025172095,0.973671692,0.999706606,0.987833473,0.961466249,1,0.927454997,1.154810561,1.167563086,1.12775213,NaN
TCA,NaN,NaN,NaN,NaN,NaN,NaN,NaN,NaN,NaN,NaN,NaN,NaN,NaN,NaN,NaN,NaN,NaN,NaN,NaN,NaN,NaN,NaN,NaN,NaN,NaN,NaN,NaN,NaN,NaN,NaN,NaN,NaN,NaN
TUV,NaN,NaN,NaN,NaN,NaN,NaN,NaN,NaN,NaN,NaN,NaN,NaN,NaN,NaN,NaN,NaN,NaN,NaN,NaN,NaN,NaN,NaN,NaN,NaN,NaN,NaN,NaN,NaN,NaN,NaN,NaN,NaN,NaN
UGA,1.33026992,1.311187024,1.263107532,1.307323098,1.318801033,1.347949075,1.318968366,1.306885022,1.365229371,1.39423781,1.369738059,1.427680484,1.470350686,1.446444114,1.40275977,1.357307098,1.319975756,1.344363169,1.179105004,1.170102037,1.14527179,1.094318573,1.067294657,1.028184916,1.073041347,1.062033874,0.974758022,1,0.982426108,1.073581932,1.07475167,1.050920995,NaN
UKR,0.655438359,0.597819497,0.579855378,0.60673701,0.542862845,0.567122422,0.548966554,0.563621311,0.511192586,0.520656855,0.547426542,0.610846551,0.587392349,0.594641027,0.61598612,0.644964828,0.645267984,0.602903757,0.690050351,0.757883287,0.697767565,0.742120644,0.750411742,0.858130228,0.890390932,0.866422844,0.916457545,1,0.96640701,0.990999858,1.050556385,1.234361645,NaN
ARE,0.915946961,1.00692404,0.966339102,0.953337486,0.922297771,0.994887155,1.093207753,1.241047878,1.221056549,1.143171485,1.362638376,0.897862271,0.874612261,0.673489918,0.805325187,0.821765167,0.692774608,0.662844562,0.679856518,1.138364015,1.143250718,0.685877907,0.709351528,0.702711859,0.892025619,0.902792476,0.98590987,1,1.087478143,1.042178534,1.091439456,1.132548267,NaN
GBR,0.978932337,0.995977899,1.041014903,1.037591284,1.019308766,1.032491774,1.013918436,0.99481547,1.011920323,1.047944563,1.03643044,0.953717806,0.998910127,0.987429012,0.980509143,0.963791839,0.950594399,0.919641498,0.9811168,0.984111167,0.987740451,1.008273262,0.943104704,0.969923324,1.019530333,1.032262682,0.980931597,1,0.981286444,1.013172258,0.964441584,0.971927559,NaN
TZA,1.212914354,1.228633001,1.202000164,1.195555827,1.195246143,1.244479609,1.168419252,1.080191629,1.09781853,1.204952974,1.075266642,1.142215931,1.165530611,0.952749414,1.048116548,1.034477,1.085894473,1.079293253,1.042927858,1.017534233,1.130669795,1.168033597,1.142772958,1.158573559,1.151019158,1.1458164,1.036124612,1,1.053514968,1.052218377,0.995195554,0.997329574,NaN
USA,0.789749132,0.785972881,0.844562612,0.789483212,0.86490971,0.82275994,0.865111299,0.886363564,0.884849297,0.892503214,0.915801113,0.915780374,0.89873092,0.910104299,0.957459739,0.930613742,0.912124119,0.972969811,1.002873468,1.022511147,1.008876048,0.98926734,0.976724735,0.989935714,0.998369294,0.960440749,1.018451398,1,0.998367515,0.953057562,0.993283064,0.988399958,NaN
VIR,NaN,NaN,NaN,NaN,NaN,NaN,NaN,NaN,NaN,NaN,NaN,NaN,NaN,NaN,NaN,NaN,NaN,NaN,NaN,NaN,NaN,NaN,NaN,NaN,NaN,NaN,NaN,NaN,NaN,NaN,NaN,NaN,NaN
URY,1.323085517,1.28536768,1.291420582,1.284111862,1.35066047,1.314282904,1.331774893,1.349649583,1.187582526,1.21345553,1.181577226,1.013119154,1.138176315,1.037316947,1.110562718,1.225133757,1.175954193,1.088704299,1.052224474,0.997723193,0.95687521,0.939567671,1.006732375,0.840792561,0.92076529,1.0030185,0.942921601,1,0.836924418,0.970598166,0.871582301,0.907533933,NaN
UZB,0.621440467,0.568724119,0.596170264,0.67894032,0.688210194,0.694375451,0.658478337,0.68690824,0.662445974,0.732456386,0.738231979,0.748964904,0.711236576,0.71948341,0.821125146,0.793817338,0.830134414,0.823174718,0.853148234,0.864955903,0.917886082,0.95595119,0.97515319,0.999616271,1.023466463,1.04029384,1.027884696,1,0.973210405,0.970210829,0.957108141,0.952338775,NaN
VUT,1.448148176,1.22502094,1.140306477,1.12817238,1.136251331,1.177036723,1.157132854,1.32238844,1.325834056,1.095186679,1.020156539,0.894725493,0.81276959,1.021286698,1.018204817,1.015352628,0.962515706,0.896995315,0.96154137,0.907389119,1.128998226,1.048453467,1.096559345,1.008342977,0.888755169,0.822629811,0.930752497,1,0.991694037,0.933761009,0.899662329,0.930561707,NaN
VEN,1.134532876,1.05033107,1.079955401,1.103927884,1.058439776,1.050009058,1.096324322,1.204422856,1.202480017,1.272045745,1.295938267,1.35251682,1.363603601,1.285394162,1.203487432,1.359104935,1.359437039,1.316221094,1.276732468,1.259149231,1.235606693,1.346567413,1.185902787,1.13924848,1.152785213,1.115999888,1.041637603,1,0.946599246,0.984929159,1.071448925,1.061796023,NaN
VNM,0.593500755,0.555497095,0.57775638,0.5928546,0.605458328,0.62832208,0.628491036,0.661067845,0.667427694,0.691522516,0.692585668,0.707619147,0.73796925,0.77189849,0.80700606,0.831182955,0.859713695,0.895336633,0.936711373,0.917765934,0.89974081,0.933272323,0.976817504,0.973193204,0.998235423,0.968858905,0.96515226,1,1.047488399,1.082295745,1.119346942,1.205355377,NaN
WLF,NaN,NaN,NaN,NaN,NaN,NaN,NaN,NaN,NaN,NaN,NaN,NaN,NaN,NaN,NaN,NaN,NaN,NaN,NaN,NaN,NaN,NaN,NaN,NaN,NaN,NaN,NaN,NaN,NaN,NaN,NaN,NaN,NaN
ESH,NaN,NaN,NaN,NaN,NaN,NaN,NaN,NaN,NaN,NaN,NaN,NaN,NaN,NaN,NaN,NaN,NaN,NaN,NaN,NaN,NaN,NaN,NaN,NaN,NaN,NaN,NaN,NaN,NaN,NaN,NaN,NaN,NaN
YEM,0.721723372,0.699806237,0.782103315,0.774231802,0.792077474,0.809900402,0.856611161,0.787943903,0.849876323,0.854229537,0.940594734,1.012314333,0.999168494,1.131589497,1.082162185,1.138511271,1.131616316,1.00278721,1.184531178,1.254699356,1.121837365,1.207130673,1.154830295,1.137897979,1.12071933,1.209302117,1.014168689,1,1.071368364,1.15925991,1.156570212,1.114061067,NaN
ZMB,0.517800858,0.604349453,0.512834742,0.660444999,0.59230333,0.577204101,0.637707726,0.605249917,0.617178284,0.682568755,0.685520007,0.686277306,0.709390614,0.732019019,0.709603626,0.755773754,0.711132122,0.704056286,0.718650203,0.829200056,0.893678452,0.925085354,0.906544248,0.894713816,0.919284765,0.851791638,0.87070417,1,0.98872078,0.989910181,0.987191184,1.04145157,NaN
ZWE,0.516414834,1.016517805,0.980176066,0.929609338,0.90253186,0.851552006,1.024933387,1.001701282,1.051738812,1.023077976,1.082043285,1.075906816,0.930463849,0.963440078,0.979539596,0.789885214,0.744605807,0.78896235,0.771743575,0.835125098,0.902389595,0.942787901,1.010195931,1.044766872,0.962401042,0.99998364,0.977359773,1,1.096437957,1.074118793,1.112147904,1.27904102,NaN