Labour Force Participation Ratio [65+],1990,1991,1992,1993,1994,1995,1996,1997,1998,1999,2000,2001,2002,2003,2004,2005,2006,2007,2008,2009,2010,2011,2012,2013,2014,2015,2016,2017,2018,2019,2020,2021,2022
AFG,NaN,23.534,23.542,23.585,23.626,23.613,23.764,23.896,23.985,24.038,24.083,24.027,23.915,23.772,23.609,23.413,23.501,23.638,23.771,23.847,23.904,23.729,23.462,22.835,22.204,21.586,20.983,20.385,19.795,19.194,18.683,19.14,18.064
ALB,NaN,10.665,11.311,10.451,9.778,8.862,8.302,9.037,8.482,7.786,7.448,7.074,6.915,6.656,6.413,6.182,5.946,5.715,5.459,4.79,5.01,10.77,13.145,10.319,9.071,8.692,10.42,12.603,14.677,15.798,14.564,17.352,15.74
DZA,NaN,8.158,8.12,8.369,8.501,8.236,7.977,7.925,7.562,7.285,6.979,6.715,6.328,5.888,5.618,5.298,5.196,5.037,4.94,4.892,5.549,5.027,4.542,4.233,3.595,3.657,3.654,3.713,3.78,3.857,3.673,3.626,4.119
ASM,NaN,NaN,NaN,NaN,NaN,NaN,NaN,NaN,NaN,NaN,NaN,NaN,NaN,NaN,NaN,NaN,NaN,NaN,NaN,NaN,NaN,NaN,NaN,NaN,NaN,NaN,NaN,NaN,NaN,NaN,NaN,NaN,NaN
AND,NaN,NaN,NaN,NaN,NaN,NaN,NaN,NaN,NaN,NaN,NaN,NaN,NaN,NaN,NaN,NaN,NaN,NaN,NaN,NaN,NaN,NaN,NaN,NaN,NaN,NaN,NaN,NaN,NaN,NaN,NaN,NaN,NaN
AGO,NaN,67.499,68.148,70.257,70.396,69.681,69.098,68.898,68.858,68.979,69.037,69.058,68.448,68.516,68.041,67.293,66.792,66.106,65.581,65.752,65.645,67.051,65.837,64.6,63.346,62.088,60.831,59.579,58.332,57.091,56.565,57.111,59.268
AIA,NaN,NaN,NaN,NaN,NaN,NaN,NaN,NaN,NaN,NaN,NaN,NaN,NaN,NaN,NaN,NaN,NaN,NaN,NaN,NaN,NaN,NaN,NaN,NaN,NaN,NaN,NaN,NaN,NaN,NaN,NaN,NaN,NaN
ATG,NaN,NaN,NaN,NaN,NaN,NaN,NaN,NaN,NaN,NaN,NaN,NaN,NaN,NaN,NaN,NaN,NaN,NaN,NaN,NaN,NaN,NaN,NaN,NaN,NaN,NaN,NaN,NaN,NaN,NaN,NaN,NaN,NaN
ARG,NaN,15.564,15.817,16.085,16.283,16.183,16.356,16.608,16.711,16.551,16.479,16.277,15.846,16.073,16.309,17.549,17.525,16.149,14.86,15.525,15.034,15.103,14.036,14.146,15.35,15.449,15.541,15.631,15.887,16.999,13.927,14.634,17.1
ARM,NaN,7.635,7.669,7.699,7.723,7.745,7.763,7.775,7.782,7.785,7.789,7.791,7.789,7.782,7.774,7.764,7.749,7.729,7.578,7.817,7.739,7.63,7.495,7.435,7.371,7.316,7.31,7.196,7.12,7.02,6.63,6.817,7.042
ABW,NaN,NaN,NaN,NaN,NaN,NaN,NaN,NaN,NaN,NaN,NaN,NaN,NaN,NaN,NaN,NaN,NaN,NaN,NaN,NaN,NaN,NaN,NaN,NaN,NaN,NaN,NaN,NaN,NaN,NaN,NaN,NaN,NaN
AUS,NaN,5.211,5.182,4.722,5.272,5.532,5.563,5.881,5.922,5.77,6.039,6.128,6.407,6.308,6.529,7.389,7.843,8.831,9.352,10.216,10.774,11.173,11.981,12.093,12.361,12.251,12.619,12.991,13.968,14.71,14.134,14.931,14.779
AUT,NaN,1.144,1.241,1.237,4.07,3.941,3.428,2.979,3.084,2.832,2.984,2.9,2.784,2.521,2.104,2.889,3.344,4.481,4.804,5.278,5.196,5.009,4.978,5.117,5.297,5.347,5.077,4.875,4.974,4.692,4.522,4.56,5.157
AZE,NaN,10.084,12.045,14.892,18.212,20.737,20.843,20.142,18.826,17.924,16.548,15.135,13.652,14.158,9.642,10.374,8.23,7.639,8.66,7.623,6.818,6.204,5.748,4.831,3.966,5.903,6.202,6.145,6.251,6.241,5.802,5.716,5.727
BHS,NaN,22.861,21.784,20.758,19.77,19.759,19.753,19.757,19.767,19.833,19.912,19.987,20.048,20.081,20.091,20.098,20.125,20.152,20.179,20.181,20.186,20.288,20.396,20.481,20.563,20.639,20.738,20.818,20.897,20.997,19.502,20.551,20.789
BHR,NaN,19.664,19.899,20.129,20.378,20.632,20.882,21.11,21.316,21.521,21.71,21.873,22.018,22.147,22.299,22.5,22.738,23.009,23.311,23.65,24.08,24.004,23.89,24.145,24.593,24.63,24.744,24.837,25.494,26.017,25.523,26.257,25.505
BGD,NaN,43.301,43.028,42.713,42.368,42.008,41.813,41.593,41.357,41.111,40.851,40.662,40.426,40.158,39.871,39.575,39.399,38.881,38.361,37.847,37.336,36.822,36.31,35.797,35.276,34.759,34.254,31.324,30.919,30.556,30.274,30.444,29.062
BRB,NaN,7.683,7.743,6.982,6.298,6.113,4.237,4.253,4.619,5.032,5.548,6.112,6.523,7.168,7.973,8.306,8.428,8.806,9.15,9.557,9.98,10.419,10.003,12.474,9.291,11.166,13.376,12.599,13.92,11.463,11.23,11.799,11.791
BLR,NaN,2.483,2.652,2.81,3.072,3.332,3.266,3.021,2.856,2.789,3.17,3.547,3.895,4.181,4.37,4.589,4.798,5.033,5.252,5.601,5.854,6.14,6.472,6.818,7.161,7.573,7.976,8.303,8.621,8.953,9.039,9.642,10.022
BEL,NaN,1.043,1.305,1.305,1.345,1.475,1.471,1.162,0.953,1.912,1.571,1.323,1.212,1.593,1.262,2.018,1.729,1.756,1.779,1.7,2.05,2.051,2.342,2.332,2.301,2.58,2.239,2.572,2.784,3.014,2.96,2.818,3.223
BLZ,NaN,29.345,29.257,29.243,29.237,29.648,30.002,30.299,29.732,29.932,29.799,29.691,29.6,29.52,29.457,29.403,29.355,29.31,29.269,29.238,29.207,29.168,29.128,29.091,28.116,28.809,29.509,31.909,29.251,26.643,23.507,21.701,21.904
BEN,NaN,62.15,62.159,61.82,61.494,61.207,60.932,60.668,60.412,60.166,59.929,59.699,59.473,59.524,59.591,59.667,59.756,59.855,59.969,60.117,60.277,60.416,59.319,58.213,57.102,55.998,54.908,53.833,52.781,52.272,51.692,51.008,51.033
BTN,NaN,41.251,41.637,41.996,42.344,42.712,42.75,42.719,42.626,42.525,42.405,42.253,41.992,41.621,41.175,40.659,40.373,40.078,39.781,39.463,40.415,43.4,36.572,39.411,39.532,33.575,34.293,35.011,35.752,39.959,41.29,44.222,43.047
BOL,NaN,55.318,55.284,55.48,55.724,55.96,56.162,56.405,55.611,54.811,52.35,52.788,53.214,53.643,54.075,54.508,53.784,57.598,54.91,53.727,52.358,50.987,48.842,52.091,52.474,49.651,48.58,51.325,53.781,49.316,45.389,41.334,42.143
BES,NaN,NaN,NaN,NaN,NaN,NaN,NaN,NaN,NaN,NaN,NaN,NaN,NaN,NaN,NaN,NaN,NaN,NaN,NaN,NaN,NaN,NaN,NaN,NaN,NaN,NaN,NaN,NaN,NaN,NaN,NaN,NaN,NaN
BIH,NaN,6.541,6.358,6.224,6.15,6.132,6.134,6.142,6.159,6.188,6.22,6.278,6.122,5.968,5.812,5.658,5.505,5.767,5.27,4.09,4.512,3.566,4.903,4.115,4.659,4.262,4.119,5.149,4.688,6.765,5.119,8.808,8.983
BWA,NaN,32.719,32.487,32.271,31.929,31.368,30.919,30.284,30.04,32.934,35.969,35.459,34.946,34.423,33.88,33.325,32.758,32.15,31.542,30.935,30.103,29.929,29.754,29.592,29.453,29.341,29.247,29.164,29.089,29.029,26.873,26.155,25.404
BRA,NaN,19.551,18.788,18.054,17.346,16.663,14.734,15.831,15.828,15.836,17.35,18.975,18.805,18.692,18.01,18.351,19.093,17.731,17.684,17.047,15.577,14.208,14.589,14.316,13.94,14.132,13.854,14.432,14.984,15.592,12.828,12.734,14.348
VGB,NaN,NaN,NaN,NaN,NaN,NaN,NaN,NaN,NaN,NaN,NaN,NaN,NaN,NaN,NaN,NaN,NaN,NaN,NaN,NaN,NaN,NaN,NaN,NaN,NaN,NaN,NaN,NaN,NaN,NaN,NaN,NaN,NaN
BRN,NaN,18.622,17.073,15.672,14.386,13.207,12.125,11.128,10.205,9.347,8.549,7.809,7.838,7.861,7.875,7.879,7.871,7.855,7.831,7.8,7.766,7.744,7.665,7.593,7.531,7.479,7.434,7.394,13.447,11.775,10.3,9.596,9.249
BGR,NaN,4.739,4.905,4.624,4.35,4.089,3.841,3.604,3.385,3.172,2.978,2.695,3.194,4.277,3.493,2.53,2.74,3.073,3.779,3.362,3.012,2.902,2.952,3.496,4.038,4.238,4.43,5.452,5.868,6.709,6.675,6.224,6.758
BFA,NaN,57.98,58.134,57.991,57.987,57.612,56.956,56.606,56.141,55.646,55.571,55.222,55.003,54.474,54.173,53.539,53.188,51.535,49.877,48.212,46.544,44.878,43.215,41.556,39.909,39.71,39.39,39.048,38.667,38.34,37.97,38.16,38.014
BDI,NaN,74.985,74.061,73.086,72.115,71.139,70.108,69.063,68.005,67.574,67.138,66.7,66.26,65.82,65.381,64.94,64.495,64.048,63.603,63.168,62.728,62.272,61.817,61.363,60.907,62.61,64.104,65.523,66.857,68.148,68.736,70.304,69.75
CPV,NaN,30.558,29.619,28.689,27.772,26.872,25.99,25.124,24.272,23.431,22.612,21.817,21.038,20.273,19.521,18.785,18.07,17.377,16.706,16.055,15.372,14.694,14.037,13.402,12.791,12.202,11.634,11.091,9.764,8.227,7.903,7.646,8.338
KHM,NaN,31.818,31.579,31.356,31.649,31.517,31.46,31.084,30.715,30.392,30.132,29.895,29.685,29.479,29.234,28.934,28.605,28.278,27.95,27.624,27.307,27.006,26.72,28.002,29.349,30.754,32.212,33.73,35.303,36.934,36.633,38.591,37.517
CMR,NaN,70.014,70.476,71.278,71.32,71.25,71.13,70.936,70.775,70.615,70.505,70.363,70.225,70.052,69.702,69.683,69.571,69.325,67.033,64.62,62.079,61.792,61.475,61.138,60.786,60.375,60.035,59.764,59.464,59.196,58.58,58.815,59.435
CAN,NaN,6.726,6.539,6.239,6.61,6.239,6.182,6.374,6.524,6.241,6.071,6.115,6.756,7.557,7.726,8.197,8.315,8.936,10.101,10.54,11.374,11.867,12.499,13.035,13.473,13.493,13.788,14.265,14.066,14.916,13.851,14.064,14.289
CYM,NaN,NaN,NaN,NaN,NaN,NaN,NaN,NaN,NaN,NaN,NaN,NaN,NaN,NaN,NaN,NaN,NaN,NaN,NaN,NaN,NaN,NaN,NaN,NaN,NaN,NaN,NaN,NaN,NaN,NaN,NaN,NaN,NaN
CAF,NaN,64.22,64.786,64.885,64.688,64.339,64.868,64.767,64.717,64.751,65.226,65.294,65.375,66.08,65.937,66.114,66.086,66.049,66.152,65.757,65.573,65.539,65.431,68.879,69.194,69.274,69.23,69.199,69.218,69.261,68.742,69.652,69.846
TCD,NaN,71.213,70.912,72.47,72.036,71.542,70.974,70.35,69.748,69.196,68.632,68.054,67.501,66.979,66.466,65.949,65.462,65.024,64.556,64.013,63.47,62.975,62.476,61.936,61.363,60.782,60.213,59.616,58.976,58.822,58.301,58.488,59.914
CHL,NaN,17.672,17.96,18.121,18.236,18.472,18.649,18.604,19.21,17.723,17.177,16.251,15.741,16.557,16.707,17.631,18.629,18.879,19.105,18.876,19.785,22.172,21.968,22.247,22.818,23.053,23.538,23.914,23.543,24.309,18.633,18.367,19.848
CHN,NaN,19.723,20.275,20.831,21.382,21.941,22.515,23.108,23.718,24.347,25.009,24.576,24.17,23.78,23.39,23.009,22.624,22.221,21.822,21.426,21.025,21.132,21.079,21.026,20.992,20.931,20.868,20.835,20.863,20.937,20.469,21.184,21.459
HKG,NaN,NaN,NaN,NaN,NaN,NaN,NaN,NaN,NaN,NaN,NaN,NaN,NaN,NaN,NaN,NaN,NaN,NaN,NaN,NaN,NaN,NaN,NaN,NaN,NaN,NaN,NaN,NaN,NaN,NaN,NaN,NaN,NaN
MAC,NaN,NaN,NaN,NaN,NaN,NaN,NaN,NaN,NaN,NaN,NaN,NaN,NaN,NaN,NaN,NaN,NaN,NaN,NaN,NaN,NaN,NaN,NaN,NaN,NaN,NaN,NaN,NaN,NaN,NaN,NaN,NaN,NaN
COL,NaN,28.051,28.104,28.237,28.405,28.558,28.564,28.656,28.611,28.32,28.406,28.432,27.931,28.271,27.339,26.373,25.115,23.894,23.884,26.683,27.654,27.877,27.914,27.335,27.143,27.05,26.863,26.513,25.572,24.556,23.53,22.647,23.31
COM,NaN,35.752,35.415,35.4,35.934,35.803,36.009,35.819,35.787,35.587,34.709,34.474,34.273,34.146,33.938,33.458,32.986,32.498,31.991,31.467,30.936,30.407,29.888,29.383,28.894,28.736,28.474,28.087,27.622,27.218,26.758,26.792,26.929
COG,NaN,52.167,51.996,52.091,52.52,52.208,51.903,51.997,51.76,52.021,51.473,51.221,50.926,50.924,50.737,50.254,49.735,50.36,49.998,49.221,48.51,48.501,47.914,48.092,47.726,48.137,49.126,49.61,50.129,50.255,49.753,51.264,51.243
COK,NaN,NaN,NaN,NaN,NaN,NaN,NaN,NaN,NaN,NaN,NaN,NaN,NaN,NaN,NaN,NaN,NaN,NaN,NaN,NaN,NaN,NaN,NaN,NaN,NaN,NaN,NaN,NaN,NaN,NaN,NaN,NaN,NaN
CRI,NaN,20.785,17.001,17.565,17.676,18.871,16.853,19.81,19.142,20.943,17.074,18.278,16.73,16.195,16.153,16.963,16.809,16.515,17.559,14.696,14.66,19.452,25.249,23.737,23.234,22.843,19.152,19.323,22.182,24.102,19.655,19.768,17.966
CIV,NaN,58.498,58.89,59.237,59.447,59.012,58.635,58.569,58.296,57.01,55.681,54.328,52.956,51.599,50.269,48.956,47.655,46.368,45.093,43.83,42.585,41.358,40.157,38.972,37.785,36.606,35.444,34.299,33.177,32.077,31.78,30.932,31.315
HRV,NaN,10.246,9.886,9.527,9.168,8.836,8.518,8.195,7.872,7.547,7.222,6.92,6.645,6.765,7.278,6.581,6.399,5.265,5.943,6.38,5.459,5.485,4.975,3.946,3.197,3.315,2.902,2.78,2.955,3.498,3.177,3.376,3.936
CUB,NaN,5.959,5.948,5.96,5.924,5.888,5.832,5.802,5.792,5.766,5.751,5.757,5.778,5.794,5.807,5.803,5.8,5.813,5.833,6.43,6.118,6.229,6.239,6.244,6.255,6.255,6.278,6.306,6.342,6.394,6.058,6.254,6.499
CUW,NaN,NaN,NaN,NaN,NaN,NaN,NaN,NaN,NaN,NaN,NaN,NaN,NaN,NaN,NaN,NaN,NaN,NaN,NaN,NaN,NaN,NaN,NaN,NaN,NaN,NaN,NaN,NaN,NaN,NaN,NaN,NaN,NaN
CYP,NaN,9.613,9.475,9.557,9.636,9.729,9.838,9.963,10.101,10.246,10.389,10.848,11.036,12.51,10.739,11.585,10.237,11.063,12.546,12.46,12.986,11.261,9.565,8.219,7.239,6.888,7.209,7.429,8.172,9.011,8.66,10.114,10.672
CZE,NaN,5.963,5.965,5.964,5.825,5.576,5.445,5.074,4.776,4.583,4.098,3.958,3.976,3.934,3.737,3.857,4.11,4.46,4.547,4.921,4.759,4.64,4.729,5.151,4.972,5.704,6.319,6.422,7.205,7.27,6.944,6.859,6.993
PRK,NaN,30.147,30.197,30.252,30.31,30.382,30.445,30.543,30.594,30.592,30.656,30.702,30.785,30.869,30.95,31.008,31.078,31.117,31.124,31.179,31.241,31.292,31.349,31.417,31.467,31.529,31.51,31.521,31.568,31.602,31.118,31.626,31.8
COD,NaN,58.054,59.296,60.77,61.335,61.436,61.734,62.388,62.728,63.311,64.155,64.709,64.894,64.896,64.796,64.705,63.959,63.204,62.431,61.647,60.886,60.134,59.349,59.014,58.571,58.277,58.314,58.219,57.959,57.773,57.165,57.733,57.175
DNK,NaN,2.172,2.203,2.215,2.188,2.499,2.986,3.287,3.425,1.929,2.565,4.598,4.912,4.843,4.443,5.488,5.068,5.351,6.277,6.748,6.84,7.535,8.064,7.749,8.159,8.122,8.568,8.189,8.281,8.69,8.629,9.728,10.989
DJI,NaN,16.075,16.001,16.134,16.02,16.095,16.146,16.027,15.889,15.741,15.6,15.449,15.288,15.13,14.978,14.826,14.646,14.458,14.265,14.086,13.901,13.735,13.581,13.432,13.281,13.129,12.994,12.856,12.443,12.072,11.89,11.823,11.799
DMA,NaN,NaN,NaN,NaN,NaN,NaN,NaN,NaN,NaN,NaN,NaN,NaN,NaN,NaN,NaN,NaN,NaN,NaN,NaN,NaN,NaN,NaN,NaN,NaN,NaN,NaN,NaN,NaN,NaN,NaN,NaN,NaN,NaN
DOM,NaN,26.041,25.947,25.879,25.856,25.826,25.79,25.732,25.685,25.645,25.613,25.283,23.704,23.143,25.741,25.235,24.211,23.489,22.612,22.84,21.226,23.618,26.166,24.496,24.571,25.363,26.259,26.95,26.44,29.176,27.883,26.334,26.872
ECU,NaN,44.628,44.56,44.486,44.578,44.536,44.47,43.385,44.124,40.82,37.634,38.418,39.209,40.009,42.189,42.275,42.903,41.53,40.837,37.989,35.736,36.114,36.177,35.645,36.206,39.974,42.309,42.091,40.644,39.899,30.171,36.957,37.715
EGY,NaN,16.277,15.814,15.935,17.617,18.721,18.894,19.063,19.233,18.617,16.368,14.325,11.226,11.444,11.652,11.852,12.053,12.808,10.75,11.475,12.888,11.599,12.021,11.185,10.396,10.852,13.225,12.36,10.955,10.443,9.853,9.58,8.908
SLV,NaN,35.49,35.499,35.079,35.16,32.924,32.125,32.745,31.517,30.145,29.957,29.767,29.578,28.656,28.325,28.799,29.283,30.283,30.158,30.038,29.928,30.452,31.622,30.647,29.754,30.031,29.628,28.123,28.213,27.465,25.767,26.966,25.825
GNQ,NaN,34.659,34.628,34.595,34.449,34.171,33.761,33.242,32.713,32.273,32.033,31.968,31.917,31.931,32.006,32.097,32.015,31.865,31.688,31.454,31.122,30.722,30.186,29.655,29.168,28.714,28.415,28.078,27.781,27.539,26.286,26.683,28.018
ERI,NaN,54.616,54.365,53.987,53.153,53.372,52.662,51.825,51.311,50.901,50.849,49.642,48.93,48.71,48.255,47.714,48.018,48.152,49.119,49.14,49.269,49.18,49.457,50.541,49.036,50.791,50.177,50.799,49.96,49.602,49.069,50.081,49.419
EST,NaN,7.199,7.666,7.784,7.788,7.715,8.586,11.055,6.614,8.133,7.39,8.215,8.109,9.109,10.23,9.916,11.464,10.95,10.387,9.128,8.787,9.725,10.628,10.684,10.778,11.717,13.279,13.227,13.943,14.528,14.163,14.735,16.885
SWZ,NaN,27.155,26.869,26.615,26.462,26.122,25.87,25.556,25.206,24.843,24.557,24.38,24.055,23.781,23.523,23.12,22.695,22.353,22.193,21.967,21.587,21.258,20.734,20.282,20.002,19.703,19.341,19.005,18.695,18.396,18.185,18.289,18.188
ETH,NaN,63.496,64.472,63.854,63.877,63.407,62.949,62.505,62.071,61.645,61.232,60.831,60.437,60.047,59.655,59.265,58.467,57.667,56.865,56.057,55.233,54.391,53.533,52.666,51.869,51.053,50.338,49.597,49.043,48.38,47.878,48.094,47.116
FLK,NaN,NaN,NaN,NaN,NaN,NaN,NaN,NaN,NaN,NaN,NaN,NaN,NaN,NaN,NaN,NaN,NaN,NaN,NaN,NaN,NaN,NaN,NaN,NaN,NaN,NaN,NaN,NaN,NaN,NaN,NaN,NaN,NaN
FRO,NaN,NaN,NaN,NaN,NaN,NaN,NaN,NaN,NaN,NaN,NaN,NaN,NaN,NaN,NaN,NaN,NaN,NaN,NaN,NaN,NaN,NaN,NaN,NaN,NaN,NaN,NaN,NaN,NaN,NaN,NaN,NaN,NaN
FJI,NaN,36.097,36.125,36.124,36.181,36.226,36.319,35.964,35.619,35.269,34.895,34.481,34.038,33.575,33.092,31.68,33.003,34.355,35.738,37.15,38.595,40.085,34.454,29.255,24.567,25.312,26.086,26.112,26.148,26.176,25.577,25.053,26.188
FIN,NaN,2.668,2.719,2.629,2.517,2.468,2.501,2.299,2.122,1.937,2.29,2.177,2.198,2.519,2.049,2.78,3.214,3.81,3.858,3.783,4.091,4.743,5.297,5.223,5.801,6.285,6.141,6.161,6.413,6.594,6.352,8.724,9.465
FRA,NaN,1.973,1.884,1.883,1.642,1.54,1.57,1.298,1.275,1.082,1.061,1.051,1.12,1.102,1.061,1.273,1.173,1.502,1.563,1.585,1.785,2.317,2.578,2.624,2.834,3.071,3.335,3.477,3.444,3.757,3.785,3.995,4.47
GUF,NaN,NaN,NaN,NaN,NaN,NaN,NaN,NaN,NaN,NaN,NaN,NaN,NaN,NaN,NaN,NaN,NaN,NaN,NaN,NaN,NaN,NaN,NaN,NaN,NaN,NaN,NaN,NaN,NaN,NaN,NaN,NaN,NaN
PYF,NaN,8.546,8.514,8.482,8.459,8.444,8.442,7.805,7.215,6.674,6.178,5.721,5.297,5.436,5.581,5.724,5.858,5.971,6.08,6.2,6.322,6.449,6.586,6.6,6.616,6.645,6.679,6.722,6.77,6.822,6.811,6.995,7.003
GAB,NaN,23.74,24.156,24.134,24.088,23.929,23.828,23.567,23.396,23.939,24.023,23.833,23.758,23.522,23.369,23.107,23.057,22.53,22.548,22.4,21.914,21.407,21.022,20.655,20.389,20.17,20.236,20.376,20.49,20.436,19.224,19.589,20.514
GMB,NaN,46.805,47.098,47.276,46.586,45.945,45.338,44.74,44.156,43.577,43.011,42.451,41.915,41.283,40.584,39.915,39.255,38.595,37.936,37.283,36.636,36.039,35.412,35.734,36.06,36.391,36.732,37.081,37.445,37.158,36.919,37.274,37.233
GEO,NaN,49.838,51.381,53.111,55.017,53.924,51.367,49.063,48.14,48.166,50.098,51.232,48.778,49.288,48.718,47.529,44.604,43.44,40.649,38.072,36.291,36.575,39.153,39.025,39.638,40.272,41.921,39.646,37.495,38.204,39.88,41.128,38.108
DEU,NaN,2.637,2.658,2.634,2.499,2.508,2.654,2.711,2.612,2.592,2.538,2.734,2.809,2.721,2.855,3.405,3.471,3.714,3.967,4.078,4.016,4.606,4.963,5.417,5.791,6.076,6.672,7.101,7.498,7.935,7.466,7.545,8.554
GHA,NaN,63.767,63.449,63.166,62.885,62.597,62.302,61.983,61.628,61.215,60.736,59.718,58.625,57.46,56.257,55.027,53.785,52.526,51.235,49.95,48.69,47.44,46.207,45.008,43.851,42.732,42.516,42.001,41.613,41.221,40.923,40.794,41.159
GIB,NaN,NaN,NaN,NaN,NaN,NaN,NaN,NaN,NaN,NaN,NaN,NaN,NaN,NaN,NaN,NaN,NaN,NaN,NaN,NaN,NaN,NaN,NaN,NaN,NaN,NaN,NaN,NaN,NaN,NaN,NaN,NaN,NaN
GRC,NaN,7.042,7.534,6.955,7.448,7.292,7.525,6.696,6.231,5.468,5.216,4.766,4.615,4.741,3.883,4.049,4.222,4.176,4.144,4.077,3.816,3.485,2.747,2.642,2.838,3.009,3.123,3.376,3.64,4.055,4.43,4.854,5.027
GRD,NaN,NaN,NaN,NaN,NaN,NaN,NaN,NaN,NaN,NaN,NaN,NaN,NaN,NaN,NaN,NaN,NaN,NaN,NaN,NaN,NaN,NaN,NaN,NaN,NaN,NaN,NaN,NaN,NaN,NaN,NaN,NaN,NaN
GLP,NaN,NaN,NaN,NaN,NaN,NaN,NaN,NaN,NaN,NaN,NaN,NaN,NaN,NaN,NaN,NaN,NaN,NaN,NaN,NaN,NaN,NaN,NaN,NaN,NaN,NaN,NaN,NaN,NaN,NaN,NaN,NaN,NaN
GUM,NaN,24.045,23.953,23.851,23.764,23.674,23.596,23.535,23.458,23.386,23.342,22.639,21.624,21.447,21.341,20.648,21.387,20.369,21.158,21.932,21.532,22.271,22.435,22.598,22.765,22.915,23.052,23.196,23.311,23.472,23.258,24.019,23.847
GTM,NaN,45.66,45.656,45.666,45.671,45.663,45.681,45.678,45.665,45.656,45.644,45.639,45.612,45.596,45.57,44.971,44.365,43.756,43.142,42.529,41.919,39.435,39.21,36.155,38.111,36.34,36.33,38.206,37.008,34.577,34.14,34.984,35.744
GGY,NaN,NaN,NaN,NaN,NaN,NaN,NaN,NaN,NaN,NaN,NaN,NaN,NaN,NaN,NaN,NaN,NaN,NaN,NaN,NaN,NaN,NaN,NaN,NaN,NaN,NaN,NaN,NaN,NaN,NaN,NaN,NaN,NaN
GIN,NaN,39.26,39.343,39.262,39.22,39.107,39.091,39.011,39.015,38.97,38.987,39.067,39.011,39.173,39.342,39.529,39.734,39.938,40.132,40.312,40.469,40.6,40.704,40.767,40.783,40.778,40.753,40.69,40.6,40.501,39.951,40.186,39.147
GNB,NaN,45.993,46.215,46.31,46.248,46.027,45.4,45.027,47.59,47.536,47.131,46.926,46.941,46.828,46.523,46.057,45.776,45.414,45.067,44.731,44.334,43.771,43.955,43.772,43.775,43.407,43.075,42.751,42.752,42.481,42.07,42.416,42.559
GUY,NaN,23.889,23.689,23.492,22.096,20.758,19.48,18.264,17.11,16.019,14.988,14.019,13.109,13.289,13.481,13.68,13.89,14.109,14.334,14.566,14.804,15.047,15.291,15.533,15.776,16.018,16.253,16.482,16.672,14.826,14.712,14.928,14.868
HTI,NaN,51.458,51.024,50.6,50.186,49.781,49.306,48.844,48.388,47.923,47.442,47.563,47.668,47.754,47.823,47.875,48.155,48.267,48.458,48.506,48.874,48.707,48.532,48.338,48.14,47.957,47.79,47.634,47.491,47.374,46.892,47.7,47.346
VAT,NaN,NaN,NaN,NaN,NaN,NaN,NaN,NaN,NaN,NaN,NaN,NaN,NaN,NaN,NaN,NaN,NaN,NaN,NaN,NaN,NaN,NaN,NaN,NaN,NaN,NaN,NaN,NaN,NaN,NaN,NaN,NaN,NaN
HND,NaN,42.661,42.633,42.603,42.607,42.575,42.559,42.521,42.48,42.453,41.324,41.093,40.86,40.624,40.384,40.141,37.784,37.65,37.678,40.636,38.928,37.825,34.281,39.285,37.933,39.013,34.898,41.379,40.286,38.643,36.784,38.743,38.629
HUN,NaN,2.19,2.205,2.206,2.186,2.176,2.173,1.608,1.524,1.527,1.757,1.182,1.346,1.597,1.665,1.509,1.552,1.86,1.914,1.91,1.931,2.154,2.168,2.017,1.859,2.065,2.44,2.694,3.255,4.148,4.507,5.699,6.5
ISL,NaN,30.565,31.039,27.956,26.209,25.511,25.87,24.947,24.38,24.648,22.2,20.918,21.692,21.247,20.807,20.355,20.067,20.306,21.261,21.255,21.967,20.546,20.392,21.27,22.747,23.776,24.714,23.431,23.229,21.487,21.48,22.179,21.508
IND,NaN,29.307,29.237,29.135,28.998,28.961,28.93,28.903,28.879,28.859,28.844,28.613,28.389,28.17,27.955,27.742,27.804,27.862,27.915,27.961,28.002,27.808,27.611,26.875,26.184,25.561,25.01,24.509,24.03,23.54,22.726,21.905,22.802
IDN,NaN,39.12,41.274,41.096,39.728,40.943,42.164,43.011,43.871,42.902,44.297,42.298,40.65,41.543,42.468,38.719,38.449,41.128,40.909,41.024,40.949,39.204,39.173,38.857,39.649,39.922,39.837,41.367,42.5,44.02,44.492,42.521,46.508
IRN,NaN,34.4,33.392,32.418,31.489,30.595,29.731,28.801,27.886,26.969,26.044,25.105,24.166,23.225,22.279,21.346,20.161,18.527,16.348,17.092,14.496,12.919,12.624,12.1,10.89,11.188,11.104,11.466,11.748,11.075,9.457,8.824,8.774
IRQ,NaN,25.206,24.055,23.779,23.487,22.991,22.645,21.86,20.384,18.978,17.644,16.381,15.187,14.067,13.02,12.041,11.131,10.285,10.233,10.178,10.117,10.052,9.982,10.271,10.571,11.841,13.233,12.461,11.577,10.1,8.518,7.743,8.616
IRL,NaN,9.092,9.573,8.895,8.34,8.628,8.814,8.7,8.184,8.133,8.122,7.928,8.309,8.093,7.77,8.054,8.449,9.392,9.573,9.075,9.128,9.087,9.154,9.44,9.624,10.357,10.59,10.698,11.581,12.134,12.68,13.808,13.44
IMN,NaN,NaN,NaN,NaN,NaN,NaN,NaN,NaN,NaN,NaN,NaN,NaN,NaN,NaN,NaN,NaN,NaN,NaN,NaN,NaN,NaN,NaN,NaN,NaN,NaN,NaN,NaN,NaN,NaN,NaN,NaN,NaN,NaN
ISR,NaN,12.649,12.333,12.573,12.341,12.664,11.512,10.531,10.413,9.888,9.463,10.342,10.475,10.406,10.625,11.311,11.119,10.963,11.846,12.669,13.606,14.564,17.723,18.563,19.167,19.769,21.696,21.821,23.112,22.8,22.256,21.503,21.983
ITA,NaN,4.481,3.802,3.766,3.566,3.434,3.581,3.501,3.129,3.232,3.093,3.18,3.269,3.287,3.468,3.165,3.305,3.292,3.412,3.202,3.181,3.214,3.446,3.538,3.722,3.865,4.016,4.447,4.81,5.101,5.09,5.267,5.114
JAM,NaN,35.174,34.437,33.736,33.051,32.381,31.723,31.078,30.444,29.841,29.233,28.627,28.017,27.406,27.886,28.248,28.624,29.018,29.428,29.703,28.562,25.056,25.727,26.759,27.895,29.124,28.357,29.396,29.302,29.713,28.641,29.964,29.461
JPN,NaN,25.332,25.485,24.933,24.877,24.64,24.246,24.317,23.91,23.547,22.75,21.68,20.767,20.104,19.84,19.841,19.963,20.182,20.227,20.122,19.859,19.704,20.033,20.592,21.364,22.182,22.869,23.524,24.782,25.491,25.671,25.787,25.844
JEY,NaN,NaN,NaN,NaN,NaN,NaN,NaN,NaN,NaN,NaN,NaN,NaN,NaN,NaN,NaN,NaN,NaN,NaN,NaN,NaN,NaN,NaN,NaN,NaN,NaN,NaN,NaN,NaN,NaN,NaN,NaN,NaN,NaN
JOR,NaN,10.512,9.589,9.528,9.369,9.033,9.088,8.971,8.836,8.659,8.428,7.166,8.537,6.971,7.256,7.54,6.489,7.104,6.214,6.622,6.575,5.502,5.419,4.348,4.397,4.724,5.089,5.473,4.534,3.136,3.044,3.519,3.224
KAZ,NaN,14.447,14.812,15.482,16.456,17.067,16.916,16.62,16.578,16.224,15.476,14.667,14.198,11.666,9.584,9.094,8.715,8.402,8.08,7.741,7.334,6.945,6.592,6.248,5.929,5.635,5.347,5.05,4.761,4.482,4.168,4.248,4.169
KEN,NaN,55.318,55.36,55.315,55.131,54.847,54.608,54.616,54.469,54.377,55.32,56.257,57.184,58.092,58.966,59.799,60.584,61.331,62.053,62.754,63.445,64.132,64.815,65.513,66.235,66.974,67.749,67.196,66.519,65.922,65.306,66.784,65.27
KIR,NaN,NaN,NaN,NaN,NaN,NaN,NaN,NaN,NaN,NaN,NaN,NaN,NaN,NaN,NaN,NaN,NaN,NaN,NaN,NaN,NaN,NaN,NaN,NaN,NaN,NaN,NaN,NaN,NaN,NaN,NaN,NaN,NaN
KWT,NaN,14.152,13.545,13.502,13.27,12.023,11.795,11.664,11.549,11.445,11.344,11.229,11.085,10.902,11.863,12.89,14.044,15.283,16.564,17.872,19.148,20.655,22.501,24.494,26.692,29.645,32.419,35.654,36.959,38.125,35.793,39.283,37.611
KGZ,NaN,23.116,25.77,29.08,34.34,36.096,34.659,32.602,32.385,31.801,30.796,29.842,30.079,28.887,27.785,28.078,27.694,26.293,24.968,24.577,24.739,22.878,19.137,17.575,19.402,21.734,22.651,20.279,20.179,20.776,21.424,21.676,22.06
LAO,NaN,22.609,22.614,22.621,22.644,22.661,22.68,22.711,22.73,22.778,22.818,22.862,22.912,22.966,23.025,23.08,23.136,23.18,23.221,23.255,23.295,23.325,23.351,23.374,23.395,23.404,23.402,23.403,23.401,23.399,23.177,23.398,23.342
LVA,NaN,6.3,7.497,7.956,7.842,7.865,7.756,9.602,8.655,9.15,6.745,6.845,7.876,6.779,9.633,8.746,10.934,11.47,12.358,8.688,6.118,5.757,6.615,7.633,7.035,7.674,8.316,8.992,9.796,10.717,10.828,12.598,13.707
LBN,NaN,22.349,20.276,19.264,18.585,17.993,16.729,16.701,16.25,16.443,16.536,16.564,16.742,16.938,16.518,15.585,14.696,13.845,13.817,13.788,13.762,13.743,13.73,13.722,13.718,13.763,13.871,14.01,14.178,14.375,13.18,13.962,14.746
LSO,NaN,60.385,59.861,59.561,59.061,58.728,58.301,57.99,57.815,57.685,56.752,55.807,54.854,53.898,52.934,51.938,50.905,49.811,48.671,47.518,46.325,45.104,43.863,42.606,42.171,41.616,41.151,41.13,40.992,40.824,40.33,40.431,41.986
LBR,NaN,61.944,64.8,67.372,68.995,69.513,69.131,64.716,63.388,62.416,60.815,60.85,60.688,63.272,63.098,62.828,62.471,62.064,61.823,61.69,61.468,61.081,60.659,60.157,60.192,60.28,60.514,60.45,60.473,60.757,60.461,61.082,60.997
LBY,NaN,5.583,5.43,5.284,5.151,5.029,4.914,4.81,4.71,4.607,4.524,4.455,4.372,4.277,4.179,4.081,3.983,3.888,3.804,3.727,3.653,3.6,3.558,3.53,3.507,3.488,3.461,3.434,3.405,3.375,3.279,3.322,3.399
LIE,NaN,NaN,NaN,NaN,NaN,NaN,NaN,NaN,NaN,NaN,NaN,NaN,NaN,NaN,NaN,NaN,NaN,NaN,NaN,NaN,NaN,NaN,NaN,NaN,NaN,NaN,NaN,NaN,NaN,NaN,NaN,NaN,NaN
LTU,NaN,9.242,8.656,8.113,7.598,7.116,6.664,6.24,5.843,6.424,7.934,6.208,5.175,6.39,4.363,3.939,4.55,5.403,5.723,5.215,4.411,5.185,5.807,5.334,5.8,6.359,8.081,9.007,9.368,9.856,10.983,10.624,11.787
LUX,NaN,1.712,2.501,1.938,2.122,1.736,1.564,1.871,1.502,1.209,1.595,1.441,1.283,1.437,1.311,1.195,1.096,1.005,0.921,3.748,3.433,3.642,3.506,3.911,4.214,3.216,1.45,2.628,1.963,2.358,2.87,4.817,3.844
MDG,NaN,65.009,65.043,64.993,65.069,65.031,65.027,64.916,64.785,64.596,64.409,64.177,65.101,64.587,64.309,64.042,64.008,63.977,63.952,63.935,63.925,63.921,63.924,63.93,63.949,63.978,63.718,63.473,63.282,63.013,62.409,63.6,63.549
MWI,NaN,80.581,81.233,80.589,81.467,80.532,80.36,80.481,80.594,80.769,81.021,81.72,81.849,81.661,81.479,81.426,79.439,77.283,74.927,72.39,69.727,66.954,65.206,63.431,61.628,59.804,57.96,56.104,55.792,55.418,54.786,55.051,55.406
MYS,NaN,26.313,26.279,26.258,26.239,26.218,26.193,26.153,26.062,26.033,26.052,26.079,26.147,26.228,26.314,26.395,26.484,26.587,26.689,26.761,26.824,26.825,26.834,26.845,26.869,26.883,26.887,26.898,26.9,26.901,25.758,26.601,26.835
MDV,NaN,37.355,37.724,38.097,38.49,38.903,39.325,39.766,40.238,40.748,41.307,40.152,38.987,37.804,36.604,35.382,34.144,32.874,31.555,30.204,29.294,28.368,27.451,26.562,25.736,24.971,24.241,22.908,21.627,20.401,19.423,19.203,20.55
MLI,NaN,41.755,42.305,42.33,42.281,42.423,42.184,42.053,41.668,41.403,41.586,40.678,40.657,40.177,40.255,39.946,39.879,39.88,39.764,39.623,39.414,39.458,39.785,39.842,39.516,34.843,33.988,33.153,34.657,36.132,37.513,37.784,38.807
MLT,NaN,2.81,2.744,2.683,2.566,2.441,2.417,2.356,2.286,2.253,1.964,2.096,2.259,2.193,2.237,2.234,2.223,1.976,1.932,2.819,3.598,3.438,3.861,4.275,5.337,5.079,4.414,4.411,4.711,6.054,6.03,7.501,7.445
MHL,NaN,NaN,NaN,NaN,NaN,NaN,NaN,NaN,NaN,NaN,NaN,NaN,NaN,NaN,NaN,NaN,NaN,NaN,NaN,NaN,NaN,NaN,NaN,NaN,NaN,NaN,NaN,NaN,NaN,NaN,NaN,NaN,NaN
MTQ,NaN,NaN,NaN,NaN,NaN,NaN,NaN,NaN,NaN,NaN,NaN,NaN,NaN,NaN,NaN,NaN,NaN,NaN,NaN,NaN,NaN,NaN,NaN,NaN,NaN,NaN,NaN,NaN,NaN,NaN,NaN,NaN,NaN
MRT,NaN,32.79,32.735,32.366,32.638,31.995,31.656,32.039,31.921,31.735,32.09,32.09,31.928,31.385,31.004,30.386,29.198,29.315,29.319,29.281,29.061,28.744,28.404,27.432,26.48,25.551,24.647,23.767,23.694,23.415,23.221,22.923,23.739
MUS,NaN,11.071,10.824,10.651,10.497,10.278,9.763,9.279,8.827,8.405,8.007,7.54,7.839,11.177,7.561,8.108,7.759,7.574,8.05,8.154,9.187,7.815,9.266,9.654,10.575,10.271,10.195,10.847,9.205,8.91,6.766,4.922,5.397
MYT,NaN,NaN,NaN,NaN,NaN,NaN,NaN,NaN,NaN,NaN,NaN,NaN,NaN,NaN,NaN,NaN,NaN,NaN,NaN,NaN,NaN,NaN,NaN,NaN,NaN,NaN,NaN,NaN,NaN,NaN,NaN,NaN,NaN
MEX,NaN,30.616,30.554,30.511,30.436,30.495,30.434,30.371,30.325,30.305,30.258,30.257,30.241,30.06,29.746,29.667,29.503,28.859,28.876,28.12,27.816,27.089,27.438,27.26,27.199,28.016,27.465,27.305,27.508,27.383,22.653,24.207,25.137
FSM,NaN,NaN,NaN,NaN,NaN,NaN,NaN,NaN,NaN,NaN,NaN,NaN,NaN,NaN,NaN,NaN,NaN,NaN,NaN,NaN,NaN,NaN,NaN,NaN,NaN,NaN,NaN,NaN,NaN,NaN,NaN,NaN,NaN
MCO,NaN,NaN,NaN,NaN,NaN,NaN,NaN,NaN,NaN,NaN,NaN,NaN,NaN,NaN,NaN,NaN,NaN,NaN,NaN,NaN,NaN,NaN,NaN,NaN,NaN,NaN,NaN,NaN,NaN,NaN,NaN,NaN,NaN
MNG,NaN,16.666,16.526,16.431,16.373,16.347,16.299,16.249,16.185,16.117,16.049,16.005,15.981,15.975,16.06,16.13,16.195,16.249,15.98,13.086,12.557,13.111,11.11,9.384,10.49,8.793,10.061,10.945,10.632,13.722,12.437,12.046,11.723
MNE,NaN,3.266,3.313,3.329,3.289,3.236,3.192,3.163,3.104,3.233,3.194,3.192,3.184,3.17,3.129,3.088,3.004,2.941,2.88,2.933,2.91,2.886,3.512,2.939,4.184,6.292,6.642,7.218,8.603,9.306,8.466,9.87,9.262
MSR,NaN,NaN,NaN,NaN,NaN,NaN,NaN,NaN,NaN,NaN,NaN,NaN,NaN,NaN,NaN,NaN,NaN,NaN,NaN,NaN,NaN,NaN,NaN,NaN,NaN,NaN,NaN,NaN,NaN,NaN,NaN,NaN,NaN
MAR,NaN,27.596,28.622,29.305,27.336,29.125,26.718,27.469,26.179,26.263,26.139,24.839,24.406,23.503,22.826,22.434,21.278,20.857,20.026,19.389,18.842,18.098,18.141,17.712,17.373,16.809,16.631,15.771,15.621,15.58,15.228,15.366,15.369
MOZ,NaN,80.727,81.212,80.923,80.788,80.817,80.403,79.954,79.633,79.312,78.994,78.688,78.395,78.119,77.855,77.594,77.335,77.082,76.829,76.571,76.301,76.019,75.731,75.438,75.136,74.82,74.713,74.593,74.477,74.415,73.672,74.202,75.166
MMR,NaN,17.83,17.729,17.673,17.602,17.539,17.483,17.438,17.391,17.305,17.209,17.141,17.079,17.02,16.978,16.952,16.938,16.934,16.935,16.942,16.956,16.972,16.993,17.02,17.056,17.096,15.586,14.183,15.124,14.132,15.457,13.879,13.906
NAM,NaN,27.805,27.371,27.395,27.227,27.949,28.678,29.406,30.204,31.037,31.904,32.036,32.176,32.327,32.512,32.748,33.015,33.287,33.542,33.761,33.939,34.07,34.16,40.822,35.32,30.632,26.306,32.571,39.404,39.381,38.309,39.887,40.53
NRU,NaN,NaN,NaN,NaN,NaN,NaN,NaN,NaN,NaN,NaN,NaN,NaN,NaN,NaN,NaN,NaN,NaN,NaN,NaN,NaN,NaN,NaN,NaN,NaN,NaN,NaN,NaN,NaN,NaN,NaN,NaN,NaN,NaN
NPL,NaN,16.448,16.445,16.405,16.335,16.245,16.271,16.286,16.29,16.275,16.234,16.232,16.214,16.193,16.184,16.194,16.102,16.055,16.039,16.022,15.985,16.014,15.988,15.926,15.863,15.821,15.472,15.125,14.774,14.418,14.23,14.288,14.208
NLD,NaN,3.3,3.421,3.209,3.263,2.926,3.093,3.155,2.838,2.71,2.671,3.382,4.175,3.632,4.779,4.982,5.511,5.77,6.144,7.039,6.059,5.704,6.731,6.966,7.739,7.306,7.073,7.726,8.366,9.417,9.331,9.918,9.685
NCL,NaN,5.15,5.145,5.141,5.143,5.155,5.15,5.147,5.12,5.106,5.097,5.09,5.088,5.095,5.104,5.132,5.171,5.193,5.203,5.217,5.241,5.254,5.259,5.265,5.271,5.281,5.286,5.292,5.298,5.306,6.76,6.682,6.815
NZL,NaN,6.179,5.565,5.372,6.199,6.033,6.697,6.255,6.058,7.222,7.766,8.737,9.664,10.009,11.406,11.877,12.989,14.371,15.566,16.086,17.225,19.188,20.132,20.867,21.436,22.151,23.542,24.483,24.304,24.3,24.916,25.242,25.343
NIC,NaN,33.82,33.843,33.861,33.839,33.785,33.841,34.346,34.85,34.741,34.632,34.522,34.415,34.315,34.223,34.149,34.092,34.038,33.988,33.941,33.893,33.842,33.786,33.725,33.662,33.584,33.506,33.426,33.402,33.396,33.113,33.323,33.37
NER,NaN,55.214,55.291,55.486,55.555,55.575,55.91,56.115,55.669,56.014,56.442,56.305,56.314,56.515,56.847,56.639,56.622,56.789,56.591,56.818,56.533,56.765,55.576,54.41,53.27,53.249,53.166,53.105,52.861,52.69,52.222,52.728,52.684
NGA,NaN,64.328,64.279,64.718,65.117,65.351,65.318,65.324,65.311,65.402,65.104,64.801,63.782,63.295,62.663,62.244,61.937,61.583,61.219,60.776,60.36,60.203,60.229,60.235,59.582,58.947,58.333,57.724,57.112,56.488,56.063,56.654,57.289
NIU,NaN,NaN,NaN,NaN,NaN,NaN,NaN,NaN,NaN,NaN,NaN,NaN,NaN,NaN,NaN,NaN,NaN,NaN,NaN,NaN,NaN,NaN,NaN,NaN,NaN,NaN,NaN,NaN,NaN,NaN,NaN,NaN,NaN
MKD,NaN,4.882,5.037,5.248,5.308,5.346,5.324,4.877,4.59,4.319,4.756,5.242,5.773,5.366,4.806,4.299,3.193,3.316,3.336,3.24,3.103,2.764,3.138,2.453,1.963,3.266,3.472,2.483,3.54,3.098,3.392,2.933,2.991
MNP,NaN,NaN,NaN,NaN,NaN,NaN,NaN,NaN,NaN,NaN,NaN,NaN,NaN,NaN,NaN,NaN,NaN,NaN,NaN,NaN,NaN,NaN,NaN,NaN,NaN,NaN,NaN,NaN,NaN,NaN,NaN,NaN,NaN
NOR,NaN,6.949,7.034,7.182,7.376,7.58,7.926,8.282,8.642,8.975,9.21,9.405,9.637,9.764,10.006,10.185,10.531,10.801,10.863,10.783,10.671,10.455,10.511,10.521,10.692,11.287,10.624,10.544,10.842,10.751,10.176,16.404,13.61
OMN,NaN,13.894,13.576,13.588,13.721,13.423,13.238,12.479,12.151,12.161,11.356,10.926,11.313,11.982,11.745,11.55,11.349,11.142,10.928,10.71,10.543,10.433,10.332,10.203,10.043,9.909,9.764,10.063,10.241,10.594,10.011,10.443,9.967
PAK,NaN,33.642,33.624,32.555,33.883,34.425,35.585,36.764,36.641,36.155,35.66,34.001,32.37,32.415,32.46,30.24,28.095,27.78,27.811,26.165,25.283,24.383,25.097,25.825,24.725,26.773,26.711,26.659,26.614,22.707,21.463,20.897,20.433
PLW,NaN,NaN,NaN,NaN,NaN,NaN,NaN,NaN,NaN,NaN,NaN,NaN,NaN,NaN,NaN,NaN,NaN,NaN,NaN,NaN,NaN,NaN,NaN,NaN,NaN,NaN,NaN,NaN,NaN,NaN,NaN,NaN,NaN
PAN,NaN,24.373,24.502,24.637,24.509,24.636,24.504,24.368,23.482,23.103,22.5,21.912,21.338,22.062,22.451,23.24,23.678,21.974,24.253,20.281,24.016,21.901,24.435,26.804,26.75,24.893,26.958,26.432,27.411,28.385,26.57,28.135,28.435
PNG,NaN,54.557,54.837,55.225,55.294,55.107,55.219,55.012,54.812,54.769,54.617,51.03,47.45,43.908,40.438,37.07,33.829,30.741,27.823,25.088,22.545,22.517,22.52,22.516,22.59,22.608,22.618,22.615,22.586,22.605,22.382,22.579,22.761
PRY,NaN,38.917,38.83,38.972,39.149,39.433,39.384,39.523,39.387,39.16,38.878,38.711,38.612,37.761,40.057,41.169,32.5,39.353,37.999,37.657,33.747,33.513,39.738,35.936,33.463,32.1,33.506,37.007,37.309,38.284,34.727,35.79,35.015
PER,NaN,40.84,40.669,41.033,41.256,41.949,42.119,42.436,42.4,42.302,42.482,42.524,42.986,43.404,43.864,44.386,46.537,47.247,50.176,49.116,50.287,48.554,49.722,47.602,48.076,48.972,46.696,48.028,48.9,50.201,43.037,45.336,48.672
PHL,NaN,38.452,38.377,38.324,38.299,38.277,38.271,38.267,38.21,38.195,38.19,38.16,38.133,38.118,38.245,38.634,37.509,37.926,37.002,36.806,37.092,36.373,35.617,35.381,35.445,35.688,35.866,31.267,32.054,32.629,28.294,29.402,32.77
POL,NaN,12.027,11.906,11.738,11.513,11.235,11.018,10.809,10.391,8.655,7.861,7.293,6.474,5.62,5.307,5.679,5.13,4.881,4.8,4.693,4.773,4.86,4.757,4.704,4.825,4.73,4.926,5.527,5.442,5.513,5.724,5.997,6.247
PRT,NaN,14.035,12.823,13.401,14.126,14.454,15.233,15.714,17.754,17.339,18.013,18.926,19.169,18.777,17.917,17.967,17.885,18.109,17.584,17.02,16.562,14.458,14.599,13.313,11.884,11.52,11.021,11.221,11.471,11.698,11.27,8.374,8.999
PRI,NaN,7.616,7.86,8.208,7.893,7.59,7.294,9.097,8.295,7.782,8.596,7.898,7.254,7.897,7.417,7.601,8.592,7.878,7.376,6.918,6.532,6.109,5.922,5.739,5.56,5.389,5.45,5.501,5.634,5.723,5.763,5.744,5.991
QAT,NaN,52.7,50.901,51.691,51.493,51.612,50.692,44.391,42.635,42.746,41.973,41.937,40.955,41.493,38.858,40.602,39.257,39.925,36.783,33.392,34.147,35.892,35.559,35.156,35.048,35.036,34.255,33.201,32.29,31.464,29.243,27.93,34.831
KOR,NaN,26.524,27.453,26.75,27.593,28.116,28.718,29.886,27.77,29.034,32.124,32.281,33.007,30.79,32.24,32.457,32.907,33.599,32.725,32.426,31.852,31.678,32.698,33.18,33.637,32.977,32.828,33.438,33.904,35.579,37.085,37.767,38.819
MDA,NaN,19.243,19.931,20.306,20.654,20.67,21.271,21.092,21.803,22.149,21.875,20.751,22.702,35.818,34.615,39.396,43.4,50.415,50.309,50.453,53.988,55.308,56.51,57.153,58.325,58.282,58.623,57.175,58.657,59.096,59.823,64.146,66.801
REU,NaN,NaN,NaN,NaN,NaN,NaN,NaN,NaN,NaN,NaN,NaN,NaN,NaN,NaN,NaN,NaN,NaN,NaN,NaN,NaN,NaN,NaN,NaN,NaN,NaN,NaN,NaN,NaN,NaN,NaN,NaN,NaN,NaN
ROU,NaN,45.037,46.444,46.063,45.338,44.337,32.434,36.458,37.689,39.507,38.056,37.408,25.749,19.676,15.865,14.546,14.216,15.993,15.265,13.809,12.339,11.907,11.773,11.285,10.797,8.854,8.152,8.735,8.565,7.531,6.738,2.425,2.178
RUS,NaN,5.751,5.925,6.079,6.334,6.441,6.541,6.526,6.663,6.529,6.346,6.267,6.201,6.111,6.035,5.98,5.925,5.887,5.867,5.876,5.857,5.85,5.855,5.864,5.874,5.885,5.893,5.9,6.306,6.781,6.552,6.234,5.952
RWA,NaN,36.322,34.963,34.261,37.947,35.225,34.776,34.605,34.959,35.556,35.639,35.286,34.49,34.249,33.584,32.816,32.109,31.54,30.801,30.385,29.905,29.427,28.856,28.481,28.057,27.532,27.165,26.974,28.298,25.701,27.4,23.183,24.191
BLM,NaN,NaN,NaN,NaN,NaN,NaN,NaN,NaN,NaN,NaN,NaN,NaN,NaN,NaN,NaN,NaN,NaN,NaN,NaN,NaN,NaN,NaN,NaN,NaN,NaN,NaN,NaN,NaN,NaN,NaN,NaN,NaN,NaN
SHN,NaN,NaN,NaN,NaN,NaN,NaN,NaN,NaN,NaN,NaN,NaN,NaN,NaN,NaN,NaN,NaN,NaN,NaN,NaN,NaN,NaN,NaN,NaN,NaN,NaN,NaN,NaN,NaN,NaN,NaN,NaN,NaN,NaN
KNA,NaN,NaN,NaN,NaN,NaN,NaN,NaN,NaN,NaN,NaN,NaN,NaN,NaN,NaN,NaN,NaN,NaN,NaN,NaN,NaN,NaN,NaN,NaN,NaN,NaN,NaN,NaN,NaN,NaN,NaN,NaN,NaN,NaN
LCA,NaN,20.032,19.543,19.052,18.588,18.141,17.717,17.302,16.913,16.528,16.146,15.749,15.938,16.112,16.285,16.471,16.648,16.837,17.03,17.253,17.469,17.677,18.435,18.815,19.061,19.317,19.547,19.777,21.595,23.317,18.315,18.728,20.858
MAF,NaN,NaN,NaN,NaN,NaN,NaN,NaN,NaN,NaN,NaN,NaN,NaN,NaN,NaN,NaN,NaN,NaN,NaN,NaN,NaN,NaN,NaN,NaN,NaN,NaN,NaN,NaN,NaN,NaN,NaN,NaN,NaN,NaN
VCT,NaN,17.449,17.396,17.346,17.309,17.253,17.203,17.14,17.075,17.013,16.953,16.89,16.832,16.786,16.752,16.724,16.689,16.671,16.665,16.681,16.715,16.748,16.783,16.819,16.861,16.906,16.945,16.98,17.004,17.032,16.537,16.89,17.057
WSM,NaN,19.114,19.086,19.091,19.029,19.043,19.054,19.003,18.961,18.917,18.908,18.9,18.883,18.877,18.878,18.888,18.902,18.956,18.992,18.995,19.029,19.083,19.075,19.08,19.085,19.111,19.148,19.139,19.118,19.133,18.964,19.243,19.186
SMR,NaN,NaN,NaN,NaN,NaN,NaN,NaN,NaN,NaN,NaN,NaN,NaN,NaN,NaN,NaN,NaN,NaN,NaN,NaN,NaN,NaN,NaN,NaN,NaN,NaN,NaN,NaN,NaN,NaN,NaN,NaN,NaN,NaN
STP,NaN,23.592,23.507,23.376,23.159,22.964,22.884,22.788,22.597,22.426,22.389,22.238,22.021,21.603,21.366,21.011,20.468,20.232,19.787,19.64,19.315,19.137,19.032,18.844,18.573,18.407,18.214,18.029,17.878,17.758,17.688,17.992,17.931
SAU,NaN,17.318,17.367,18.254,18.648,19.047,18.904,18.982,18.68,19.672,25.295,23.984,20.924,19.075,17.364,15.928,14.7,16.453,14.305,14.662,16.117,17.358,20.528,18.758,15.938,15.949,13.678,12.527,12.429,18.978,20.36,23.79,25.252
SEN,NaN,28.957,29.04,29.099,29.21,28.924,28.931,28.826,28.511,28.156,27.941,27.731,27.77,27.458,27.201,26.976,26.913,26.337,25.756,25.171,24.584,23.998,23.415,22.838,22.268,21.709,26.116,26.798,31.219,28.453,28.171,29.195,27.993
SRB,NaN,16.101,16.386,16.483,16.22,15.868,15.379,14.853,14.609,15.341,14.866,14.384,13.975,13.703,13.216,12.93,12.679,12.398,12.171,10.199,8.19,5.75,5.677,7.49,8.89,7.889,10.365,10.715,10.469,11.598,11.535,13.83,14.689
SYC,NaN,NaN,NaN,NaN,NaN,NaN,NaN,NaN,NaN,NaN,NaN,NaN,NaN,NaN,NaN,NaN,NaN,NaN,NaN,NaN,NaN,NaN,NaN,NaN,NaN,NaN,NaN,NaN,NaN,NaN,NaN,NaN,NaN
SLE,NaN,36.51,37.97,37.908,38.03,38.576,38.533,38.959,38.874,39.1,38.874,39.56,38.286,37.974,40.12,40.306,40.482,40.649,40.805,40.95,41.08,41.198,41.303,41.391,41.464,39.78,38.147,36.56,35.018,34.578,34.203,34.564,34.84
SGP,NaN,9.865,10.134,10.432,10.797,11.249,11.556,11.833,11.909,12.167,12.019,11.881,11.282,11.179,10.429,11.337,14.166,14.672,15.864,16.956,17.493,20.255,21.956,23.689,25.049,25.814,26.592,26.903,28.089,29.014,30.53,32.435,32.548
SXM,NaN,NaN,NaN,NaN,NaN,NaN,NaN,NaN,NaN,NaN,NaN,NaN,NaN,NaN,NaN,NaN,NaN,NaN,NaN,NaN,NaN,NaN,NaN,NaN,NaN,NaN,NaN,NaN,NaN,NaN,NaN,NaN,NaN
SVK,NaN,3.638,2.482,1.689,1.688,1.728,1.518,1.309,1.297,1.178,1.068,1.019,0.967,1.226,1.34,1.441,1.152,1.175,1.636,1.527,1.638,1.892,1.783,1.724,2.499,2.585,2.676,3.588,3.99,4.576,4.504,4.248,4.915
SVN,NaN,6.377,6.454,6.43,6.389,6.372,6.37,9.548,10.426,9.365,7.408,8.289,7.113,6.197,8.569,7.8,7.716,8.71,6.311,7.602,7.22,6.226,4.961,4.955,6.649,4.191,3.216,3.922,4.611,3.035,3.188,4.358,4.887
SLB,NaN,61.843,61.778,61.732,61.695,61.668,61.637,61.608,61.588,61.578,61.544,61.499,61.457,61.417,61.379,61.343,61.307,61.271,61.242,61.203,61.176,61.146,61.092,61.053,60.996,60.94,60.909,60.883,60.855,60.812,60.2,61.516,60.49
SOM,NaN,12.886,13.449,13.532,14.534,14.72,14.823,15.228,15.458,15.661,15.836,16.048,16.157,16.201,16.22,16.198,16.243,16.282,16.335,16.36,16.331,16.336,16.345,16.295,16.233,16.17,16.168,16.221,16.166,16.071,15.907,16.058,16.073
ZAF,NaN,22.917,22.832,22.56,22.156,21.746,21.323,20.978,20.736,20.406,20.004,19.783,19.508,19.261,18.926,18.554,18.201,17.879,17.674,16.166,11.025,14.138,12.793,13.387,13.344,14.033,12.968,13.928,12.596,12.812,15.019,14.432,13.738
SSD,NaN,53.772,53.207,52.715,52.538,52.216,51.996,51.559,51.6,51.719,51.557,51.38,51.101,50.676,50.549,50.247,49.836,49.346,49.079,49.053,48.901,49.048,49.101,48.255,47.999,48.77,49.826,50.322,50.594,50.7,50.446,51.421,51.331
ESP,NaN,2.443,2.417,2.321,2.118,2.118,1.858,1.514,1.506,1.693,1.642,1.638,1.537,1.636,1.68,2.012,2.075,1.997,2.133,2.046,2.021,1.971,2.047,1.816,1.712,1.847,1.956,2.125,2.291,2.518,2.875,3.254,3.541
LKA,NaN,21.464,21.118,21.202,21.028,20.919,20.739,20.564,20.387,20.249,19.601,19.59,19.583,19.584,19.588,19.608,19.609,19.618,19.673,19.814,20.066,19.98,20.867,21.471,20.166,22.369,23.378,24.225,21.875,23.271,22.151,23.03,23.613
PSE,NaN,15.593,14.883,14.793,14.682,14.346,14.792,13.555,12.209,11.566,12.85,10.622,10.456,11.592,10.85,11.162,10.875,10.839,10.159,9.55,8.852,10.016,10.376,8.999,10.752,8.93,6.868,6.21,6.889,8.679,8.43,7.834,8.885
SDN,NaN,42.261,42.032,41.77,41.525,41.297,41.055,40.477,39.883,39.304,38.762,38.226,37.699,37.195,36.712,36.248,35.805,35.364,34.912,34.442,33.389,32.364,31.579,31.172,30.712,30.391,30.079,29.67,29.337,29.221,28.754,28.844,28.986
SUR,NaN,2.536,2.519,2.519,2.497,2.489,2.452,2.415,2.382,2.355,2.38,2.404,2.43,2.45,2.46,2.469,2.477,2.486,2.497,2.511,2.524,2.539,2.56,2.582,2.608,2.643,2.683,2.702,2.716,2.736,2.601,2.695,2.782
SWE,NaN,4.623,4.647,4.646,4.507,4.403,4.496,4.557,4.564,4.632,4.745,4.886,4.992,4.826,4.659,4.729,5.051,5.57,6.291,6.596,6.979,7.296,7.964,8.511,8.911,9.468,10.07,10.775,11.355,11.911,12.265,13.194,13.554
CHE,NaN,10.497,8.551,8.661,8.158,7.141,10.219,9.281,9.275,9.618,9.487,9.253,8.842,9.378,8.168,7.479,8.251,8.838,9.516,10.008,9.194,9.734,10.054,10.525,11.251,11.553,12.098,11.877,12.008,11.249,11.107,10.92,10.237
SYR,NaN,34.325,31.704,30.927,28.966,27.391,26.077,24.793,23.668,23.696,23.716,23.193,22.671,22.155,20.999,19.863,18.725,19.827,16.193,13.106,12.872,13.002,11.352,10.756,10.675,10.654,10.684,10.749,10.816,10.841,10.513,10.664,11.058
TJK,NaN,11,10.997,11.003,11.008,11.009,10.998,10.989,10.992,11.005,11.019,11.036,11.061,11.083,11.351,10.865,10.372,9.83,9.307,9.122,10.18,11.333,12.596,13.992,15.532,17.219,19.069,18.371,17.659,17.006,16.8,17.849,16.79
THA,NaN,27.51,27.525,27.529,27.535,27.486,27.452,27.454,27.231,27.341,27.346,27.595,27.762,27.934,28.225,28.456,28.473,28.662,28.596,28.331,27.106,27.648,28.246,25.944,25.869,25.639,25.122,24.961,25.392,24.653,25.95,26.644,26.936
TLS,NaN,63.803,63.628,63.496,63.387,63.326,63.328,63.33,63.334,63.064,63.31,63.648,63.822,64.056,64.301,64.524,64.626,64.862,65.104,65.327,65.52,65.627,65.717,65.783,65.909,66.019,66.113,66.083,66.058,66.238,65.551,65.934,66.002
TGO,NaN,46.912,47.367,48.769,47.698,47.146,46.385,45.237,45.353,45.065,45.008,45.009,44.751,44.266,44.391,44.843,44.778,45.009,44.824,44.513,44.14,43.75,43.319,42.895,42.469,42.037,41.619,41.273,40.862,40.393,40.005,40.332,40.163
TKL,NaN,NaN,NaN,NaN,NaN,NaN,NaN,NaN,NaN,NaN,NaN,NaN,NaN,NaN,NaN,NaN,NaN,NaN,NaN,NaN,NaN,NaN,NaN,NaN,NaN,NaN,NaN,NaN,NaN,NaN,NaN,NaN,NaN
TON,NaN,38.519,39.867,41.263,42.737,42.342,42.016,41.644,41.196,40.752,40.314,39.868,39.412,38.955,38.509,38.09,37.7,37.273,36.795,36.318,35.902,35.53,35.133,34.733,34.344,33.982,33.629,33.258,32.88,32.877,32.578,32.574,33.064
TTO,NaN,10.06,9.991,9.997,10.42,10.832,10.144,9.624,9.133,9.798,10.346,9.133,8.174,8.467,8.914,9.254,8.771,8.433,8.5,8.529,9.402,7.437,7.978,7.257,9.237,7.68,7.551,7.037,6.551,6.099,6.513,5.492,5.759
TUN,NaN,19.257,18.277,18.085,17.719,18.088,18.468,18.856,17.878,16.934,16.023,15.144,14.298,13.485,12.712,11.982,13.192,11.711,10.168,9.843,11.003,9.471,8.516,6.919,7.027,7.132,6.963,6.876,6.802,6.834,6.608,6.407,7.343
TUR,NaN,18.461,19.355,15.931,18.832,20.86,21.406,20.318,22.608,23.599,20.856,20.593,18.486,17.358,14.146,13.283,11.975,11.322,11.638,11.779,11.931,12.697,12.383,12.404,11.311,11.789,11.605,11.965,12.283,11.77,9.776,11.018,11.826
TKM,NaN,9.475,10.51,10.545,12.057,12.845,12.386,13.609,13.005,11.726,11.356,11.09,11.129,10.967,10.707,10.005,9.486,9.016,8.454,8.255,7.958,7.523,7.231,6.987,6.761,6.633,6.518,6.401,6.294,6.193,6.089,5.977,6.219
TCA,NaN,NaN,NaN,NaN,NaN,NaN,NaN,NaN,NaN,NaN,NaN,NaN,NaN,NaN,NaN,NaN,NaN,NaN,NaN,NaN,NaN,NaN,NaN,NaN,NaN,NaN,NaN,NaN,NaN,NaN,NaN,NaN,NaN
TUV,NaN,NaN,NaN,NaN,NaN,NaN,NaN,NaN,NaN,NaN,NaN,NaN,NaN,NaN,NaN,NaN,NaN,NaN,NaN,NaN,NaN,NaN,NaN,NaN,NaN,NaN,NaN,NaN,NaN,NaN,NaN,NaN,NaN
UGA,NaN,53.197,53.001,52.781,52.553,52.344,52.141,51.941,51.753,51.575,51.418,51.284,51.17,51.076,51.001,50.94,50.884,50.829,50.778,50.725,50.662,50.577,50.472,49.86,49.241,48.611,47.963,47.302,46.899,46.401,45.849,46.177,46.187
UKR,NaN,6.192,6.274,6.365,6.451,6.524,6.58,6.614,6.627,6.635,6.65,6.686,6.75,6.824,6.9,6.968,7.023,7.157,7.199,7.228,7.255,7.287,7.339,7.4,7.48,7.573,7.669,7.77,7.877,7.992,7.659,7.409,NaN
ARE,NaN,13.151,13.648,14.468,14.324,14.114,14.043,13.681,14.606,15.171,14.513,15.391,16.089,15.87,15.933,17.341,18.351,18.963,18.969,18.991,18.469,18.266,18.423,18.766,19.222,19.75,20.336,20.981,21.37,30.642,30.396,23.848,22.07
GBR,NaN,5.347,5.815,5.161,5.093,5.296,5.008,5.141,5.233,5.401,5.283,4.842,5.483,5.912,6.061,6.404,6.899,6.981,7.472,7.895,8.698,8.932,9.302,9.875,10.347,10.713,10.761,10.402,10.744,11.188,11.12,10.982,11.423
TZA,NaN,65.596,65.79,65.919,65.982,65.88,65.753,65.651,65.51,65.291,65.1,64.843,65.392,65.934,66.47,67.003,67.538,66.938,66.337,65.734,65.139,64.568,64.017,63.479,62.95,62.495,61.978,61.463,61.025,60.557,59.803,59.985,60.531
USA,NaN,11.392,11.449,11.148,12.4,12.254,12.17,12.27,11.934,12.331,12.931,13.065,13.285,14.049,14.501,15.113,15.467,16.082,16.862,17.262,17.414,17.923,18.492,18.724,18.612,18.961,19.331,19.364,19.589,20.185,19.463,18.878,19.201
VIR,NaN,21.408,21.776,23.44,21.81,20.383,19.057,18.918,18.831,18.416,18.773,19.707,19.467,19.078,19.816,20.224,20.379,20.613,20.598,20.859,20.225,20.723,20.773,19.676,19.444,20.319,20.154,20.456,18.899,17.874,18.111,18.571,19.072
URY,NaN,10.273,10.286,9.419,9.842,11.132,11.505,11.113,10.745,9.521,9.703,11.094,9.197,8.95,10.494,9.854,13.265,15.642,16.648,17.25,16.5,17.252,16.281,15.556,16.659,16.147,15.68,14.892,14.941,14.33,11.986,12.161,12.296
UZB,NaN,3.73,4.375,4.657,5.093,5.282,5.315,5.139,4.993,4.822,4.695,4.55,4.416,4.274,4.014,3.796,3.585,3.34,3.136,2.977,2.869,2.76,2.637,2.519,2.414,2.315,2.248,2.209,2.158,2.108,2.017,2.011,2.038
VUT,NaN,60.496,60.461,60.378,60.478,60.411,60.383,60.42,60.383,60.334,60.409,60.281,60.117,60.166,60.206,60.267,60.385,60.368,60.39,60.333,60.242,60.193,60.075,59.928,59.822,59.661,59.579,59.529,59.438,59.381,58.769,59.666,59.127
VEN,NaN,27.507,27.517,27.598,27.7,27.755,27.778,27.83,27.845,27.943,28.018,28.001,28.057,28.151,28.212,28.105,27.427,26.946,26.624,26.57,25.493,25.329,25.041,24.564,24.092,23.625,23.164,23.28,23.323,23.088,21.385,21.794,23.7
VNM,NaN,26.649,26.588,26.532,26.474,26.418,26.366,26.11,26.219,26.507,26.446,26.041,26.012,25.925,25.696,26.015,26.32,26.617,26.773,26.948,27.711,28.101,27.764,28.906,28.796,30.988,29.896,27.576,24.617,26.634,23.267,33.183,33.118
WLF,NaN,NaN,NaN,NaN,NaN,NaN,NaN,NaN,NaN,NaN,NaN,NaN,NaN,NaN,NaN,NaN,NaN,NaN,NaN,NaN,NaN,NaN,NaN,NaN,NaN,NaN,NaN,NaN,NaN,NaN,NaN,NaN,NaN
ESH,NaN,18.208,18.19,18.169,18.162,18.224,18.317,18.415,18.508,18.591,18.666,18.739,18.815,18.899,18.981,19.067,19.106,19.149,19.188,19.227,19.266,19.294,19.317,19.338,19.347,19.348,19.34,19.338,19.342,19.348,18.507,18.96,19.698
YEM,NaN,17.771,17.359,17.578,17.331,17.16,17.032,16.756,16.333,16.227,15.849,15.507,15.198,14.919,14.669,14.449,14.255,14.08,13.925,13.784,13.653,13.538,13.435,13.341,13.256,11.443,11.951,12.357,12.616,12.854,12.709,12.963,13.726
ZMB,NaN,61.033,61.399,61.052,61.981,61.914,61.609,61.487,61.703,61.494,61.315,61.087,60.899,60.493,60.063,59.606,59.109,58.537,57.986,57.315,56.56,56.115,55.514,55.114,54.722,54.446,54.092,53.715,53.268,49.57,51.453,47.583,50.751
ZWE,NaN,48.241,49.017,48.933,48.239,48.207,47.489,47.343,47.15,47.184,47.324,47.144,47.764,49.059,49.316,49.554,49.518,49.526,50.809,49.769,48.324,47.31,46.253,46.309,46.376,46.484,46.661,46.433,46.205,46.853,45.831,46.143,46.544