Labour Force Participation Ratio [15-64],1990,1991,1992,1993,1994,1995,1996,1997,1998,1999,2000,2001,2002,2003,2004,2005,2006,2007,2008,2009,2010,2011,2012,2013,2014,2015,2016,2017,2018,2019,2020,2021,2022
AFG,NaN,48.039,48.031,48,47.957,47.92,47.856,47.81,47.789,47.788,47.795,47.84,47.909,47.991,48.079,48.169,48.098,48.054,48.018,47.978,47.952,48.005,48.08,48.176,48.268,48.358,48.449,48.541,46.738,44.939,42.609,42.224,38.5
ALB,NaN,69.274,69.963,69.319,68.804,67.988,67.498,68.47,67.997,67.313,67.038,66.711,66.68,65.791,64.889,63.963,63.005,62.024,61.024,63.439,63.848,68.617,64.927,60.254,61.926,64.775,66.911,67.665,69.035,70.373,67.363,68.684,71.367
DZA,NaN,46.078,46.237,46.606,46.921,47.004,47.154,47.046,46.878,46.622,46.367,46.11,45.864,45.621,45.365,45.116,44.849,44.582,44.309,44.029,44.294,44.507,44.73,46.094,43.574,44.71,45,45.066,45.14,45.256,42.824,43.413,45.641
ASM,NaN,NaN,NaN,NaN,NaN,NaN,NaN,NaN,NaN,NaN,NaN,NaN,NaN,NaN,NaN,NaN,NaN,NaN,NaN,NaN,NaN,NaN,NaN,NaN,NaN,NaN,NaN,NaN,NaN,NaN,NaN,NaN,NaN
AND,NaN,NaN,NaN,NaN,NaN,NaN,NaN,NaN,NaN,NaN,NaN,NaN,NaN,NaN,NaN,NaN,NaN,NaN,NaN,NaN,NaN,NaN,NaN,NaN,NaN,NaN,NaN,NaN,NaN,NaN,NaN,NaN,NaN
AGO,NaN,77.84,77.83,77.747,77.734,77.744,77.781,77.786,77.77,77.735,77.696,77.696,77.715,77.693,77.696,77.715,77.76,77.808,77.844,77.84,77.844,77.83,77.597,77.361,77.122,76.881,76.64,76.397,76.153,75.908,76.009,77.327,76.156
AIA,NaN,NaN,NaN,NaN,NaN,NaN,NaN,NaN,NaN,NaN,NaN,NaN,NaN,NaN,NaN,NaN,NaN,NaN,NaN,NaN,NaN,NaN,NaN,NaN,NaN,NaN,NaN,NaN,NaN,NaN,NaN,NaN,NaN
ATG,NaN,NaN,NaN,NaN,NaN,NaN,NaN,NaN,NaN,NaN,NaN,NaN,NaN,NaN,NaN,NaN,NaN,NaN,NaN,NaN,NaN,NaN,NaN,NaN,NaN,NaN,NaN,NaN,NaN,NaN,NaN,NaN,NaN
ARG,NaN,66.457,67.34,68.248,68.875,68.425,69.004,69.875,70.238,69.703,69.497,68.823,67.255,68.213,69.193,68.53,68.908,68.372,67.822,68.175,67.626,68.216,68.137,67.737,67.001,66.813,66.619,66.423,67.385,68.081,63.66,68.699,68.413
ARM,NaN,70.042,70.114,70.13,70.128,70.113,70.075,70.051,70.03,69.95,69.826,69.695,69.522,69.335,69.168,69.003,68.845,68.706,68.412,69.04,69.111,69.154,69.192,69.395,69.636,69.964,70.371,70.725,71.053,72.818,72.361,73.386,72.719
ABW,NaN,NaN,NaN,NaN,NaN,NaN,NaN,NaN,NaN,NaN,NaN,NaN,NaN,NaN,NaN,NaN,NaN,NaN,NaN,NaN,NaN,NaN,NaN,NaN,NaN,NaN,NaN,NaN,NaN,NaN,NaN,NaN,NaN
AUS,NaN,72.915,72.761,72.521,73.138,73.909,73.977,73.531,73.454,73.254,73.71,73.956,74.057,74.41,74.296,75.335,75.77,76.155,76.474,76.377,76.411,76.616,76.394,76.379,76.28,76.909,76.908,77.422,77.991,78.435,77.697,78.818,79.521
AUT,NaN,67.959,68.839,68.986,71.342,71.937,71.406,71.087,71.602,71.829,71.427,70.849,71.719,71.992,70.951,71.731,72.682,73.776,74.216,74.642,74.676,74.857,75.421,75.81,75.689,75.793,76.561,76.709,77.132,77.392,77.032,77.776,78.469
AZE,NaN,76.639,78.45,80.575,82.542,83.786,83.889,83.639,83.104,82.744,82.096,79.96,77.927,75.893,73.544,71.882,70.102,66.758,65.368,65.403,65.138,65.379,65.83,66.218,67.212,67.937,69.334,70.091,70.8,74.124,73.303,74.299,76.589
BHS,NaN,76.001,76.695,77.366,78.005,78.259,78.468,78.799,78.655,79.178,79.351,79.472,79.576,79.492,79.471,79.573,79.661,79.665,79.49,79.242,79.203,79.137,79.19,79.011,79.003,78.968,79.002,79.107,79.224,79.281,73.872,76.277,78.164
BHR,NaN,66.932,66.874,66.787,66.708,66.665,66.668,66.729,66.874,67.132,67.511,67.99,68.545,68.948,69.102,69.318,69.797,70.514,71.406,72.386,73.07,72.484,72.836,72.965,72.598,72.523,72.961,73.498,73.958,74.151,73.269,73.631,74.131
BGD,NaN,59.089,59.136,59.203,59.282,59.368,59.334,59.314,59.308,59.317,59.329,59.312,59.318,59.34,59.367,59.394,59.353,59.192,59.032,58.87,58.707,58.545,58.382,58.213,58.043,57.882,57.731,60.402,60.644,60.865,60.351,61.236,60.881
BRB,NaN,76.834,76.049,76.911,77.79,78.567,77.509,78.44,78.331,78.332,79.27,80.179,78.897,79.681,80.012,79.784,77.759,77.609,77.419,77.495,77.554,77.587,76.188,76.571,74.074,74.056,75.65,74.809,73.908,73.27,72.011,72.782,74.369
BLR,NaN,68.591,68.765,68.913,69.287,69.74,69.759,69.584,69.589,69.768,70.489,71.126,71.659,72.114,72.512,72.906,73.291,73.653,74,74.314,74.648,75.093,75.618,76.154,76.681,77.142,77.547,77.932,78.152,78.354,78.497,78.826,79.331
BEL,NaN,60.234,60.795,61.077,61.969,62.376,62.426,62.821,63.434,64.631,65.282,63.654,64.119,64.28,65.287,66.708,66.467,66.976,67.078,66.904,67.656,66.727,66.941,67.546,67.705,67.566,67.58,68.613,69.21,69.625,69.084,70.193,71.158
BLZ,NaN,57.697,58.069,58.185,58.052,59.006,59.977,60.952,60.764,61.377,61.631,61.877,62.116,62.354,62.595,62.836,63.08,63.325,63.573,63.827,64.075,64.318,64.571,64.835,65.833,66.214,66.598,66.23,66.186,66.099,64.11,64.796,66.322
BEN,NaN,72.9,72.871,72.831,72.794,72.767,72.735,72.7,72.664,72.627,72.59,72.553,72.515,72.519,72.524,72.529,72.535,72.543,72.55,72.555,72.559,72.565,71.334,70.069,68.768,67.441,66.09,64.712,63.309,63.266,62.668,61.677,63.038
BTN,NaN,72.248,72.047,71.856,71.658,71.451,71.415,71.406,71.419,71.475,71.574,71.656,71.766,71.901,72.037,72.166,72.132,72.098,72.071,72.06,70.337,69.324,66.646,67.418,64.525,65.633,65.421,65.172,64.895,68.612,70.103,71.237,72.256
BOL,NaN,70.492,70.451,70.695,71.003,71.303,71.567,71.879,72.415,72.944,71.641,71.578,71.494,71.414,71.338,71.267,74.273,72.108,73.167,73.588,73.616,73.647,70.189,70.663,72.86,68.45,68.833,69.987,73.215,72.365,71.581,70.132,72.014
BES,NaN,NaN,NaN,NaN,NaN,NaN,NaN,NaN,NaN,NaN,NaN,NaN,NaN,NaN,NaN,NaN,NaN,NaN,NaN,NaN,NaN,NaN,NaN,NaN,NaN,NaN,NaN,NaN,NaN,NaN,NaN,NaN,NaN
BIH,NaN,49.564,49.48,49.21,48.899,48.578,48.414,48.305,48.35,48.457,48.536,48.663,49.187,49.677,50.136,50.569,50.969,51.76,53.011,53.21,54.073,53.832,54.057,53.911,55.146,55.537,55.682,55.809,56.084,57.265,57.784,60.999,61.552
BWA,NaN,60.905,60.738,60.554,60.351,60.131,59.936,59.714,59.445,59.051,58.649,58.915,59.179,59.444,59.708,59.971,60.232,61.43,62.617,63.792,60.608,61.178,61.748,62.315,62.889,63.47,64.053,64.638,65.226,65.816,64.225,66.331,66.847
BRA,NaN,66.944,67.171,67.397,67.623,67.846,66.162,67.119,67.3,68.021,68.295,68.559,69.577,69.497,70.206,70.996,70.651,70.439,70.292,70.642,69.499,68.324,68.955,69.023,68.976,69.454,69.736,70.185,70.367,70.989,66.601,69.062,70.279
VGB,NaN,NaN,NaN,NaN,NaN,NaN,NaN,NaN,NaN,NaN,NaN,NaN,NaN,NaN,NaN,NaN,NaN,NaN,NaN,NaN,NaN,NaN,NaN,NaN,NaN,NaN,NaN,NaN,NaN,NaN,NaN,NaN,NaN
BRN,NaN,67.564,67.866,68.176,68.493,68.818,69.142,69.459,69.768,70.071,70.37,70.667,70.531,70.398,70.271,70.153,70.033,69.904,69.759,69.595,69.422,69.286,68.738,68.209,67.696,67.195,66.709,66.238,68.88,67.924,67.678,68.13,69.115
BGR,NaN,68.338,68.822,68.032,67.206,66.347,65.46,64.552,63.65,62.786,61.907,63.601,62.891,61.548,62.588,61.808,63.839,65.506,66.98,66.271,67.086,66.35,67.479,68.824,69.435,69.7,69.027,71.708,71.9,73.687,72.629,72.551,74.13
BFA,NaN,85.702,85.018,84.33,83.609,82.891,82.171,81.411,80.636,79.841,79.004,78.166,77.304,76.442,75.551,74.662,73.741,72.942,72.13,71.306,70.469,69.617,68.746,67.85,66.931,66.873,66.826,66.779,66.729,66.671,66.028,66.429,66.548
BDI,NaN,90.429,89.875,89.179,88.438,87.777,86.953,86.033,85.095,84.279,83.438,82.595,81.736,80.857,79.966,79.015,78.002,78.256,78.484,78.796,79.095,79.271,79.442,79.614,79.745,80.059,80.249,80.309,80.275,80.048,79.066,79.21,79.278
CPV,NaN,63.837,63.796,63.746,63.689,63.625,63.558,63.49,63.419,63.343,63.321,63.361,63.41,63.464,63.515,63.558,63.589,63.607,63.615,63.613,63.478,63.333,63.208,63.102,63.02,62.955,62.926,62.951,59.154,61.31,58.463,59.185,61.514
KHM,NaN,80.617,80.442,80.39,82.85,82.536,82.397,81.745,81.031,80.3,79.592,78.869,78.132,77.382,76.626,75.862,75.086,74.296,73.498,72.696,71.887,71.071,70.25,71.575,72.881,74.169,75.429,76.663,77.871,79.055,78.451,79.259,79.45
CMR,NaN,83.335,83.303,83.228,83.184,83.126,83.088,83.033,82.958,82.873,82.781,82.728,82.673,82.618,82.573,82.506,82.484,82.459,80.768,78.959,77.033,75.993,74.928,73.834,72.71,72.678,72.646,72.6,72.545,72.481,71.787,71.476,72.463
CAN,NaN,76.618,75.774,75.536,75.37,75.138,75.072,75.372,75.74,76.321,76.668,76.883,77.93,78.665,78.614,78.19,78.141,78.678,78.778,78.326,78.168,78.121,78.101,78.323,78.026,78.209,78.344,78.646,78.607,79.132,77.693,79.439,79.762
CYM,NaN,NaN,NaN,NaN,NaN,NaN,NaN,NaN,NaN,NaN,NaN,NaN,NaN,NaN,NaN,NaN,NaN,NaN,NaN,NaN,NaN,NaN,NaN,NaN,NaN,NaN,NaN,NaN,NaN,NaN,NaN,NaN,NaN
CAF,NaN,70.754,70.71,70.676,70.644,70.606,70.587,70.588,70.574,70.545,70.484,70.524,70.542,70.52,70.524,70.511,70.577,70.635,70.674,70.711,70.714,70.836,70.941,70.876,70.915,70.948,70.872,70.776,70.662,70.54,69.864,69.883,70.484
TCD,NaN,72.243,72.336,72.289,71.841,71.393,70.944,70.495,70.039,69.575,69.108,68.637,68.16,67.677,67.189,66.698,66.201,65.698,65.194,64.689,64.181,63.667,63.15,62.632,62.112,61.59,61.065,60.538,60.01,59.919,59.348,59.221,60.232
CHL,NaN,56.719,57.94,58.656,59.193,60.174,60.911,61.007,61.175,61.326,60.652,59.846,59.431,59.991,60.459,60.789,62.016,62.581,63.988,63.883,64.233,65.51,65.346,65.473,65.799,65.795,65.6,66.005,66.127,65.821,63.139,64.766,67.788
CHN,NaN,83.797,83.6,83.425,83.247,83.062,82.865,82.652,82.457,82.265,82.051,81.601,81.122,80.619,80.091,79.544,79.011,78.483,77.94,77.395,76.86,76.878,76.555,76.275,76.16,76.067,75.932,75.712,75.495,75.389,74.291,75.839,75.933
HKG,NaN,NaN,NaN,NaN,NaN,NaN,NaN,NaN,NaN,NaN,NaN,NaN,NaN,NaN,NaN,NaN,NaN,NaN,NaN,NaN,NaN,NaN,NaN,NaN,NaN,NaN,NaN,NaN,NaN,NaN,NaN,NaN,NaN
MAC,NaN,NaN,NaN,NaN,NaN,NaN,NaN,NaN,NaN,NaN,NaN,NaN,NaN,NaN,NaN,NaN,NaN,NaN,NaN,NaN,NaN,NaN,NaN,NaN,NaN,NaN,NaN,NaN,NaN,NaN,NaN,NaN,NaN
COL,NaN,69.256,69.514,69.915,70.363,70.75,70.809,71.023,70.936,70.315,70.493,70.54,69.497,70.414,69.722,68.392,67.773,67.156,67.532,70.412,70.564,71.117,71.841,71.142,70.99,71.181,70.685,70.403,69.783,69.016,68.275,69.546,68.308
COM,NaN,43.127,43.136,43.096,42.99,42.915,42.808,42.718,42.6,42.487,42.418,42.318,42.202,42.07,41.954,42.334,42.714,43.094,43.471,43.839,44.2,44.555,44.908,45.264,45.624,45.546,45.495,45.447,45.401,45.34,44.924,45.177,45.395
COG,NaN,69.787,69.687,69.566,69.425,69.338,69.263,69.172,69.105,69.007,68.952,68.918,68.897,68.858,68.831,68.828,68.814,68.752,68.747,68.754,68.748,68.812,68.888,68.913,68.949,68.935,68.866,68.803,68.723,68.646,67.795,68.213,68.54
COK,NaN,NaN,NaN,NaN,NaN,NaN,NaN,NaN,NaN,NaN,NaN,NaN,NaN,NaN,NaN,NaN,NaN,NaN,NaN,NaN,NaN,NaN,NaN,NaN,NaN,NaN,NaN,NaN,NaN,NaN,NaN,NaN,NaN
CRI,NaN,59.467,58.925,59.883,60.44,61.473,59.446,61.571,63.366,63.236,62.738,64.16,63.847,64.27,63.057,65.73,65.097,66.07,65.475,65.402,64.11,65.266,68.867,68.435,69.236,67.877,64.983,65.307,67.774,70.024,66.697,68.176,68.32
CIV,NaN,65.924,65.84,65.734,65.623,65.541,65.553,65.538,65.52,65.556,65.592,65.629,65.669,65.71,65.747,65.781,65.814,65.846,65.877,65.908,65.938,65.962,65.977,65.99,66.002,66.015,66.033,66.053,66.075,66.099,65.467,65.607,65.786
HRV,NaN,65.44,65.158,64.835,64.483,64.237,64.023,63.732,63.421,63.094,62.743,62.4,62.058,61.137,62.276,60.718,60.386,65.564,65.742,65.667,65.195,64.305,64.047,63.909,66.399,67.21,65.857,66.654,66.473,66.638,67.099,68.425,69.311
CUB,NaN,58.507,57.937,57.188,57.286,57.496,57.965,58.195,58.291,58.678,59.061,59.337,59.548,59.873,60.291,60.979,61.721,62.269,62.695,64.313,63.896,64.807,65.19,65.545,65.789,66.202,66.418,66.715,67.063,67.284,63.347,64.761,67.356
CUW,NaN,NaN,NaN,NaN,NaN,NaN,NaN,NaN,NaN,NaN,NaN,NaN,NaN,NaN,NaN,NaN,NaN,NaN,NaN,NaN,NaN,NaN,NaN,NaN,NaN,NaN,NaN,NaN,NaN,NaN,NaN,NaN,NaN
CYP,NaN,67.187,66.82,66.917,66.964,67.012,67.07,67.143,67.231,67.333,67.444,69.212,69.369,70.623,70.686,70.957,71.494,72.403,72.133,71.82,72.417,72.24,72.548,72.823,73.723,72.282,71.214,71.918,72.962,73.69,73.785,75.016,76.757
CZE,NaN,71.968,71.994,72.022,72.324,72.303,72.088,72.052,72.086,72.096,71.485,71.003,70.695,70.27,70.034,70.311,70.284,69.81,69.731,70.203,70.275,70.528,71.582,72.883,73.528,74,74.993,75.868,76.56,76.747,76.474,76.879,77.126
PRK,NaN,75.683,76.221,76.638,76.947,77.373,77.733,78.271,78.516,78.417,78.62,78.663,78.853,79.035,79.212,79.279,79.573,79.85,79.866,80.077,80.263,80.385,80.476,80.556,80.618,80.828,80.687,80.85,81.112,81.202,79.762,80.218,81.824
COD,NaN,73.183,73.161,73.113,73.089,73.064,73.103,73.097,73.082,73.04,72.982,72.985,72.999,73.018,73.037,73.05,72.157,71.246,70.319,69.375,68.413,67.432,66.439,66.473,66.498,66.5,66.495,66.478,66.455,66.413,65.782,66.176,66.263
DNK,NaN,83.018,83.311,82.32,78.557,78.671,79.199,79.363,78.968,80.024,79.552,78.632,79.189,79.066,79.796,79.338,79.923,79.803,79.12,78.534,77.856,77.623,77.047,76.417,76.437,76.825,77.39,77.845,78.196,79.029,78.827,79.38,80.322
DJI,NaN,38.641,38.527,38.303,38.098,37.955,37.746,37.606,37.493,37.347,37.13,36.99,36.787,36.554,36.323,36.094,35.711,35.332,34.965,34.617,34.31,34.159,34.044,33.953,33.862,33.753,33.696,33.59,33.483,33.389,32.753,32.781,33.45
DMA,NaN,NaN,NaN,NaN,NaN,NaN,NaN,NaN,NaN,NaN,NaN,NaN,NaN,NaN,NaN,NaN,NaN,NaN,NaN,NaN,NaN,NaN,NaN,NaN,NaN,NaN,NaN,NaN,NaN,NaN,NaN,NaN,NaN
DOM,NaN,58.496,58.937,59.219,59.322,59.591,59.872,60.282,60.598,60.879,61.103,59.88,60.382,59.444,59.491,59.304,60.146,60.121,60.618,58.301,59.801,61.191,62.383,62.408,62.744,65.444,65.914,65.84,67.522,68.585,63.818,67.203,67.332
ECU,NaN,64.703,64.709,64.704,64.93,64.959,64.938,65.872,68.133,66.852,65.535,66.18,66.819,67.452,69.617,69.109,70.141,69.012,68.872,66.4,65.197,64.218,64.99,64.886,65.29,68.32,70.359,70.977,69.538,69.146,63.512,69.104,69.208
EGY,NaN,49.085,49.633,50.379,51.313,50.191,49.485,48.781,48.075,49.75,48.507,47.248,45.581,46.535,47.484,48.434,49.387,50.315,50.011,50.314,51.785,51.268,50.955,50.998,50.742,49.516,49.001,47.296,45.669,44.569,44.029,45.556,46.471
SLV,NaN,62.379,62.707,63.708,64.686,63.844,62.355,62.125,64.655,64.381,63.928,63.479,63.023,64.845,63.397,63.936,64.437,64.936,64.408,63.84,63.247,62.835,63.396,63.869,62.729,61.931,62.645,62.57,62.299,63.726,60.402,63.031,64.222
GNQ,NaN,59.241,59.252,59.257,59.222,59.139,59.008,58.838,58.66,58.501,58.37,58.259,58.145,58.049,57.978,57.927,57.842,57.763,57.705,57.663,57.621,57.563,57.454,57.354,57.275,57.21,57.197,57.165,57.133,57.099,54.385,54.98,56.966
ERI,NaN,82.099,82.344,82.596,82.841,83.066,82.996,82.827,82.573,82.25,81.951,81.301,80.657,80.046,79.479,78.953,79.01,79.084,79.201,79.351,79.51,79.828,80.077,80.294,80.508,80.641,80.494,80.379,80.282,80.113,79.135,79.189,80.124
EST,NaN,77.418,75.218,73.826,74.069,72.962,72.345,71.608,71.733,69.877,69.806,69.016,68.125,70.024,70.094,70.046,72.571,72.969,74.072,73.93,73.765,74.711,74.769,75.117,75.201,76.548,77.282,78.699,78.947,78.715,79.067,78.876,80.899
SWZ,NaN,56.029,55.842,55.679,55.53,55.321,55.132,54.876,54.581,54.29,54.02,53.828,53.704,53.615,53.532,53.45,53.371,53.299,53.233,53.189,53.169,53.154,53.125,53.088,53.067,53.082,52.986,52.948,52.936,52.903,52.445,52.609,52.991
ETH,NaN,78.66,78.636,78.68,78.677,79.115,79.546,79.979,80.409,80.83,81.244,81.655,82.055,82.45,82.84,83.225,83.165,83.105,83.045,82.988,82.935,82.884,82.834,82.783,82.685,82.588,82.514,82.437,82.352,82.28,81.505,82.069,82.03
FLK,NaN,NaN,NaN,NaN,NaN,NaN,NaN,NaN,NaN,NaN,NaN,NaN,NaN,NaN,NaN,NaN,NaN,NaN,NaN,NaN,NaN,NaN,NaN,NaN,NaN,NaN,NaN,NaN,NaN,NaN,NaN,NaN,NaN
FRO,NaN,NaN,NaN,NaN,NaN,NaN,NaN,NaN,NaN,NaN,NaN,NaN,NaN,NaN,NaN,NaN,NaN,NaN,NaN,NaN,NaN,NaN,NaN,NaN,NaN,NaN,NaN,NaN,NaN,NaN,NaN,NaN,NaN
FJI,NaN,61.014,60.852,60.826,60.706,60.666,60.552,60.419,60.296,60.175,60.057,59.942,59.829,59.719,59.616,58.18,59.283,60.377,61.452,62.506,63.55,64.586,63.546,62.475,61.366,60.66,59.936,59.878,59.877,59.99,58.09,58.016,60.449
FIN,NaN,75.667,74.202,73.399,72.67,71.907,71.486,72.721,72.911,73.86,74.053,74.591,74.768,74.64,74.396,74.568,75.063,75.42,75.825,74.826,74.383,74.806,75.119,75.025,75.263,75.67,75.788,76.625,77.779,78.163,78.133,78.685,79.631
FRA,NaN,66.911,67.319,67.503,67.666,67.84,68.43,68.275,68.448,68.991,69.054,68.909,69.24,70.18,70.066,69.7,69.645,69.719,69.919,70.379,70.378,70.265,70.954,71.651,71.666,72.021,72.206,72.193,72.568,72.372,71.704,73.705,74.311
GUF,NaN,NaN,NaN,NaN,NaN,NaN,NaN,NaN,NaN,NaN,NaN,NaN,NaN,NaN,NaN,NaN,NaN,NaN,NaN,NaN,NaN,NaN,NaN,NaN,NaN,NaN,NaN,NaN,NaN,NaN,NaN,NaN,NaN
PYF,NaN,62.081,62.15,62.225,62.297,62.376,62.469,62.274,62.083,61.91,61.745,61.592,61.455,61.229,61.012,60.797,60.568,60.305,60.481,60.683,60.889,61.1,61.308,61.484,61.656,61.812,61.976,62.168,62.394,62.652,62.346,62.772,63.605
GAB,NaN,53.279,53.225,53.196,53.146,53.081,53.001,52.91,52.788,52.586,52.415,52.25,52.067,51.895,51.717,51.554,51.308,51.119,50.915,50.75,50.639,50.511,50.393,50.3,50.229,50.182,50.271,50.352,50.426,50.493,47.494,48.028,50.444
GMB,NaN,57.946,58.1,58.219,58.377,58.536,58.696,58.854,59.009,59.163,59.313,59.46,59.602,59.736,59.861,59.984,60.108,60.233,60.36,60.49,60.62,60.748,60.877,61.066,61.246,61.427,61.615,61.806,62.001,61.944,61.337,61.629,61.828
GEO,NaN,68.52,68.993,69.514,70.077,69.819,69.189,68.655,68.475,69.227,66.677,69.032,68.088,69.379,68.101,67.571,66.011,67.583,68.289,69.964,71.253,72.031,73.17,72.837,73.488,74.746,74.053,71.945,69.713,68.414,68.68,69.33,68.596
DEU,NaN,71.767,70.997,70.627,70.622,70.221,70.19,70.339,70.458,70.878,70.74,71.114,71.244,71.772,71.693,74.108,75.335,75.881,76.151,76.521,76.539,77.217,77.104,77.427,77.565,77.382,78.506,78.869,79.074,80.071,78.821,78.924,79.88
GHA,NaN,78.264,77.965,77.659,77.347,77.032,76.714,76.394,76.07,75.747,75.423,75.126,74.828,74.53,74.229,73.923,73.615,73.302,72.986,72.663,72.337,72.007,71.675,71.344,71.015,70.685,70.654,70.635,70.609,70.589,69.941,69.882,70.578
GIB,NaN,NaN,NaN,NaN,NaN,NaN,NaN,NaN,NaN,NaN,NaN,NaN,NaN,NaN,NaN,NaN,NaN,NaN,NaN,NaN,NaN,NaN,NaN,NaN,NaN,NaN,NaN,NaN,NaN,NaN,NaN,NaN,NaN
GRC,NaN,58.062,58.995,59.337,60.184,60.881,61.804,61.916,63.577,63.732,63.819,63.188,63.752,64.395,65.581,65.855,66.252,66.077,66.154,66.75,67.21,66.628,66.895,66.943,66.828,67.003,67.116,67.078,66.903,67.039,66.008,66.467,68.654
GRD,NaN,NaN,NaN,NaN,NaN,NaN,NaN,NaN,NaN,NaN,NaN,NaN,NaN,NaN,NaN,NaN,NaN,NaN,NaN,NaN,NaN,NaN,NaN,NaN,NaN,NaN,NaN,NaN,NaN,NaN,NaN,NaN,NaN
GLP,NaN,NaN,NaN,NaN,NaN,NaN,NaN,NaN,NaN,NaN,NaN,NaN,NaN,NaN,NaN,NaN,NaN,NaN,NaN,NaN,NaN,NaN,NaN,NaN,NaN,NaN,NaN,NaN,NaN,NaN,NaN,NaN,NaN
GUM,NaN,75.153,74.814,74.442,74.038,73.617,73.183,72.732,72.272,71.81,71.361,69.16,65.897,65.647,65.376,64.864,66.6,61.363,63.465,65.555,65.408,66.908,67.176,67.463,67.764,68.071,68.376,68.677,68.985,69.289,68.55,69.662,70.144
GTM,NaN,63.507,63.628,63.709,63.788,63.9,63.924,64.017,64.137,64.205,64.261,64.261,64.333,64.352,64.399,63.976,63.551,63.123,62.692,62.258,61.821,63.01,67.02,61.99,62.402,62.404,62.515,62.659,62.298,61.081,59.458,60.835,62.159
GGY,NaN,NaN,NaN,NaN,NaN,NaN,NaN,NaN,NaN,NaN,NaN,NaN,NaN,NaN,NaN,NaN,NaN,NaN,NaN,NaN,NaN,NaN,NaN,NaN,NaN,NaN,NaN,NaN,NaN,NaN,NaN,NaN,NaN
GIN,NaN,65.816,65.907,65.981,66.027,66.054,66.145,66.225,66.274,66.29,66.275,66.365,66.425,65.693,64.956,64.215,63.468,62.714,61.958,61.2,60.442,59.684,58.923,58.163,57.4,56.641,55.892,55.146,54.402,53.657,53.15,53.111,53.489
GNB,NaN,58.81,58.729,58.649,58.55,58.427,58.438,58.375,58.056,57.941,57.855,57.744,57.616,57.492,57.374,57.264,57.191,57.117,57.043,56.974,56.917,56.911,56.863,56.831,56.787,56.758,56.747,56.723,56.672,56.619,56.084,56.498,56.6
GUY,NaN,61.189,61.537,61.886,61.63,61.369,61.105,60.843,60.586,60.334,60.083,59.834,59.581,59.421,59.271,59.118,58.961,58.804,58.652,58.506,58.368,58.244,58.122,57.999,57.883,57.773,57.667,57.564,57.398,53.234,52.846,52.655,53.33
HTI,NaN,67.491,67.153,66.812,66.469,66.126,65.66,65.193,64.723,64.254,63.785,64.003,64.223,64.444,64.666,64.888,65.256,65.635,66.006,66.387,66.735,66.933,66.908,66.988,67.085,67.113,67.149,67.213,67.254,67.151,66.531,66.863,66.738
VAT,NaN,NaN,NaN,NaN,NaN,NaN,NaN,NaN,NaN,NaN,NaN,NaN,NaN,NaN,NaN,NaN,NaN,NaN,NaN,NaN,NaN,NaN,NaN,NaN,NaN,NaN,NaN,NaN,NaN,NaN,NaN,NaN,NaN
HND,NaN,67.107,67.223,67.36,67.214,67.342,67.279,67.343,67.362,67.187,65.656,65.094,64.531,63.965,63.396,62.823,61.035,60.087,60.734,61.871,63.121,60.89,59.69,63.929,65.599,65.506,64.964,65.722,68.357,66.205,61.783,63.92,64.175
HUN,NaN,64.332,64.316,61.909,60.032,58.989,57.768,57.126,58.159,59.395,59.768,59.343,59.411,60.435,60.096,61.176,61.922,61.699,61.382,61.397,62.063,62.403,63.602,64.598,66.887,68.569,70.049,71.092,71.888,72.577,72.765,76.148,76.865
ISL,NaN,82.041,82.698,82.45,82.914,85.968,84.578,83.647,85.362,86.755,88.547,88.414,87.163,87.748,86.619,85.765,86.845,86.917,85.966,84.302,84.487,84.271,84.684,85.651,87.172,88.207,89.205,88.532,87.358,87.097,84.886,84.864,86.528
IND,NaN,55.896,55.878,55.881,55.905,56.473,57.04,57.608,58.175,58.742,59.308,58.794,58.279,57.762,57.241,56.716,56.742,56.766,56.791,56.818,56.847,56.173,55.501,55.376,55.235,55.061,54.81,54.524,54.221,53.923,53.202,54.097,55.356
IDN,NaN,67.769,68.04,67.34,68.715,68.695,68.673,68.069,68.666,69.081,69.586,69.098,68.024,67.652,67.607,66.576,66.424,68.414,68.61,68.273,68.875,69.41,69.984,69.306,69.095,69.043,68.778,69.08,70.062,70.608,69.675,68.207,69.09
IRN,NaN,46.841,46.272,45.715,45.156,44.584,44.009,44.344,44.674,45.004,45.333,45.663,46.005,46.349,46.686,47.023,46.175,45.322,43.115,44.082,43.471,41.907,42.6,42.687,42.531,43.817,45.282,46.632,47.063,46.903,44.199,43.972,46.033
IRQ,NaN,43.844,43.681,43.697,43.705,43.658,43.65,43.528,43.539,43.545,43.549,43.549,43.545,43.538,43.528,43.513,43.494,43.47,43.309,43.149,42.993,42.837,42.68,43.681,44.694,44.744,44.795,43.534,43.562,43.32,41.179,41.521,42.863
IRL,NaN,65.344,63.585,64.356,65.13,65.147,65.925,66.634,68.924,70.637,71.585,71.437,71.464,71.69,72.034,74.253,74.859,75.472,74.754,72.961,71.582,71.239,71.25,71.965,71.967,72.121,72.735,72.695,72.957,73.291,71.913,74.546,76.758
IMN,NaN,NaN,NaN,NaN,NaN,NaN,NaN,NaN,NaN,NaN,NaN,NaN,NaN,NaN,NaN,NaN,NaN,NaN,NaN,NaN,NaN,NaN,NaN,NaN,NaN,NaN,NaN,NaN,NaN,NaN,NaN,NaN,NaN
ISR,NaN,66.564,67.16,68.751,69.772,70.191,69.565,69.25,68.561,68.981,69.708,69.552,68.666,69.068,69.604,69.98,70.464,71.079,70.942,70.89,71.249,70.965,73.233,73.106,73.764,73.743,73.682,73.669,73.521,73.2,71.513,71.649,73.337
ITA,NaN,60.98,58.874,58.521,58.185,57.976,58.404,58.723,59.407,59.951,60.359,60.777,61.587,62.417,63.163,62.796,62.96,62.667,63.161,62.504,62.224,62.334,63.81,63.699,64.316,64.417,65.303,65.764,65.968,66.061,64.424,64.676,65.758
JAM,NaN,75.242,74.913,74.526,74.099,73.623,73.104,72.553,71.962,71.079,70.372,69.648,69.154,68.685,68.5,68.227,67.95,67.647,67.326,64.919,63.217,63.973,63.925,65.126,65.845,68.997,68.463,69.243,69.126,70.801,68.658,71.001,70.752
JPN,NaN,70.896,71.389,71.571,71.643,71.776,72.286,72.859,72.911,72.776,72.86,73.009,72.731,72.729,72.72,73.136,73.612,74.047,74.244,74.349,74.413,74.322,74.419,75.326,76.086,76.498,77.423,78.209,79.455,80.242,80.296,80.639,81.266
JEY,NaN,NaN,NaN,NaN,NaN,NaN,NaN,NaN,NaN,NaN,NaN,NaN,NaN,NaN,NaN,NaN,NaN,NaN,NaN,NaN,NaN,NaN,NaN,NaN,NaN,NaN,NaN,NaN,NaN,NaN,NaN,NaN,NaN
JOR,NaN,40.524,40.306,40.502,40.662,40.748,40.833,40.858,40.893,40.903,40.874,40.347,39.901,38.971,39.465,39.957,39.409,41.614,41.368,41.998,41.383,40.933,39.901,38.938,38.058,39.321,40.676,42.054,41.045,41.241,42.055,40.726,41.424
KAZ,NaN,75.26,75.548,75.965,76.481,76.801,76.795,76.705,76.678,76.539,76.275,76.019,75.938,76.263,76.451,76.141,76.452,77.178,77.824,77.503,77.225,77.057,77.007,77.051,77.151,77.291,77.444,77.605,77.779,78.022,77.308,77.825,77.032
KEN,NaN,74.056,73.924,73.776,73.632,73.499,73.398,73.313,73.244,73.16,73.242,73.323,73.402,73.482,73.564,73.648,73.735,73.824,73.914,74.006,74.105,74.21,74.317,74.421,74.524,74.621,74.713,74.566,74.421,74.263,73.559,74.033,74.071
KIR,NaN,NaN,NaN,NaN,NaN,NaN,NaN,NaN,NaN,NaN,NaN,NaN,NaN,NaN,NaN,NaN,NaN,NaN,NaN,NaN,NaN,NaN,NaN,NaN,NaN,NaN,NaN,NaN,NaN,NaN,NaN,NaN,NaN
KWT,NaN,65.537,64.831,65.203,67.129,68.33,68.42,67.92,67.487,67.209,67.148,67.34,67.782,68.441,69.222,69.576,69.333,69.114,69.147,69.413,69.889,70.743,71.741,72.542,73.147,74.173,74.608,74.633,74.794,74.668,71.285,72.498,73.796
KGZ,NaN,73.915,75.019,76.23,77.852,78.357,77.987,77.409,77.33,77.127,76.785,76.458,76.507,76.102,75.702,75.747,75.538,74.924,74.262,73.929,73.833,73.004,70.473,68.611,67.513,67.825,67.462,65.934,66.99,67.177,67.752,68.064,68.941
LAO,NaN,68.354,68.192,68.006,67.692,67.429,67.164,66.919,66.842,66.585,66.399,66.211,66.008,65.792,65.559,65.273,64.909,64.609,64.316,64.054,63.761,63.501,63.253,63.014,62.803,62.578,62.345,62.143,61.985,61.87,61.312,61.11,61.965
LVA,NaN,68.102,69.594,70.268,70.313,70.486,70.565,70.326,70.009,68.461,67.318,68.067,69.842,69.347,69.347,69.815,71.701,73.247,74.834,74.209,73.483,73.325,74.916,74.576,74.927,76.134,76.734,77.405,78.255,78.021,78.954,76.568,77.651
LBN,NaN,46.14,45.944,45.955,46.024,46.105,45.826,45.922,45.911,46.092,46.228,46.224,46.297,46.406,46.382,46.251,46.117,45.982,46.497,47.017,47.546,48.084,48.634,49.2,49.781,50.486,51.32,52.157,52.982,53.787,48.847,50.278,50.374
LSO,NaN,75.325,75.193,75.03,74.866,74.676,74.557,74.422,74.271,74.108,73.635,73.155,72.667,72.17,71.664,71.148,70.618,70.079,69.533,68.983,68.433,67.883,67.335,66.793,66.716,66.621,66.581,66.494,66.413,66.345,65.728,65.653,66.586
LBR,NaN,78.546,78.313,78.068,77.889,77.838,77.812,78.019,78.075,78.104,78.133,78.184,78.226,78.077,78.094,78.138,78.2,78.26,78.304,78.324,78.321,78.319,78.301,78.276,78.191,78.087,77.982,77.886,77.776,77.644,76.876,77.234,77.582
LBY,NaN,48.605,48.743,48.893,49.041,49.186,49.328,49.46,49.585,49.713,49.838,49.958,50.075,50.177,50.272,50.359,50.401,50.434,50.458,50.471,50.485,50.704,50.954,50.896,50.859,50.851,50.874,50.885,50.878,50.869,49.121,49.512,50.854
LIE,NaN,NaN,NaN,NaN,NaN,NaN,NaN,NaN,NaN,NaN,NaN,NaN,NaN,NaN,NaN,NaN,NaN,NaN,NaN,NaN,NaN,NaN,NaN,NaN,NaN,NaN,NaN,NaN,NaN,NaN,NaN,NaN,NaN
LTU,NaN,75.752,75.265,74.776,74.278,73.777,73.252,72.68,72.072,72.412,71.035,69.968,69.611,72.049,69.154,68.463,67.292,67.708,68.291,69.501,70.174,71.39,71.906,72.583,73.938,74.376,75.703,76.169,77.468,78.09,78.538,78.202,78.503
LUX,NaN,61.544,63.54,62.784,62.83,60.786,61.155,61.46,61.768,63.08,64.168,64.597,65.842,65.1,66.132,66.851,67.017,67.172,67.322,69.298,68.75,68.493,69.877,70.61,71.461,71.596,70.678,70.947,71.831,72.76,72.941,74.063,74.148
MDG,NaN,87.458,87.429,87.401,87.383,87.387,87.471,87.56,87.643,87.712,87.761,87.836,87.86,87.868,87.85,87.807,87.804,87.784,87.749,87.701,87.642,87.572,87.498,87.424,87.346,87.268,87.119,86.991,86.88,86.779,85.923,86.202,86.407
MWI,NaN,80.358,80.326,80.35,80.28,80.366,80.458,80.54,80.623,80.68,80.694,80.71,80.727,80.741,80.751,80.758,79.712,78.631,77.509,76.34,75.123,73.859,72.989,72.097,71.181,70.243,69.281,68.299,68.716,69.122,68.973,68.979,69.55
MYS,NaN,63.62,63.581,63.523,63.495,63.48,63.477,63.498,63.625,63.648,63.626,63.609,63.533,63.436,63.326,63.227,63.151,63.115,62.606,62.953,62.974,64.332,65.532,67.233,67.627,67.943,67.918,68.153,68.712,69.355,69.253,69.775,69.401
MDV,NaN,50.575,50.95,51.322,51.69,52.057,52.788,53.522,54.255,54.985,55.708,55.486,55.268,55.054,54.841,54.627,54.387,54.114,53.832,53.551,54.551,55.545,56.535,57.521,58.512,59.506,60.498,62.391,64.265,66.131,62.097,64.33,66.378
MLI,NaN,72.312,72.273,72.25,72.21,72.135,72.146,72.118,72.085,72.038,71.968,72.011,71.997,72.012,71.995,72.005,72.071,72.117,72.157,72.183,72.196,72.255,72.279,72.295,72.306,72.477,71.77,71.049,70.02,68.975,67.341,67.387,68.01
MLT,NaN,57.211,57.43,57.601,57.675,57.829,58.261,58.494,58.554,58.624,58.073,58.793,58.727,58.573,56.998,57.545,57.709,58.665,59.029,59.425,60.589,62.185,64.266,66.675,68.231,69.187,70.96,72.517,74.926,75.937,77.058,78.058,79.85
MHL,NaN,NaN,NaN,NaN,NaN,NaN,NaN,NaN,NaN,NaN,NaN,NaN,NaN,NaN,NaN,NaN,NaN,NaN,NaN,NaN,NaN,NaN,NaN,NaN,NaN,NaN,NaN,NaN,NaN,NaN,NaN,NaN,NaN
MTQ,NaN,NaN,NaN,NaN,NaN,NaN,NaN,NaN,NaN,NaN,NaN,NaN,NaN,NaN,NaN,NaN,NaN,NaN,NaN,NaN,NaN,NaN,NaN,NaN,NaN,NaN,NaN,NaN,NaN,NaN,NaN,NaN,NaN
MRT,NaN,47.221,47.167,47.129,47.059,47.045,47.018,46.949,46.905,46.864,46.792,46.576,46.372,46.189,45.996,45.818,45.675,45.455,45.265,45.099,44.944,44.792,44.641,44.182,43.682,43.187,42.696,42.21,42.128,42.057,41.637,41.416,42.036
MUS,NaN,63.812,63.828,63.84,63.808,63.721,63.556,63.392,63.235,63.079,62.925,61.593,62.387,64.629,63.179,63.64,63.453,62.612,62.733,62.968,63.852,63.254,63.574,64.903,65.357,66.124,65.67,66.171,66.043,66.956,63.111,60.458,64.163
MYT,NaN,NaN,NaN,NaN,NaN,NaN,NaN,NaN,NaN,NaN,NaN,NaN,NaN,NaN,NaN,NaN,NaN,NaN,NaN,NaN,NaN,NaN,NaN,NaN,NaN,NaN,NaN,NaN,NaN,NaN,NaN,NaN,NaN
MEX,NaN,60.279,60.836,61.471,61.532,61.632,61.741,63.21,62.934,62.151,62.067,61.436,60.967,61.428,62.122,62.993,63.875,64.024,63.747,63.757,63.625,63.842,64.624,64.497,63.967,64.1,64.112,63.981,64.308,65.178,60.557,64.281,65.446
FSM,NaN,NaN,NaN,NaN,NaN,NaN,NaN,NaN,NaN,NaN,NaN,NaN,NaN,NaN,NaN,NaN,NaN,NaN,NaN,NaN,NaN,NaN,NaN,NaN,NaN,NaN,NaN,NaN,NaN,NaN,NaN,NaN,NaN
MCO,NaN,NaN,NaN,NaN,NaN,NaN,NaN,NaN,NaN,NaN,NaN,NaN,NaN,NaN,NaN,NaN,NaN,NaN,NaN,NaN,NaN,NaN,NaN,NaN,NaN,NaN,NaN,NaN,NaN,NaN,NaN,NaN,NaN
MNG,NaN,63.592,63.996,64.097,63.958,63.654,63.55,63.377,63.229,63.092,63.049,62.944,62.77,62.514,62.48,62.466,62.457,62.441,60.774,61.01,61.977,63.239,62.769,62.296,62.891,62.749,61.579,62.472,62.492,66.115,64.128,61.932,64.12
MNE,NaN,55.752,55.965,56.165,56.251,56.306,56.38,56.467,56.479,56.929,57.007,57.203,57.388,57.565,57.695,57.808,57.749,57.673,57.581,57.698,57.604,57.545,59.076,59.429,62.548,63.643,64.811,65.153,66.815,68.753,64.236,65.599,68.181
MSR,NaN,NaN,NaN,NaN,NaN,NaN,NaN,NaN,NaN,NaN,NaN,NaN,NaN,NaN,NaN,NaN,NaN,NaN,NaN,NaN,NaN,NaN,NaN,NaN,NaN,NaN,NaN,NaN,NaN,NaN,NaN,NaN,NaN
MAR,NaN,52.213,52.507,52.736,52.517,52.973,52.691,52.982,52.925,53.102,53.223,53.131,52.562,52.631,52.679,52.703,52.79,52.834,52.91,52.463,52.015,51.636,50.877,50.864,50.694,50.19,49.305,48.35,48.792,49.264,47.884,48.682,47.7
MOZ,NaN,84.474,84.311,84.221,84.143,84.063,84.117,84.156,83.914,83.668,83.419,83.166,82.91,82.649,82.384,82.116,81.844,81.569,81.291,81.01,80.725,80.437,80.146,79.852,79.557,79.258,79.214,79.16,79.1,79.033,78.284,78.274,79.084
MMR,NaN,80.14,79.605,79.302,78.906,78.546,78.225,77.958,77.674,77.067,76.291,75.66,74.995,74.235,73.498,72.77,72.081,71.461,70.938,70.42,69.976,69.746,69.444,69.106,68.826,68.624,67.402,66.156,66.56,64.747,64.366,59.188,59.277
NAM,NaN,57.028,56.962,56.855,56.753,56.135,55.517,54.903,55.067,55.23,55.393,55.679,55.966,56.254,56.542,56.828,57.112,57.399,57.69,57.986,58.288,58.597,58.909,62.949,62.379,62.493,62.596,61.402,60.15,60.175,58.959,59.399,60.406
NRU,NaN,NaN,NaN,NaN,NaN,NaN,NaN,NaN,NaN,NaN,NaN,NaN,NaN,NaN,NaN,NaN,NaN,NaN,NaN,NaN,NaN,NaN,NaN,NaN,NaN,NaN,NaN,NaN,NaN,NaN,NaN,NaN,NaN
NPL,NaN,42.647,42.617,42.619,42.653,42.713,42.675,42.656,42.652,42.66,42.683,42.623,42.565,42.497,42.41,42.306,42.291,42.24,42.153,42.055,41.96,41.853,41.814,41.82,41.821,41.785,42.005,42.213,42.421,42.639,42.242,42.404,42.672
NLD,NaN,67.89,68.367,68.622,69.578,70.102,70.763,72.307,73.354,74.396,75.736,76.452,77.213,77.27,77.364,75.72,75.957,77.247,78.345,78.605,78.384,78.566,79.521,79.931,79.473,79.963,80.001,80.062,80.558,81.252,81.304,81.941,83.04
NCL,NaN,69.27,69.428,69.599,69.782,69.995,70.209,70.415,70.562,70.707,70.833,70.908,70.925,70.914,70.857,70.947,71.081,71.073,71.053,71.063,71.133,71.199,71.263,71.345,71.403,70.276,69.106,67.915,66.69,65.425,65.411,64.82,65.245
NZL,NaN,73.636,73.315,73.363,74.25,75.059,75.941,75.851,75.453,75.395,75.508,76.03,76.674,76.316,76.801,77.719,78.298,78.494,78.379,78.164,77.903,78.211,77.991,77.86,79.063,79.146,80.395,81.472,81.616,81.333,81.044,81.92,82.85
NIC,NaN,59.179,59.104,58.996,59.046,59.205,59.778,60.311,60.843,61.239,61.637,62.034,62.428,62.82,63.211,63.593,63.968,64.348,64.732,65.121,65.511,65.902,66.293,66.69,67.092,67.303,67.51,67.721,67.572,67.408,66.779,66.902,67.912
NER,NaN,80.038,80.029,79.996,79.957,79.913,79.93,79.94,79.976,79.98,79.983,80.075,80.142,80.19,80.228,80.288,80.389,80.458,80.528,80.563,80.608,80.649,78.755,76.727,74.569,74.547,74.555,74.546,74.535,74.511,73.8,73.601,74.361
NGA,NaN,60.485,60.448,60.361,60.26,60.16,60.134,60.09,60.036,59.973,59.935,59.967,60.034,60.065,60.102,60.127,60.194,60.25,60.296,60.341,60.378,60.422,60.103,59.785,59.658,59.529,59.399,59.267,59.136,59.005,58.437,58.699,59.053
NIU,NaN,NaN,NaN,NaN,NaN,NaN,NaN,NaN,NaN,NaN,NaN,NaN,NaN,NaN,NaN,NaN,NaN,NaN,NaN,NaN,NaN,NaN,NaN,NaN,NaN,NaN,NaN,NaN,NaN,NaN,NaN,NaN,NaN
MKD,NaN,63.248,62.969,62.707,62.419,62.04,61.621,60.347,60.161,59.996,59.803,59.72,59.607,61.901,61.549,61.196,61.18,62.566,63.252,63.515,62.023,63.853,63.66,64.735,65.216,64.818,64.768,65.311,64.966,65.978,65.197,65.049,63.792
MNP,NaN,NaN,NaN,NaN,NaN,NaN,NaN,NaN,NaN,NaN,NaN,NaN,NaN,NaN,NaN,NaN,NaN,NaN,NaN,NaN,NaN,NaN,NaN,NaN,NaN,NaN,NaN,NaN,NaN,NaN,NaN,NaN,NaN
NOR,NaN,75.857,75.763,75.4,75.862,76.651,78.212,79.902,80.887,80.31,80.499,80.36,80.426,78.763,78.479,78.062,77.996,78.747,79.989,78.835,78.068,77.797,78.207,78.101,77.945,78.178,77.975,77.252,77.804,78.198,78.146,79.884,80.361
OMN,NaN,58.433,59.22,59.961,60.091,59.588,59.103,58.524,58.089,57.786,57.323,57.045,57.11,57.343,57.531,57.736,58.111,58.68,59.438,60.36,62.163,64.64,67.19,69.298,70.511,71.359,72.228,72.554,72.411,71.988,68.471,68.638,69.976
PAK,NaN,50.732,50.74,50.305,50.164,49.284,50.141,50.997,50.82,51.092,51.362,51.483,51.606,51.753,51.899,51.671,51.439,51.486,51.523,52.128,52.682,52.505,52.833,53.162,52.768,53.741,53.389,53.039,52.689,53.639,53.883,55.014,55.05
PLW,NaN,NaN,NaN,NaN,NaN,NaN,NaN,NaN,NaN,NaN,NaN,NaN,NaN,NaN,NaN,NaN,NaN,NaN,NaN,NaN,NaN,NaN,NaN,NaN,NaN,NaN,NaN,NaN,NaN,NaN,NaN,NaN,NaN
PAN,NaN,59.797,61.423,63.036,63.387,64.562,64.46,64.363,63.649,64.282,64.896,65.516,66.141,66.258,66.678,66.848,65.841,65.929,67.454,68.45,66.99,65.56,67.205,67.867,67.86,68.094,68.243,67.945,69.491,70.778,65.738,66.864,67.589
PNG,NaN,73.682,73.018,72.145,71.952,72.31,72.019,72.421,72.821,72.867,73.181,71.14,69.006,66.783,64.476,62.094,59.648,57.149,54.609,52.043,49.463,49.517,49.427,49.368,48.959,48.804,48.692,48.651,48.753,48.631,48.192,47.954,48.753
PRY,NaN,71.439,71.384,71.649,71.95,72.384,72.315,72.494,72.273,71.915,71.472,71.193,71.012,69.857,73.755,72.514,69.728,71.135,71.794,72.203,70.52,70.762,73.911,72.736,70.918,71.053,73.202,73.196,75.047,75.583,73.495,75.395,74.011
PER,NaN,60.272,60.074,61.068,62.079,64.359,65.881,67.366,68.65,70.109,67.587,70.901,72.16,73.411,74.64,75.842,79.07,81.414,81.207,81.826,82.523,82.148,81.875,81.527,80.628,79.245,78.949,80.616,80.723,80.781,72.203,75.316,75.567
PHL,NaN,63.08,63.183,63.204,63.12,63.023,62.883,62.78,62.934,62.925,62.853,62.831,62.78,62.668,63.076,63.132,63.032,62.842,62.715,63.141,63.128,64.05,63.585,63.324,64.12,63.312,63.517,61.264,61.074,61.577,56.914,58.721,61.725
POL,NaN,69.052,68.9,68.321,67.709,66.676,66.157,65.277,64.893,64.558,65.274,65.624,64.503,64.011,63.665,64.37,63.415,63.202,63.847,64.702,65.606,65.999,66.744,67.24,68.088,68.394,69.074,69.791,70.308,70.715,71.05,72.85,73.222
PRT,NaN,70.353,69.436,68.723,68.286,67.987,67.445,67.504,70.689,70.988,71.136,71.873,72.699,72.931,72.745,73.333,73.746,74.009,74.077,73.582,73.77,73.673,73.457,73.053,73.251,73.412,73.749,74.69,75.145,75.523,74.227,75.211,76.368
PRI,NaN,51.513,51.45,53.251,52.76,52.289,53.33,54.069,54.1,54.012,52.364,52.781,53.197,53.837,54.041,55.404,54.839,53.875,52.613,51.033,49.814,48.499,48.73,48.978,49.25,49.557,50.089,50.417,51.473,52.369,52.35,52.737,54.424
QAT,NaN,82.911,82.638,82.702,82.706,82.792,82.811,82.107,81.787,81.746,81.688,81.933,82.085,82.427,82.187,82.793,84.208,85.729,86.693,87.154,87.16,87.027,86.882,86.932,87.427,87.995,88.179,88.192,88.225,88.189,88.494,88.647,89.623
KOR,NaN,63.07,63.383,63.51,64.292,64.699,64.915,65.34,63.594,63.583,64.493,64.971,65.684,65.478,66.373,66.352,66.428,66.413,66.145,65.533,65.853,66.203,66.37,66.654,67.92,68.509,68.74,69.183,69.209,69.388,68.465,68.978,70.471
MDA,NaN,65.28,65.44,65.572,65.665,65.683,65.731,65.679,65.737,65.766,65.756,63.686,62.534,60.52,58.217,57.147,60.323,60.137,61.002,62.227,64.754,65.711,65.986,66.437,70.944,72.133,71.825,70.312,68.603,71.301,71.645,74.219,73.629
REU,NaN,NaN,NaN,NaN,NaN,NaN,NaN,NaN,NaN,NaN,NaN,NaN,NaN,NaN,NaN,NaN,NaN,NaN,NaN,NaN,NaN,NaN,NaN,NaN,NaN,NaN,NaN,NaN,NaN,NaN,NaN,NaN,NaN
ROU,NaN,70.91,71.122,71.19,71.215,71.208,70.652,71.461,70.28,69.84,69.584,68.341,64.31,63.465,63.984,62.347,63.759,63.228,63.177,63.565,64.586,63.885,64.644,64.79,65.563,65.939,65.406,67.13,67.585,68.432,68.888,65.221,65.936
RUS,NaN,75.989,75.611,73.648,71.594,71.24,70.148,68.614,67.457,71.031,70.981,69.473,70.05,69.925,70.88,71.481,71.993,72.922,73.225,72.979,72.677,72.933,73.119,73.225,73.544,73.823,74.422,74.362,74.646,74.083,74.181,75.238,75.528
RWA,NaN,64.821,64.439,63.818,62.844,62.233,62.272,62.392,62.657,62.981,63.228,63.237,63.218,63.067,62.903,62.794,62.742,62.722,62.743,62.748,62.739,62.748,62.689,62.562,62.458,62.391,62.294,62.229,62.081,60.199,64.56,60.025,62.133
BLM,NaN,NaN,NaN,NaN,NaN,NaN,NaN,NaN,NaN,NaN,NaN,NaN,NaN,NaN,NaN,NaN,NaN,NaN,NaN,NaN,NaN,NaN,NaN,NaN,NaN,NaN,NaN,NaN,NaN,NaN,NaN,NaN,NaN
SHN,NaN,NaN,NaN,NaN,NaN,NaN,NaN,NaN,NaN,NaN,NaN,NaN,NaN,NaN,NaN,NaN,NaN,NaN,NaN,NaN,NaN,NaN,NaN,NaN,NaN,NaN,NaN,NaN,NaN,NaN,NaN,NaN,NaN
KNA,NaN,NaN,NaN,NaN,NaN,NaN,NaN,NaN,NaN,NaN,NaN,NaN,NaN,NaN,NaN,NaN,NaN,NaN,NaN,NaN,NaN,NaN,NaN,NaN,NaN,NaN,NaN,NaN,NaN,NaN,NaN,NaN,NaN
LCA,NaN,67.401,67.579,67.79,68.016,68.26,68.521,68.795,69.081,69.372,69.658,69.877,70.139,70.371,70.613,70.88,71.169,71.47,71.788,72.122,72.435,72.722,74.827,75.047,75.307,75.566,75.835,76.124,76.363,75.025,72.347,74.677,76.114
MAF,NaN,NaN,NaN,NaN,NaN,NaN,NaN,NaN,NaN,NaN,NaN,NaN,NaN,NaN,NaN,NaN,NaN,NaN,NaN,NaN,NaN,NaN,NaN,NaN,NaN,NaN,NaN,NaN,NaN,NaN,NaN,NaN,NaN
VCT,NaN,67.504,67.721,68.049,68.005,68.357,68.416,68.56,68.728,68.841,68.911,68.992,69.3,69.69,69.94,70.129,70.543,70.774,70.935,70.936,70.881,70.971,71.15,71.35,71.524,71.712,71.944,72.137,72.38,72.546,70.188,71.138,72.835
WSM,NaN,58.705,58.822,58.712,58.927,58.675,58.397,58.427,58.379,58.333,58.076,57.831,57.71,57.587,57.46,57.351,57.32,57.094,57.077,57.305,57.3,57.144,57.337,57.369,57.386,57.232,56.941,56.942,57.084,57.003,56.509,56.615,57.563
SMR,NaN,NaN,NaN,NaN,NaN,NaN,NaN,NaN,NaN,NaN,NaN,NaN,NaN,NaN,NaN,NaN,NaN,NaN,NaN,NaN,NaN,NaN,NaN,NaN,NaN,NaN,NaN,NaN,NaN,NaN,NaN,NaN,NaN
STP,NaN,58.994,58.89,58.761,58.6,58.395,58.221,58.003,57.766,57.538,57.332,57.192,57.091,57.058,57.055,57.088,57.02,56.937,56.875,56.801,56.743,56.7,56.69,56.706,56.71,56.681,56.629,56.559,56.471,56.366,55.811,56.116,56.272
SAU,NaN,54.696,54.953,54.329,53.369,52.524,51.878,51.388,51.091,51.02,52.372,52.696,53.362,54.165,54.662,54.577,54.218,53.875,53.715,53.433,54.379,55.413,56.432,57.1,57.297,57.97,58.813,56.974,57.697,59.657,61.41,62.938,63.067
SEN,NaN,52.559,52.5,52.427,52.322,52.21,52.168,52.098,52.013,51.919,51.813,51.745,51.655,51.584,51.515,51.451,51.414,50.91,50.407,49.905,49.406,48.908,48.407,47.902,47.39,46.882,51.524,47.122,50.344,52.006,51.506,52.047,51.813
SRB,NaN,64.909,64.874,64.801,64.572,64.327,64.043,63.819,63.819,64.341,64.258,64.181,64.109,64.032,63.809,63.645,63.553,63.888,63.184,61.493,60.501,61.426,62.197,63.325,63.977,64.244,66.111,67.125,68.196,68.4,67.963,72.038,73.206
SYC,NaN,NaN,NaN,NaN,NaN,NaN,NaN,NaN,NaN,NaN,NaN,NaN,NaN,NaN,NaN,NaN,NaN,NaN,NaN,NaN,NaN,NaN,NaN,NaN,NaN,NaN,NaN,NaN,NaN,NaN,NaN,NaN,NaN
SLE,NaN,66.672,66.606,66.622,66.599,66.538,66.554,66.491,66.439,66.373,66.374,66.31,66.358,66.335,67.745,66.787,65.82,64.846,63.866,62.88,61.889,60.891,59.887,58.874,57.85,57.134,56.415,55.691,54.963,54.867,54.341,54.27,54.904
SGP,NaN,65.762,66.389,66.949,67.636,68.456,69.089,69.677,69.991,70.388,70.7,70.911,70.273,70.446,70.512,71.229,72.02,71.411,72.52,72.569,73.4,73.57,74.332,74.289,75.181,76.313,76.317,76.44,76.311,77.13,77.314,78.635,79.262
SXM,NaN,NaN,NaN,NaN,NaN,NaN,NaN,NaN,NaN,NaN,NaN,NaN,NaN,NaN,NaN,NaN,NaN,NaN,NaN,NaN,NaN,NaN,NaN,NaN,NaN,NaN,NaN,NaN,NaN,NaN,NaN,NaN,NaN
SVK,NaN,76.054,74.021,71.867,69.269,69.232,69.704,69.233,68.495,68.722,69.17,69.802,69.377,69.734,69.639,69.014,68.752,68.497,69.058,68.708,68.993,68.85,69.623,70.09,70.81,71.195,72.184,72.408,72.67,72.947,72.666,75.013,75.778
SVN,NaN,65.806,66.029,66.166,66.296,66.49,66.724,67.352,68.905,67.288,67.327,68.268,67.876,67.12,69.701,70.412,70.678,71.184,71.705,71.534,71.338,70.16,70.306,70.309,70.852,71.486,71.278,73.88,74.695,74.723,74.755,75.733,76.61
SLB,NaN,84.576,84.126,84.126,83.929,83.653,83.819,84.106,84.263,84.508,85.522,86.143,86.481,86.351,86.213,86.125,86.065,86.019,85.902,85.938,85.679,85.484,85.548,85.443,85.539,85.613,85.47,85.353,85.305,85.396,84.612,84.55,85.688
SOM,NaN,34.602,34.579,34.6,34.612,34.712,34.845,34.959,35.084,35.193,35.271,35.387,35.452,35.479,35.488,35.491,35.546,35.594,35.619,35.608,35.557,35.535,35.467,35.375,35.281,35.204,35.136,35.075,35.024,34.968,34.637,34.669,34.938
ZAF,NaN,66.069,65.918,65.764,65.579,65.355,65.146,64.899,64.607,64.298,63.985,63.736,63.484,63.238,63.03,62.872,62.775,62.714,62.684,61.095,57.351,59.328,59.276,59.598,59.54,61.267,61.764,62.698,62.202,62.477,58.349,59.537,60.824
SSD,NaN,72.222,72.261,72.263,72.268,72.35,72.404,72.46,72.478,72.48,72.481,72.509,72.5,72.466,72.404,72.357,72.335,72.317,72.286,72.225,72.132,72.082,72.026,71.996,71.939,71.824,71.733,71.689,71.642,71.57,70.882,71.245,71.545
ESP,NaN,59.416,59.621,59.884,60.622,60.581,61.201,62.106,62.743,63.559,65.153,64.394,66.473,67.799,68.751,70.024,71.094,71.773,72.738,73.111,73.551,73.933,74.28,74.294,74.217,74.341,74.246,73.933,73.744,73.785,72.273,73.753,74.1
LKA,NaN,62.811,60.221,60.376,60.789,58.447,59.067,58.931,62.937,61.309,59.461,59.198,58.939,58.686,58.435,58.187,57.947,57.729,57.52,57.307,57.089,56.703,56.377,55.872,55.699,57.93,58.031,58.377,56.297,56.864,55.156,55.881,56.115
PSE,NaN,42.192,41.948,41.914,41.88,41.776,41.932,41.522,41.052,40.854,41.472,37.809,37.089,40.046,39.54,39.985,40.005,41.374,40.853,41.056,41.602,42.992,43.332,43.553,43.821,45.903,45.838,46.155,45.573,46.377,42.894,45.528,47.2
SDN,NaN,50.956,51.195,51.36,51.532,51.738,51.936,51.642,51.334,51.047,50.808,50.59,50.4,50.238,50.096,49.988,49.928,49.903,49.887,49.879,49.87,49.848,49.844,49.81,49.764,49.714,49.67,49.626,49.597,49.583,49.241,49.609,49.81
SUR,NaN,51.144,51.1,50.74,50.853,50.853,50.597,50.357,50.127,49.902,50.645,51.392,52.143,52.909,53.608,54.237,54.88,55.525,56.166,56.807,57.455,58.102,58.736,59.357,59.982,60.637,61.33,61.482,61.823,61.961,58.415,59.571,59.674
SWE,NaN,83.381,81.58,79.714,78.747,79.389,79.069,78.637,77.75,78.276,77.371,78.115,77.935,77.909,77.669,78.22,78.741,79.137,79.345,78.921,79.08,79.91,80.273,81.062,81.45,81.699,82.024,82.499,82.729,82.93,82.505,82.795,83.403
CHE,NaN,76.449,76.741,77.164,76.203,76.575,80.069,80.232,81.103,80.929,80.521,81.189,81.21,81.271,80.905,80.807,81.226,81.588,82.284,82.401,81.263,81.92,82.163,82.289,82.77,83.177,83.729,83.81,84.04,84.153,83.923,83.611,83.231
SYR,NaN,52.232,51.927,51.978,51.246,50.491,50.76,51.027,51.282,51.897,52.512,51.55,50.588,49.627,48.884,48.14,47.372,45.612,45.113,44.617,44.388,45.144,40.852,39.516,39.854,40.118,40.272,40.37,40.413,40.411,38.632,38.931,40.325
TJK,NaN,46.799,46.819,46.843,46.859,46.866,46.857,46.842,46.828,46.81,46.785,46.756,46.731,46.709,46.94,46.419,45.872,45.249,44.62,44.374,44.221,44.08,43.954,43.841,43.736,43.636,43.536,43.177,42.792,42.435,42.058,41.841,42.578
THA,NaN,78.029,77.902,77.784,77.689,77.954,78.222,78.455,77.338,76.378,76.618,77.304,77.339,77.378,77.982,78.478,77.847,78.671,78.608,78.051,77.065,79.101,78.94,76.422,76.232,75.913,75.189,74.695,75.347,74.89,75.136,75.331,76.455
TLS,NaN,68.379,68.053,67.739,67.545,67.344,67.054,67.03,67.283,69.683,69.089,68.397,68.87,69.116,69.226,69.191,69.535,69.115,68.642,68.238,67.864,67.667,67.459,67.44,67.304,67.243,67.164,67.469,67.621,66.856,66.225,65.792,66.354
TGO,NaN,60.385,60.315,60.169,60.145,60.088,59.955,59.845,59.673,59.525,59.367,59.326,59.293,59.27,59.224,59.174,59.185,59.179,59.191,59.202,59.206,59.214,59.209,59.188,59.148,59.093,59.033,58.956,58.868,58.772,58.222,58.538,58.844
TKL,NaN,NaN,NaN,NaN,NaN,NaN,NaN,NaN,NaN,NaN,NaN,NaN,NaN,NaN,NaN,NaN,NaN,NaN,NaN,NaN,NaN,NaN,NaN,NaN,NaN,NaN,NaN,NaN,NaN,NaN,NaN,NaN,NaN
TON,NaN,57.91,58.965,60.011,61.038,60.849,60.655,60.453,60.245,60.034,59.822,59.612,59.41,59.214,59.02,58.819,58.606,58.39,58.17,57.94,57.719,57.518,57.317,57.106,56.881,56.646,56.412,56.184,55.963,55.991,55.456,55.146,56.051
TTO,NaN,61.936,62.354,62.286,63.305,64.159,64.486,64.841,65.195,64.798,65.121,64.669,65.027,65.732,67.255,68.072,68.422,68.077,68.226,67.521,65.649,65.028,66.483,66.459,67.286,66.196,65.756,65.281,64.726,64.237,62.507,62.061,62.56
TUN,NaN,50.628,50.538,50.705,50.832,50.906,50.983,51.063,50.752,50.436,50.112,49.782,49.446,49.109,48.778,48.461,48.56,48.994,49.543,50.021,50.406,50.958,51.781,51.643,51.542,51.459,51.722,51.665,51.733,51.891,49.715,50.037,52.348
TUR,NaN,60.068,58.918,55.058,57.54,56.83,56.372,55.204,55.307,55.137,52.398,52.303,52.262,51.032,49.147,49.388,48.551,48.672,49.396,50.373,51.571,52.837,52.998,54.061,54.469,55.333,56.229,57.176,57.714,57.71,54.048,56.321,58.314
TKM,NaN,53.871,55.094,55.225,56.794,57.572,57.242,58.337,57.884,56.784,56.462,56.225,56.28,56.127,55.854,55.08,54.453,53.835,53.062,52.736,52.302,51.713,51.345,51.069,50.841,50.76,50.715,50.685,50.679,50.69,49.455,49.246,51.16
TCA,NaN,NaN,NaN,NaN,NaN,NaN,NaN,NaN,NaN,NaN,NaN,NaN,NaN,NaN,NaN,NaN,NaN,NaN,NaN,NaN,NaN,NaN,NaN,NaN,NaN,NaN,NaN,NaN,NaN,NaN,NaN,NaN,NaN
TUV,NaN,NaN,NaN,NaN,NaN,NaN,NaN,NaN,NaN,NaN,NaN,NaN,NaN,NaN,NaN,NaN,NaN,NaN,NaN,NaN,NaN,NaN,NaN,NaN,NaN,NaN,NaN,NaN,NaN,NaN,NaN,NaN,NaN
UGA,NaN,70.244,70.282,70.32,70.357,70.396,70.434,70.467,70.497,70.521,70.543,70.562,70.578,70.592,70.605,70.617,70.63,70.643,70.658,70.675,70.696,70.722,70.753,70.789,70.832,70.878,70.923,70.969,70.853,70.727,70.06,70.544,70.672
UKR,NaN,69.239,69.213,69.203,69.178,69.109,68.964,68.698,68.3,67.835,67.509,67.357,67.386,67.478,67.489,67.403,67.231,67.724,67.522,67.284,67.026,66.863,66.866,66.933,67.129,67.395,67.66,67.93,68.163,68.403,67.172,66.836,NaN
ARE,NaN,74.539,74.882,75.444,75.855,76.285,76.262,75.715,75.29,75.055,75.049,75.285,75.753,76.414,77.212,77.619,77.309,76.795,76.66,77.068,77.829,78.657,79.367,79.981,80.532,81.054,81.627,82.246,82.864,83.384,83.201,82.532,83.658
GBR,NaN,76.541,76.156,75.723,75.565,75.308,75.517,75.677,75.488,75.277,75.557,75.195,75.324,75.305,75.275,75.658,76.033,75.824,76.098,75.903,75.629,75.805,76.264,76.637,76.878,77.101,77.53,77.8,78.117,78.368,78.04,77.439,77.552
TZA,NaN,87.825,87.805,87.77,87.716,87.665,87.662,87.648,87.622,87.6,87.579,87.577,87.968,88.351,88.726,89.092,89.45,88.979,88.494,87.998,87.485,86.95,86.394,85.813,85.205,84.749,84.281,83.81,83.331,82.848,81.605,81.345,82.317
USA,NaN,74.712,75.08,75.052,75.252,75.438,75.643,75.98,75.909,75.842,75.78,75.354,74.928,74.324,73.988,73.972,74.067,73.797,73.777,73.108,72.427,71.883,71.841,71.571,71.459,71.366,71.721,72.128,72.401,72.865,71.72,72.073,72.675
VIR,NaN,74.209,75.607,80.881,76.003,71.234,66.784,66.111,65.494,63.996,65.2,67.965,67.076,65.696,67.984,69.315,69.916,70.878,70.892,71.146,69.389,70.507,69.631,66.2,65.87,69.105,69.153,70.502,66.045,63.083,64.214,65.084,66.793
URY,NaN,66.309,66.517,65.603,67.461,68.632,70.033,70.664,71.289,70.197,70.732,72.25,70.868,69.997,70.208,70.477,72.823,74.605,74.66,75.456,75.094,77.09,76.369,76.106,77.149,76.143,75.902,75.521,75.041,75.28,72.899,75.046,75.365
UZB,NaN,62.82,64.152,64.634,65.362,65.706,65.852,65.709,65.628,65.494,65.413,65.281,65.154,64.993,64.559,64.106,63.565,62.901,62.321,61.871,61.59,61.334,61.065,60.82,60.634,60.483,60.456,60.515,60.509,60.483,59.612,59.925,60.457
VUT,NaN,70.257,70.274,70.381,70.078,70.145,70.13,69.976,69.995,70.056,69.868,70.15,70.536,70.449,70.378,70.244,69.961,69.939,69.791,69.772,69.841,69.825,69.917,70.04,70.034,70.157,70.067,69.897,69.884,69.852,69.192,69.425,70.03
VEN,NaN,66.893,67.026,67.009,66.91,66.995,66.962,67.119,67.112,66.878,66.967,67.045,66.638,66.184,66.903,67.236,67.963,67.576,67.516,67.305,67.257,67.104,66.638,66.236,65.834,65.434,65.045,64.422,63.327,59.564,54.763,55.231,57.532
VNM,NaN,82.227,81.923,81.641,81.333,81.003,80.685,79.072,78.413,78.17,76.854,77.654,77.087,76.52,75.864,76.899,77.909,78.894,79.665,80.425,80.71,80.784,80.747,81.592,81.74,81.866,81.419,81.361,81.324,81.357,79.399,77.96,78.399
WLF,NaN,NaN,NaN,NaN,NaN,NaN,NaN,NaN,NaN,NaN,NaN,NaN,NaN,NaN,NaN,NaN,NaN,NaN,NaN,NaN,NaN,NaN,NaN,NaN,NaN,NaN,NaN,NaN,NaN,NaN,NaN,NaN,NaN
ESH,NaN,51.879,51.946,52.018,52.078,52.222,52.423,52.673,52.936,53.213,53.51,53.85,54.234,54.646,55.118,55.688,56.173,56.69,57.215,57.739,58.232,58.664,59.054,59.413,59.735,60.025,60.242,60.424,60.574,60.687,57.871,58.757,60.883
YEM,NaN,45.849,45.805,45.8,45.784,46.158,46.532,46.909,47.286,47.666,46.802,45.977,45.194,44.455,43.769,43.144,42.571,42.04,41.551,41.102,40.693,39.826,39.059,38.37,37.746,32.742,32.961,33.164,33.329,33.472,33.238,32.832,33.555
ZMB,NaN,59.223,59.18,59.159,59.063,59.02,59.019,59,58.958,58.934,58.906,58.977,59.039,59.104,59.162,59.212,59.283,59.334,59.367,59.395,59.419,59.372,59.328,59.267,59.184,59.071,58.953,58.806,58.644,59.855,61.168,60.516,59.964
ZWE,NaN,68.089,67.902,67.74,67.607,67.42,67.324,67.208,67.098,66.958,66.79,66.718,66.597,66.446,66.381,66.359,66.313,66.305,66.269,66.384,66.547,66.678,66.823,66.903,66.979,67.038,67.087,67.093,67.052,66.938,66.259,66.562,66.89