"GDP per capita, PPP (constant 2017 international $)",2025,2030,2035,2040,2045,2050,2055,2060,2065,2070,2075,2080,2085,2090,2095,2100
AFG,NaN,NaN,NaN,NaN,NaN,NaN,NaN,NaN,NaN,NaN,NaN,NaN,NaN,NaN,NaN,NaN
ALB,17527.2,21493.1,25986.4,30860.6,35859.2,40652.5,45322.4,50068.4,55000,60138.6,65111.8,69917.7,74625.1,79374.8,84160.9,88989.1
DZA,11572.1,11841.2,12427.1,12801.7,13121.9,13609.3,14400.1,15497.7,16907.1,18486.4,20203.8,22063.7,24153.1,26583.6,29417.2,32653.9
ASM,NaN,NaN,NaN,NaN,NaN,NaN,NaN,NaN,NaN,NaN,NaN,NaN,NaN,NaN,NaN,NaN
AND,NaN,NaN,NaN,NaN,NaN,NaN,NaN,NaN,NaN,NaN,NaN,NaN,NaN,NaN,NaN,NaN
AGO,5869.55,6053.13,6370.91,6670.88,7091.1,7685.97,8468.73,9393.63,10482.2,11737.2,13170.9,14804.4,16659.8,18759.1,21039.1,23484.8
AIA,NaN,NaN,NaN,NaN,NaN,NaN,NaN,NaN,NaN,NaN,NaN,NaN,NaN,NaN,NaN,NaN
ATG,24396.2,27301.7,30908.7,35326.8,40715.4,46717.6,53333.4,60569.8,68591.3,77226.9,86576.9,96677.5,107593,119378,132085,145770
ARG,18665.3,20497.7,22214.1,24287.3,26915.6,30078.4,33758.7,37860.9,42402.5,47345.1,52652.3,58353.6,64504.1,71129.7,78211.3,85707.3
ARM,19032.9,24269.6,30147.9,35865.1,41017.2,45595.5,49931.2,54467.2,59330.2,64109.1,68313,72372,76458.9,80684.9,85077,89675.6
ABW,42253.2,43855,46369,49322.3,52813.6,56811.7,61344.1,66318.4,71686.3,77200.8,83055.5,89470.5,96550.8,104320,112746,121816
AUS,52212.1,57788.7,64745.8,72837.9,81375.4,89200.2,96296.5,103180,110071,116792,123228,129381,135318,141095,146706,152084
AUT,53742.7,59045.5,63559.8,68215.2,72549.5,76219.7,79631.6,83160.6,86889.9,90539.9,94024.1,97312.5,100430,103382,106174,108792
AZE,15770.2,17560.3,19349.1,21257.5,23621.3,26508.1,29800.6,33536,37679,42182,47017.6,52215.6,57820.6,63842.4,70199.9,76885
BHS,36839.1,38814.6,41266.5,44228.4,47818.9,51784.5,56082.5,60654.8,65552.4,70775.5,76357.7,82354.5,88829.9,95772.7,103185,111075
BHR,51425.2,54798.5,58990.6,62638.1,66219.9,69756.1,73815.3,78441.9,83735.6,89026.3,94453.3,100082,105992,112342,119241,126738
BGD,7788.27,10390.2,13058.3,15420.4,17592.5,19775.9,22047.4,24444.4,27041.1,29751.2,32596.8,35477.7,38385.6,41390.2,44556.6,47873.3
BRB,16756.9,18397,20569,23641.6,27526.5,31903.6,36621.2,41617.4,46928.7,52509.1,58446,64760.1,71485.1,78581.1,86071.6,94039.3
BLR,19644.3,20901.2,22597.6,24593.3,26845,29287.2,32080.7,35335.6,39056.7,43075.9,47308.8,51788,56570.3,61728,67284,73252.7
BEL,51938.3,56007.1,59575.4,62759.8,65532.3,67991.9,70454.2,73174.9,76107.9,78927.7,81549.5,84007.2,86374.8,88701.2,90970.4,93132.6
BLZ,10190.8,10789.1,12064.9,13945.4,16477,19568.5,23196.8,27379.6,32207.9,37645.8,43713.8,50324.9,57457.4,65112.7,73340.4,82208.4
BEN,3786.71,4459.37,5302.76,6104.33,6924.89,7823.29,8851.98,10033.5,11384.7,12950.3,14754,16864.8,19284,22072.1,25206.4,28701.8
BTN,12070.7,14102.2,15908.4,17506.1,19048.9,20714.7,22607.5,24680.8,26948.5,29292.8,31735.5,34274.4,36873.4,39578.3,42421.6,45453.5
BOL,8391.16,8743.88,9365.54,10298.9,11441,12834,14474.6,16298.7,18282.7,20403.2,22705.6,25254,28074.2,31167.8,34512.7,38133
BES,NaN,NaN,NaN,NaN,NaN,NaN,NaN,NaN,NaN,NaN,NaN,NaN,NaN,NaN,NaN,NaN
BIH,18568.7,22501,26496,29946.7,32860.7,35319,37493.5,39601,41703.4,43620.8,45481,47258,49016.5,50823.4,52741,54812.1
BWA,16829.4,19110.9,21456.6,23693.7,26084.2,28775.7,31828,35126.2,38610,42287.2,46268.3,50666.3,55453.2,60679.8,66256.3,72263.7
BRA,15632.1,16556.6,18481.8,21258.7,24949.9,29433.2,34629.4,40401.4,46805,53744.4,61281.8,69352.3,77948.2,87023.7,96553.7,106547
VGB,NaN,NaN,NaN,NaN,NaN,NaN,NaN,NaN,NaN,NaN,NaN,NaN,NaN,NaN,NaN,NaN
BRN,60125.6,66993.1,72726.7,75917.2,77598.3,78650.9,79708,80913.9,82450.1,83900.2,85576.9,87505,89768.5,92428.5,95497.8,98985.6
BGR,28194.8,33756.4,39421.9,44937.9,50230.1,55268.4,60268.6,65321,70431.4,75511.4,80586.6,85695.4,90881.3,96207,101774,107714
BFA,2374.72,2758.52,3308.21,3807.49,4286.57,4783.52,5331.06,5907.53,6515.4,7130.8,7772.14,8443.01,9159.07,9925.63,10724.7,11533.5
BDI,769.561,895.418,1036.92,1170.54,1293.09,1418.85,1556.66,1701.62,1848.55,1992.07,2135.4,2281.2,2429.21,2574.23,2713.14,2845.83
CPV,8359.11,10026.6,11698.1,13110,14369.8,15584.9,16875.4,18261.1,19825,21520,23332.1,25213.5,27189.2,29287.7,31551.8,34004.7
KHM,5222.61,6702.49,8393.17,10187.5,12165.2,14441.7,17024.6,20043.2,23487.4,27270.6,31414.8,35910.9,40773.9,46051.3,51825.5,58159.1
CMR,3986.75,4475.93,5153.84,5861.52,6623.73,7493.96,8507.37,9687.09,11058.7,12632.3,14488.1,16636.8,19130,21967,25168.9,28755.3
CAN,48302.8,52862.5,58616.3,65289.4,71999.1,77943.6,83383.8,88547.7,93709.6,98755.3,103548,108105,112507,116812,121031,125107
CYM,NaN,NaN,NaN,NaN,NaN,NaN,NaN,NaN,NaN,NaN,NaN,NaN,NaN,NaN,NaN,NaN
CAF,806.785,858.546,987.496,1127.11,1280.01,1451.94,1645.84,1855.56,2092.98,2358.64,2663.59,3011.73,3409.88,3873.85,4416.28,5042.61
TCD,1458.86,1495.82,1716.54,1933.33,2143.15,2365.24,2611.21,2877.02,3165.42,3475.39,3800.78,4145.74,4501.49,4884.69,5299.47,5745.95
CHL,24958,26295.3,28759.1,32135.6,36501.2,41397,46580.1,51944.4,57640.1,63591.1,69631.7,75655.8,81602.8,87399.9,92974.3,98271
CHN,21168,25707.1,30258,34434.1,38885.6,43499.2,48129.2,53166.1,58542.4,63750.1,68651.1,73421.4,78144,82819.6,87397,91850.5
HKG,63111.5,71295.9,76995.6,79241.7,79385.5,78468.6,77401.7,76682.3,76630.1,76891.1,77371,77893.6,78554.3,79452.3,80671.2,82272.9
MAC,118668,140158,163223,185271,203707,217120,227330,235930,244091,250037,253749,255445,255858,255462,254364,252605
COL,15167,16844.1,19386.4,22855.6,27154.7,31992.7,37264.4,42835.1,48758.1,55024.1,61589.6,68371.3,75312.1,82378.1,89552.5,96848.6
COM,3403.51,3792.09,4282.87,5196.17,6443.79,7934.75,9621.67,11467.6,13459.6,15607.1,17909.9,20385.4,22980.2,25689.5,28519.6,31534.2
COG,3876.98,4196.65,4539.01,4890.76,5298.05,5803.3,6434.38,7185.12,8061.03,9072.39,10262.9,11641.2,13193.8,14907.9,16798.3,18907.6
COK,NaN,NaN,NaN,NaN,NaN,NaN,NaN,NaN,NaN,NaN,NaN,NaN,NaN,NaN,NaN,NaN
CRI,22451.1,24949.8,28617.9,32834.2,37570.7,42579.4,47847.5,53312.5,58945.2,64574.6,70232.4,75883.8,81575.9,87290.1,93015,98722.7
CIV,6291.88,7648.08,9186.87,10568.4,11912.2,13334.8,14882.2,16557.2,18387,20397.6,22655.4,25152,27825,30642.7,33625.5,36852.5
HRV,35680.2,42144.4,47949.5,52933.8,56990.1,60141.1,62760.5,65236.2,67757.3,70335.4,72990.7,75697,78508.8,81485.2,84707.2,88232
CUB,7391.54,9237.21,11717.7,15285.4,19892.4,25426.9,31771.7,38817.9,46617.1,55029.3,64102.2,73766.1,84068.3,94949.1,106524,118694
CUW,NaN,NaN,NaN,NaN,NaN,NaN,NaN,NaN,NaN,NaN,NaN,NaN,NaN,NaN,NaN,NaN
CYP,33472.6,37870.7,42698.4,47628.2,52412.3,56801.8,61147,65762,70758.3,75925.5,81170.2,86510.4,92020.6,97766.5,103770,110047
CZE,39220.5,43318.8,47832,52600.4,57055.3,60811.6,64359.2,67897.2,71671.1,75490.1,79090.3,82317.7,85163,87701.2,90003.9,92087.9
PRK,2219.61,2855.99,3624.79,4436.89,5190.04,5966.33,6825.19,7830.96,9033.11,10436,11991.9,13726,15667.5,17877.6,20425.6,23341.4
COD,1253.62,1374.75,1534.89,1744.15,1976.27,2228.34,2496.65,2769.8,3050.22,3334.58,3624.85,3920.26,4220.36,4535.64,4863.3,5202.39
DNK,57945.8,61690.7,65867.5,70410.6,75031.5,79169.6,82924.3,86572.8,90245.9,93551,96368.4,98816.1,100953,102820,104395,105633
DJI,5668.06,6986.54,8877.13,10543.1,12172,13950.8,15929.9,18088.9,20376.7,22713.4,25152.5,27753.6,30558.1,33608.5,36886.3,40368.7
DMA,NaN,NaN,NaN,NaN,NaN,NaN,NaN,NaN,NaN,NaN,NaN,NaN,NaN,NaN,NaN,NaN
DOM,21330,25816,30596.2,35464.4,40720.8,46170.4,51779.2,57497,63545.3,69888.8,76552.3,83462.1,90573.1,97976.1,105759,114072
ECU,11128.4,12026.5,13245.4,14889.6,17025.9,19572.1,22511.8,25847.5,29630.1,33802.7,38357.9,43235.9,48431.2,53954.4,59838.8,66084.9
EGY,13802.6,16785.9,19985.9,23028.7,25969.3,29128,32656.7,36454.4,40547.6,44819.9,49321.1,53981.3,58829.4,63909.2,69359.1,75174.8
SLV,9898.7,10798.1,12052.3,13521.5,15179.3,17097.5,19322.1,21834.9,24700.7,27926.5,31538.5,35451.8,39677.2,44267.7,49258.4,54695.4
GNQ,11712.2,10142.5,10724.4,11645,12930.4,14569.6,16581.5,18971.1,21736.6,24832.2,28320.7,32258.2,36555.9,41184.9,46139.6,51498.8
ERI,1814.29,1956.77,2228.98,2602.15,3049.42,3549.59,4077.2,4593.94,5096.03,5597.37,6113.34,6612.08,7065.33,7470.53,7850.86,8230.8
EST,35673.1,43661.9,50203.7,55616,59293.4,61691.5,63705,65964.9,68345,70507,72330.6,73791.7,74933.2,75824.1,76516.2,77045.4
SWZ,9756.15,10826,12148.9,13592.8,15165.1,16929.6,18930.1,21139.1,23484.7,25853.1,28289.6,30866.6,33625.5,36572.2,39706.3,43027.7
ETH,2756.36,3386.93,4064.63,4689.52,5276.94,5858.37,6447.26,7019.88,7615.89,8216.33,8856.7,9488.65,10073.9,10599.3,11082.7,11555.6
FLK,NaN,NaN,NaN,NaN,NaN,NaN,NaN,NaN,NaN,NaN,NaN,NaN,NaN,NaN,NaN,NaN
FRO,NaN,NaN,NaN,NaN,NaN,NaN,NaN,NaN,NaN,NaN,NaN,NaN,NaN,NaN,NaN,NaN
FJI,14096.2,16145.2,18592.8,21698.3,25603.6,30228.5,35545.4,41457.9,47893.3,54894.3,62516.7,70726.3,79573,88972,99004.5,109607
FIN,48105.3,52221.3,56246.9,60678.9,65049.7,68873.4,72648.3,76569.6,80562.1,84297.3,87699.2,90826.8,93779.5,96616,99296.3,101708
FRA,46536.6,50043.9,53490.9,57197,60953.8,64573.6,68132.3,71764.2,75436.7,78979,82346.3,85584.9,88761.9,91900.2,94974.9,97952.1
GUF,49812.3,51775.9,53622.9,55968.6,59112.6,62843.3,67159.1,71863.5,77311.9,83474.9,90375.4,97696.4,105333,113370,122068,131559
PYF,17565.3,19880.9,22761.8,26485.9,30959.3,35791.1,40979.3,46669.5,52806.8,59261.4,65990.1,73077.8,80530.8,88361.9,96560.8,105116
GAB,14302.8,15200.5,16846.8,18479.1,20231.8,22162.8,24340.5,26823.7,29655.5,32780.6,36129.1,39646.2,43342.3,47284.7,51566.1,56215.8
GMB,2406.78,2778.5,3287.59,3748.19,4178.12,4623.25,5094.21,5580.11,6066.8,6552.59,7049.46,7553.75,8047.93,8524.02,8980.29,9434.18
GEO,20497.2,28084.6,37357.2,46101.5,53614.2,59818.5,65237.5,70377.8,75210.3,79391.3,83018.9,86293.2,89447.1,92633.7,95911.7,99333.1
DEU,51259.5,54624.5,58715.4,63722,68987.5,73787,78171.6,82377,86547.1,90520,94250,97673.9,100754,103472,105844,107916
GHA,5619.43,6486.95,7423.06,8298.78,9181.62,10145.9,11263.3,12501.8,13893.7,15378.6,17015.3,18819.2,20778.6,22874.6,25097.4,27469.7
GIB,NaN,NaN,NaN,NaN,NaN,NaN,NaN,NaN,NaN,NaN,NaN,NaN,NaN,NaN,NaN,NaN
GRC,32558.8,36756.2,40684.6,45139.7,49503.5,53486.4,57361.1,61207,64984.3,68459.7,71582.8,74345.3,76822.8,79094.8,81230.4,83249.4
GRD,15985.6,18092.2,20755.1,23937.5,27577.8,31603.1,36170.9,41459.3,47509.1,54055.2,61051.4,68514.3,76550.2,85242.6,94616,104637
GLP,NaN,NaN,NaN,NaN,NaN,NaN,NaN,NaN,NaN,NaN,NaN,NaN,NaN,NaN,NaN,NaN
GUM,38906.3,47204.7,55148,63073.1,71028.4,78816.8,86424.4,93651.8,100450,106891,113352,120205,127501,135253,143399,151981
GTM,9435.21,10488.3,11806,13514.5,15719.7,18340.2,21357.6,24664.8,28241.9,32011.1,36035,40299.3,44783.7,49505.7,54471.9,59705.7
GGY,NaN,NaN,NaN,NaN,NaN,NaN,NaN,NaN,NaN,NaN,NaN,NaN,NaN,NaN,NaN,NaN
GIN,3018.24,3532.49,4268.1,5086.09,5933.34,6802.93,7687.93,8570.03,9458.02,10325.7,11204.9,12060.8,12906.6,13700.1,14449.2,15160.2
GNB,2429.24,2797.67,3209.64,3607.35,3989.3,4389.46,4823.38,5272.83,5740.41,6223.2,6725.1,7230.93,7728.66,8220.47,8712.28,9216.87
GUY,73300.8,148808,226457,298021,341005,346528,327554,299720,273219,251397,234245,220626,209793,201270,194770,190057
HTI,2710.59,2821.77,3260.34,3771.73,4338.8,5021.65,5869.24,6887.8,8089.22,9438.51,10977.4,12736.6,14756.6,17074.2,19710.5,22680.6
VAT,NaN,NaN,NaN,NaN,NaN,NaN,NaN,NaN,NaN,NaN,NaN,NaN,NaN,NaN,NaN,NaN
HND,6015.15,6712.43,7579.84,8616.8,9809.92,11206.5,12825.2,14648.7,16729.1,19093.4,21739.8,24632.2,27763.3,31158.7,34852.4,38896.1
HUN,36267.1,42282.1,48206.5,53644.1,58256.9,62035.8,65290.6,68395.8,71507.7,74507.1,77259.1,79666.4,81722.3,83478.1,84986.7,86263.2
ISL,58417.5,65419.3,73102.6,80925.8,87683,92642.8,96428.9,99772.7,102946,105747,108079,109954,111412,112532,113315,113723
IND,8169.78,10329.3,12355.6,14312.7,16255.6,18305.4,20478.6,22720.3,25042.2,27438.5,29981.2,32618.2,35312.8,38044,40849.2,43797.9
IDN,14228.3,16979.2,19393.6,21662.9,23730.3,25714.4,27779,29867,31962.3,34107.7,36334.9,38629.4,40993.7,43419.3,45907.6,48465.6
IRN,16294.7,17560,19244.8,20476.4,21359.9,22066.3,22727.1,23524,24497.1,25473.5,26437.8,27423.2,28449,29519.8,30638.5,31807.8
IRQ,9412.6,9775.96,11616.9,15405.8,19647.4,23958.7,28373.4,32966.7,37884.7,43098.7,48556.9,54153.3,59910.4,65939.3,72341.9,79171
IRL,114302,126168,137353,150343,165431,181170,195820,209666,222512,233380,242018,248703,253954,258317,262115,265372
IMN,NaN,NaN,NaN,NaN,NaN,NaN,NaN,NaN,NaN,NaN,NaN,NaN,NaN,NaN,NaN,NaN
ISR,47091.5,53008.4,59403,66177.3,72538.3,77772.5,82739.8,87857.7,93114.1,98218.4,103058,107587,111885,116066,120195,124282
ITA,41745.1,44618.1,48449.6,52658,57015.5,61113.7,65093.7,69016.5,72922,76562,79768.5,82535.9,84961.2,87166,89223.4,91129.9
JAM,10617.1,11316.7,12321.2,13910.4,16162.9,19023.1,22523.9,26694.8,31559.5,37113.2,43376.3,50298,57845.6,65974.9,74664.7,83947.6
JPN,44865.7,48145.8,52621.7,57703.5,63271.9,68674.7,73635.8,78246.7,82737.2,87128.1,91351.3,95284.7,98882.3,102166,105171,107904
JEY,NaN,NaN,NaN,NaN,NaN,NaN,NaN,NaN,NaN,NaN,NaN,NaN,NaN,NaN,NaN,NaN
JOR,9557.05,10107.2,10928.7,12177.5,13891.4,16078.9,18710.3,21744.1,25075.9,28645,32445.1,36558.3,41026.1,45852.5,50985.3,56410.4
KAZ,29283.6,32082.4,35565.1,38678.3,41264.3,43413.6,45793.6,48815.9,52609.6,56926.9,61570.1,66515.2,71924,77919.3,84545.1,91759.3
KEN,5392.48,6356.7,7338.09,8290.86,9287.9,10382.2,11618.9,12957.3,14466.5,16126.8,17947.1,19883.8,21929.1,24109.2,26488.7,29106.7
KIR,1847.33,1957.56,2317.61,2765.14,3261.36,3878.59,4702.56,5825.14,7328.38,9271.19,11725,14777.9,18591.7,23391.8,29383.9,36747.4
KWT,47597.1,51455,57134.6,63202.7,68801,74182,79385.4,84436.6,89098.8,93028.1,96982,101185,105935,111466,117807,124879
KGZ,5700.36,6439.42,7239.89,7949.9,8565.41,9232.74,10033.2,10972,12058.7,13254.5,14548.5,15950.2,17493,19230.4,21162.6,23289.8
LAO,8410.23,9832.25,11466.5,13061.6,14708.7,16520.9,18510.8,20642.4,22955.6,25391.3,28005.5,30760.6,33680.6,36788.1,40136.6,43773.9
LVA,33181.8,38637.6,44206.1,49964.1,55552.4,61047.1,66268.4,71672.3,77288.5,82877.5,88230.4,93339.6,98252.6,103037,107752,112424
LBN,11731,12507.9,13313.9,14256.7,15388.1,16766.9,18381.5,20120.2,21946.9,23826.4,25815.2,27943.5,30259.1,32737.5,35334.4,38065.7
LSO,2526.73,2716.56,3068.98,3426.51,3782.4,4170.93,4624.48,5153.49,5780.66,6492.41,7286.25,8159.8,9136.66,10241.6,11496.6,12915.8
LBR,1570.26,1914.44,2236.91,2533.66,2810.42,3096.48,3399.05,3713.99,4037.18,4379.26,4741.95,5122.48,5504.94,5887.7,6270.64,6661.85
LBY,22136.6,23701.4,23947.5,26039.8,29949.7,35502.3,42577.6,50771,59659,68919.1,78666.2,89181.6,100672,113167,126475,140502
LIE,NaN,NaN,NaN,NaN,NaN,NaN,NaN,NaN,NaN,NaN,NaN,NaN,NaN,NaN,NaN,NaN
LTU,40729.9,49128.7,55853.1,62157.4,67873.5,72266.6,75958.6,79401.1,82657.9,85680.4,88212.6,90244.7,91884.3,93255.2,94429,95421.9
LUX,116325,130008,136560,139238,139020,138161,137414,137150,137647,138334,139007,139585,140165,140868,141762,142822
MDG,1610.98,1802.7,2070.56,2344.57,2620.29,2919.58,3254.98,3623.51,4042.08,4512.89,5042.61,5618.55,6236.49,6908.39,7656.93,8506.35
MWI,1523.09,1676.74,1898.61,2209.96,2552.43,2911.43,3275.64,3629.67,3983.8,4338.37,4708.49,5082,5457.45,5817.47,6156.82,6478.53
MYS,31315.2,36273.5,40912.5,44706.4,48063.7,51201.8,54309.5,57467.7,60762.9,64129.1,67638.8,71345.7,75279.2,79440.9,83828.6,88471.6
MDV,24491.8,29739.3,34824,39607.5,43930.6,47822.3,51663.3,55752.5,60190.1,64304.2,68175.4,71769.2,75302.9,78915.8,82731.1,86683
MLI,2261.77,2508.67,2916.15,3363.41,3851.18,4388.8,4966.05,5567.56,6190.12,6840.57,7530.98,8246.13,9010.3,9817.12,10684.7,11580.5
MLT,56307.2,66911.1,77643.6,86298.5,93043.4,98040,102299,106587,110794,115285,119812,124374,128995,133792,138895,144354
MHL,NaN,NaN,NaN,NaN,NaN,NaN,NaN,NaN,NaN,NaN,NaN,NaN,NaN,NaN,NaN,NaN
MTQ,NaN,NaN,NaN,NaN,NaN,NaN,NaN,NaN,NaN,NaN,NaN,NaN,NaN,NaN,NaN,NaN
MRT,6097.54,6713.07,7621.45,8476.32,9371.39,10393.1,11563.2,12867.5,14324.3,15909.7,17708.4,19734.6,21935.6,24277.3,26753,29418.9
MUS,24959.9,29388.2,34211,39484.5,45294.5,51425.7,57848.9,64204.5,70344.9,76440.4,82591.8,88854,95132.4,101356,107521,113769
MYT,26841.2,30637.9,33318.4,36099.1,39179.7,42452.1,45891.3,49344.9,52934.8,56687.7,60640.3,64797.5,69196.1,73887.6,78929,84389
MEX,20208.1,22074.7,24340.2,27058,30348.4,34028.8,37935.7,41870.2,45895.1,50042,54278.2,58497.3,62631.4,66625.7,70428.4,74099.4
FSM,3070.58,3144.16,3437.89,3902.3,4534.2,5421.63,6618.87,8142.98,10043,12405.3,15387.4,19147.9,23785.3,29363.1,35896.1,43519.6
MCO,NaN,NaN,NaN,NaN,NaN,NaN,NaN,NaN,NaN,NaN,NaN,NaN,NaN,NaN,NaN,NaN
MNG,13279.8,14890.8,16593.2,17999.9,19212.3,20501,22079.2,23992,26221.7,28666.8,31289.5,34082,37037.9,40212.6,43650.3,47424.9
MNE,23558.4,27658.9,31609.3,34991.1,37853.9,40338.2,42680.6,45042.9,47505,50012.5,52531,55094.7,57712.4,60465.6,63391.3,66521.7
MSR,NaN,NaN,NaN,NaN,NaN,NaN,NaN,NaN,NaN,NaN,NaN,NaN,NaN,NaN,NaN,NaN
MAR,8729.19,9849.6,11204,12578.9,14007.4,15622.4,17486.9,19600.9,21957.2,24508.8,27325.5,30480.5,33976.5,37865.1,42194.7,47035.4
MOZ,1374.63,1953.82,2586.57,3056.63,3385.07,3669.5,3945.26,4214.75,4494.78,4781.81,5096.91,5424.48,5761.49,6086.29,6395.31,6694.14
MMR,4330.06,4906.53,5617.14,6316.03,6999.18,7728.95,8544.39,9434.32,10427,11525.4,12713.2,13981.2,15340.4,16801.4,18394.2,20139.8
NAM,9851.43,10436.3,11421.7,12776.5,14492.6,16511.4,18865.8,21571.5,24631.1,28028.5,31651,35469.3,39486.4,43777.7,48438.9,53469.9
NRU,NaN,NaN,NaN,NaN,NaN,NaN,NaN,NaN,NaN,NaN,NaN,NaN,NaN,NaN,NaN,NaN
NPL,4425.98,5394.09,6491.3,7620.3,8779.96,10052.7,11499.2,13168.4,15134.7,17426.1,20074.9,23049.4,26376.3,30106.6,34298.5,38991.5
NLD,57805.1,63149.2,68005,72890.9,77465.1,81347.9,84755.4,87950.1,90978.4,93641.4,95893.7,97755.1,99292.4,100553,101534,102176
NCL,39671.6,48246.7,57213,66101.5,74273.1,81528.3,88178.3,94755.1,101445,108059,114556,121106,127819,134897,142430,150466
NZL,43217.2,47875.5,53069.9,58645.7,64468.8,69796.2,74644.2,79351.3,83972.1,88227.2,92029.7,95432.2,98491.4,101252,103694,105768
NIC,6186.26,6898.88,7816.25,8916.79,10199,11715.5,13483.3,15492.5,17813.4,20446.2,23420.5,26696.4,30268.3,34178.8,38476.3,43218.4
NER,1425.46,1610.22,1899.14,2160.84,2408.43,2667.82,2959.24,3283.74,3660.73,4097.45,4602.88,5183.95,5832.6,6571.82,7418.28,8426.6
NGA,5067.63,5318.41,5899.3,6424.09,6953.4,7547.8,8253.54,9055.64,9971.93,11003.1,12156.2,13438.9,14879.5,16485.7,18302,20341.3
NIU,NaN,NaN,NaN,NaN,NaN,NaN,NaN,NaN,NaN,NaN,NaN,NaN,NaN,NaN,NaN,NaN
MKD,18386.9,21836.7,25213.9,28791.7,32559.3,36416.4,40411.3,44584,49443.4,55159.2,61441.7,68046.2,74823.4,81754.2,88844.5,96163.4
MNP,NaN,NaN,NaN,NaN,NaN,NaN,NaN,NaN,NaN,NaN,NaN,NaN,NaN,NaN,NaN,NaN
NOR,66521.3,71612.2,77308.7,83180,88678.9,93415.8,97806.1,102196,106696,110837,114532,117848,120929,123855,126565,128951
OMN,34513.8,37372.5,41222.8,45645.4,50286.7,54856.7,59974.9,65799.3,72428.9,79444.9,86721.9,93992.5,101345,109046,117415,126583
PAK,5439.9,6215.27,7087.7,8107.34,9282.98,10611.1,12097.2,13703.2,15500.8,17481.8,19703.1,22136.7,24736.2,27486.7,30405.4,33553
PLW,NaN,NaN,NaN,NaN,NaN,NaN,NaN,NaN,NaN,NaN,NaN,NaN,NaN,NaN,NaN,NaN
PAN,36865.5,42048.4,47248.8,52274,57411.5,62591.6,67766.5,72948.7,78298.5,83833,89798,96157.3,102957,110137,117789,125964
PNG,3449.85,3695.95,4180.63,4749.05,5390.53,6159.63,7105.68,8231.05,9569.48,11091.2,12806.4,14727.3,16902.1,19373.1,22180.9,25344.2
PRY,14679.6,16331.3,18248.9,20373.5,22921,25810.5,29110.5,32784.1,36852.6,41190.7,45843.2,50802.9,56090.1,61738,67728.9,74108.1
PER,13681,15133.4,16914.7,19167.8,21931.5,25113.7,28643.1,32479.4,36679.2,41245.4,46206.1,51522.2,57171.3,63125.8,69411.9,76087.6
PHL,9752.46,12281.8,14707.9,16682.5,18431.1,20183,22035.6,23999.6,26057.9,28146.8,30290.4,32518.6,34906.9,37462.4,40180.3,43028.8
POL,36678.7,44292.5,51464.1,58130.4,63049.9,66736.3,69722.6,72561.2,75408.7,78127.9,80591.9,82738.5,84626.7,86335.5,87931.6,89407.9
PRT,36790.3,41342.2,46193.9,51514.4,56701.1,61525,66064,70410.8,74612.1,78430,81796.1,84651.5,87065.7,89160.1,91026,92688.9
PRI,34620.6,38247.3,42065.4,45758.5,49385.4,52732.3,56090.3,59408.7,62766.3,66080.1,69338.9,72605.8,76028.3,79688.1,83632.9,87896.8
QAT,90732,99618.2,103914,104992,105084,105798,107367,110446,115023,119710,124252,128877,133673,138727,144165,150105
KOR,47257.7,52669,57729.4,62710.4,67511.4,71663.3,75427.3,79010.8,82568.2,85831.2,88688.1,91097.3,93070.2,94731.2,96175,97315.4
MDA,12395.8,16590.8,21531.6,26385.2,30806.9,34664.6,38207.7,41701.6,45242,48646,51843.8,54885.1,57895.3,60982.5,64216.1,67603.6
REU,NaN,NaN,NaN,NaN,NaN,NaN,NaN,NaN,NaN,NaN,NaN,NaN,NaN,NaN,NaN,NaN
ROU,32143.7,37775.6,43747.7,49634.2,55066.1,59830.4,64275,68746.2,73363,77837.9,82120.7,86146.7,89942.6,93554.3,97060.8,100489
RUS,27094.5,29683.3,33391.9,37304.3,41198.5,44975.2,49029.4,53707.1,58757,64148.4,69708.7,75413.1,81339.2,87608.6,94277.7,101332
RWA,2712.24,3427.34,4121.81,4727.6,5256.09,5756.31,6262.45,6763.49,7278.1,7795.92,8345.19,8904.33,9443.32,9948.87,10429.9,10912.9
BLM,NaN,NaN,NaN,NaN,NaN,NaN,NaN,NaN,NaN,NaN,NaN,NaN,NaN,NaN,NaN,NaN
SHN,NaN,NaN,NaN,NaN,NaN,NaN,NaN,NaN,NaN,NaN,NaN,NaN,NaN,NaN,NaN,NaN
KNA,NaN,NaN,NaN,NaN,NaN,NaN,NaN,NaN,NaN,NaN,NaN,NaN,NaN,NaN,NaN,NaN
LCA,16282.2,17267.4,18596.6,20673,23552.2,27053.1,31101.6,35679.9,40905.1,46759.2,53237.2,60274.3,67825.7,75890.2,84496.5,93724.4
MAF,NaN,NaN,NaN,NaN,NaN,NaN,NaN,NaN,NaN,NaN,NaN,NaN,NaN,NaN,NaN,NaN
VCT,17228.3,19801.8,22699,26140,30216.6,34846.9,40100.4,45929.3,52238.5,58968.8,66110.2,73631.8,81605.2,90061.5,99013.3,108484
WSM,5078.49,5408.18,5906.41,6530.15,7257.88,8182.28,9378.68,10857.3,12665.1,14840.9,17422.7,20426.4,23875.6,27812,32285.5,37391.8
SMR,NaN,NaN,NaN,NaN,NaN,NaN,NaN,NaN,NaN,NaN,NaN,NaN,NaN,NaN,NaN,NaN
STP,3471.01,3784.17,4180.97,4640.85,5185.22,5848.43,6660.18,7613.36,8728.41,10016.6,11510.2,13190.7,15045.2,17102.7,19404.1,21992.2
SAU,49298.3,56940.5,63693.4,69376.5,73982,77524.6,80466.9,82843.1,85071.5,87221.3,89367.8,91624.3,93976.4,96393.8,98902.2,101472
SEN,4157.05,4809.98,5680.69,6441.8,7189.3,8025.05,9008.09,10143,11452.4,12918.5,14601.1,16546.1,18782.6,21298.6,24083.3,27159.8
SRB,21308.9,26412.1,31803.8,37065.5,42113.4,46815.9,51266,55659.1,60166.7,64754.5,69379.1,74078,78853,83810,89036.7,94624.5
SYC,33642.8,38835.4,44170.3,49425.5,54809.5,60278.3,65834.6,71346.7,77070.8,82971.1,89089.9,95467.3,102177,109264,116807,124831
SLE,1752.99,1980.83,2300.02,2679.18,3075.15,3481.71,3896.93,4308.26,4716.95,5122.07,5526.2,5907.54,6256.17,6576.25,6879.97,7179.4
SGP,105599,116686,126845,132942,135773,136039,135841,135423,135131,134570,133537,132120,130455,128671,126859,125065
SXM,NaN,NaN,NaN,NaN,NaN,NaN,NaN,NaN,NaN,NaN,NaN,NaN,NaN,NaN,NaN,NaN
SVK,36088.6,40535.5,45547,50757.5,55385.3,59586.4,63542,67418.2,71410.2,75473.3,79360.5,82943,86177.4,89105.9,91787.2,94254.7
SVN,40692.1,46351.6,51339.4,55544.6,58677.4,61439.3,64054.8,66752.3,69363.3,71791.1,73947.1,75808.4,77426.5,78857.7,80126.6,81229.1
SLB,1987.64,2070.67,2332.12,2715.92,3198.93,3829.35,4653.73,5704.44,7032.93,8711.07,10798.3,13372.8,16468.1,20150.2,24489.4,29614.7
SOM,1471.66,1552.02,1742.79,2031.52,2408.79,2865.44,3395.22,3997.31,4689.16,5485.36,6406.88,7457.61,8657,10036.4,11663.8,13565.1
ZAF,13383.6,13954.8,15365.7,17495.5,20283.8,23618.9,27471,31801.4,36591.1,41858.6,47615.4,53913.4,60726.9,68069.9,75926,84316.7
SSD,574.991,691.727,772.992,817.974,859.539,920.331,995.668,1065.68,1128.02,1191.12,1265.99,1349.27,1431.42,1504.32,1568.36,1632.26
ESP,40004.2,42814.7,46886,51831.2,57101.2,62176.3,67341,72685.7,78033.7,82940.2,87315.7,91110.6,94367.4,97258.2,99939.8,102450
LKA,12276.4,14047.7,15771.9,17272.3,18624.8,20059.4,21680.6,23428.6,25288.1,27263.7,29434.3,31821.4,34420.7,37205.6,40171.3,43359.9
PSE,NaN,NaN,NaN,NaN,NaN,NaN,NaN,NaN,NaN,NaN,NaN,NaN,NaN,NaN,NaN,NaN
SDN,3066.4,3452.45,3744.55,3895.5,3913.3,3901.46,3905.97,3946.73,4019.94,4111.49,4219.85,4334.99,4460.38,4591.25,4730.02,4875.49
SUR,15553.1,17092.3,18940.8,21357.1,24354.5,27758.3,31471.6,35457,39665.5,44039,48626.1,53416.4,58389.1,63622.2,69107.4,74933.5
SWE,54557.9,61181.3,67087.5,72409.9,76857.8,80276,83361.3,86613.7,90095.5,93422.7,96407.4,99111.8,101663,104137,106486,108608
CHE,71926.8,74884.6,78245.1,81303.3,83945.6,86043.1,88029.2,90277.7,92893.5,95546,98061.7,100360,102450,104371,106160,107822
SYR,NaN,NaN,NaN,NaN,NaN,NaN,NaN,NaN,NaN,NaN,NaN,NaN,NaN,NaN,NaN,NaN
TJK,4586.94,5223.9,5915.82,6595.28,7257.65,8012.59,8908.41,9941.01,11102.3,12385.8,13794.7,15342.5,17036,18914.2,20976.6,23235.8
THA,19018.7,21980.8,25154,28438.6,31902.3,35524.6,39184.3,42899.2,46684.8,50422.8,54243.8,58145.9,62179.1,66356.3,70678.2,75202.6
TLS,2985.68,3221.9,3618.17,4117.31,4731.98,5526.54,6544.05,7811.38,9403.93,11383.3,13823.2,16776.3,20294.7,24470,29389.2,35123.7
TGO,2414.63,2834.78,3334.35,3800.82,4248.67,4716.21,5220.13,5763.52,6348.25,6999.99,7717.86,8508.31,9353.17,10255.3,11232.6,12315.7
TKL,NaN,NaN,NaN,NaN,NaN,NaN,NaN,NaN,NaN,NaN,NaN,NaN,NaN,NaN,NaN,NaN
TON,5603.57,5837.37,6463.17,7453.01,8911.28,10873.8,13435.9,16649,20522.6,25012.6,30108.5,35855,42284,49475.8,57373.6,65935.5
TTO,24397.8,26040.4,28090.2,30960.8,34556.3,38674,43339,48589,54290.3,60307.9,66694.2,73549,80872.5,88683.4,97011.7,105861
TUN,10799.6,11811.5,13047.1,14411.2,15779,17187.6,18741.5,20468.5,22374.5,24430,26577,28794.6,31123.5,33619.8,36333.1,39281.6
TUR,35651.6,41961.6,48462.3,54556.1,60279.3,65495.6,70445.5,75290.5,79864.7,84002.4,87791,91274.2,94590.1,97860.7,101149,104463
TKM,15898.9,16476.9,17702.1,18764,19770.7,20893.3,22160.5,23714,25549,27495.3,29504.6,31680.2,34132.6,36960.4,40170.6,43729.5
TCA,NaN,NaN,NaN,NaN,NaN,NaN,NaN,NaN,NaN,NaN,NaN,NaN,NaN,NaN,NaN,NaN
TUV,NaN,NaN,NaN,NaN,NaN,NaN,NaN,NaN,NaN,NaN,NaN,NaN,NaN,NaN,NaN,NaN
UGA,2644.34,3167.79,3703.94,4112.25,4428.64,4705.33,4982.76,5253.75,5538.67,5816.8,6113.66,6425.74,6762.74,7116.42,7468.08,7805.76
UKR,11737.5,14430.2,17098.8,19531,21675,23874,26267.2,28919.6,31775.6,34789.8,37908.3,41138.7,44552.2,48198.6,52092,56283.6
ARE,80723.2,95077.3,109147,119182,125337,128208,129749,131461,133882,136604,139368,142345,145381,148605,152346,157021
GBR,45885.9,49641.2,54459.6,60646.8,67708.4,74656.9,81495.9,88459.1,95459.2,102064,108088,113579,118666,123420,127801,131705
TZA,2968.88,3611.1,4256.4,4790.56,5273.95,5779.83,6367,7037.6,7821.53,8725.67,9760.15,10958.5,12351.8,13959.8,15767.6,17746.1
USA,65819.7,71119.9,76675.2,82285,87432.3,91787.8,95760.6,99611.3,103465,107199,110845,114521,118311,122247,126292,130382
VIR,32976.4,35976,38874.7,42621.9,46967,51557.1,56349.6,61436.2,66876.9,72514.8,78314.4,84324.9,90691.4,97515.6,104878,112806
URY,26263,29464.1,32707.5,36058.8,39647.1,43356.9,47254.6,51231.1,55321.1,59351.7,63400.4,67511.1,71778.8,76233.1,80869.3,85679.5
UZB,9326.81,11283.2,13190.9,14791.8,16108.4,17391.6,18872.7,20634.6,22700.4,25006,27523.6,30280,33364.9,36832.2,40684.6,44944.5
VUT,2461.09,2597.31,3012.34,3505.72,4066.56,4795.29,5780.53,7085.43,8815.24,11060.2,13967,17641.1,22213,27826.5,34671.8,42989.7
VEN,NaN,NaN,NaN,NaN,NaN,NaN,NaN,NaN,NaN,NaN,NaN,NaN,NaN,NaN,NaN,NaN
VNM,13237.8,17728,22249.3,26096.4,29558.2,32930.7,36388.5,39893.3,43491.8,47166.3,50808.3,54406.8,58017.5,61715.7,65593.2,69734.3
WLF,NaN,NaN,NaN,NaN,NaN,NaN,NaN,NaN,NaN,NaN,NaN,NaN,NaN,NaN,NaN,NaN
ESH,1915.92,1965.43,2157.69,2437.61,2816.64,3314.47,3969.84,4819.69,5918.63,7304.25,9038.75,11192.8,13837.8,17053.8,20930.1,25561.4
YEM,1734.9,2043.41,2373.8,2760.78,3153.76,3562.71,3984.91,4415.7,4860.06,5317.71,5774.45,6211.81,6614.17,6987.01,7343.88,7701.86
ZMB,3487.33,3946.88,4435.85,4826.97,5149.9,5472.09,5819.32,6175.57,6558.85,6964.15,7408.35,7882.77,8362.99,8835.56,9301.4,9774.14
ZWE,2289.3,2495.85,2770.48,2977.25,3142.77,3324.05,3544.79,3816.76,4155.44,4572.9,5077.96,5684.53,6412.31,7301.16,8383.52,9699