"Land Use, Cropland (1,000ha)",1990,1991,1992,1993,1994,1995,1996,1997,1998,1999,2000,2001,2002,2003,2004,2005,2006,2007,2008,2009,2010,2011,2012,2013,2014,2015,2016,2017,2018,2019,2020,2021,2022
AFG,NaN,NaN,5847.337913,5846.884734,5846.45504,5851.912315,5865.726862,5871.215792,5884.85647,5910.924306,5898.313954,5860.161422,5849.88679,5839.036414,5843.885153,5876.511231,5874.205684,5883.58103,5894.982759,5910.581922,5917.517936,5918.584947,5922.737337,5923.061745,5920.704987,5918.811558,5882.812496,5865.658311,5857.785916,5872.678,5871.897148,5870.103311,NaN
ALB,NaN,NaN,1180.968308,1180.812693,1180.630323,1184.386726,1183.53041,1182.461946,1181.938664,1178.884572,1168.023573,1166.098868,1166.048632,1163.916193,1160.258618,1159.505526,1156.873585,1156.616346,1150.66141,1148.557733,1148.082769,1148.38731,1147.784759,1146.861326,1145.96388,1145.148084,1137.805164,1136.327657,1123.255441,1118.144642,1115.653136,1113.985712,NaN
DZA,NaN,NaN,8901.029343,8899.762654,8898.281244,8905.759078,8908.76576,8909.836524,8909.870118,8928.288243,8930.87561,8949.681325,8952.978731,9042.035426,9386.11626,9448.862166,9465.77238,9496.753816,9537.617284,9760.285872,9820.958143,9849.240014,9899.286921,9899.240742,9901.042029,9896.721201,9876.035321,9863.57391,9856.677519,9842.962454,9842.207132,9837.011535,NaN
ASM,NaN,NaN,5.763686192,5.763686192,5.763686192,5.763686192,5.763686192,5.763686192,5.763686192,5.763686192,5.763686192,5.763686192,5.763686192,5.763686192,5.763686192,5.763686192,5.763686192,5.763686192,5.763686192,5.763686192,5.763686192,5.763686192,5.763686192,5.763686192,5.763686192,5.763686192,5.763686192,5.763686192,5.763686192,5.763686192,5.763686192,5.763686192,NaN
AND,NaN,NaN,NaN,NaN,NaN,NaN,NaN,NaN,NaN,NaN,NaN,NaN,NaN,NaN,NaN,NaN,NaN,NaN,NaN,NaN,NaN,NaN,NaN,NaN,NaN,NaN,NaN,NaN,NaN,NaN,NaN,NaN,NaN
AGO,NaN,NaN,5611.501812,5611.409429,5611.378268,5606.446709,5607.705499,5632.64997,5670.894938,5751.901459,5745.772596,5717.864474,5761.537211,5771.860377,5758.249293,5752.199202,5786.953596,5820.519385,5831.637045,5866.866064,5885.444017,5888.143664,5895.441258,5896.524895,5899.187613,5898.703571,5897.501616,5901.0294,5952.211843,6019.7093,6051.757118,6062.062152,NaN
AIA,NaN,NaN,0.036561978,0.036561978,0.036561978,0.036561978,0.036561978,0.036561978,0.036561978,0.036561978,0.036561978,0.036561978,0.036561978,0.036561978,0.036561978,0.036561978,0.036561978,0.036561978,0.036561978,0.036561978,0.036561978,0.036561978,0.036561978,0.036561978,0.036561978,0.036561978,0.036561978,0.036561978,0.036561978,0.036561978,0.036561978,0.036561978,NaN
ATG,NaN,NaN,1.381334433,1.381334433,1.364068072,1.346801498,1.346801498,1.339985767,1.339985767,1.339985767,1.339985767,1.251344025,1.203619613,1.143175777,1.129540603,1.120907434,1.112274502,1.112274502,1.096397507,1.094125691,1.094125691,1.094125691,1.085492331,1.06824941,1.110097763,1.110097763,1.110097763,1.127316198,1.188484399,1.188484399,1.188484399,1.188484399,NaN
ARG,NaN,NaN,51234.50603,51229.0098,51223.22156,51447.58792,51602.99146,51840.69675,52228.84777,52820.02872,53047.85209,53475.88787,53679.53765,53966.28636,54262.19638,54426.06724,54507.38158,54573.38691,54657.76748,54697.15424,54732.01383,54757.62037,54764.49913,54732.88555,54687.83679,54683.62868,54604.61291,54587.48613,54606.89306,54609.45343,54596.77322,54653.17998,NaN
ARM,NaN,NaN,919.7057809,919.4989024,919.2432459,940.2563376,940.8193249,941.5680209,946.9492223,946.8815075,945.0988006,946.3661748,944.3154486,943.4438534,943.3410974,942.7188019,943.0113749,942.5475424,943.0309404,942.4935033,942.033337,941.523961,942.8974527,941.8791338,939.9526865,938.9894191,930.1586128,927.9388974,926.5506464,926.2303929,925.3652438,924.8297837,NaN
ABW,NaN,NaN,1.095095231,1.095095231,1.095095231,1.095095231,1.095095231,1.095095231,1.095095231,1.095095231,1.095095231,1.095095231,1.095095231,1.095095231,1.095095231,1.095095231,1.095095231,1.095095231,1.095095231,1.095095231,1.095095231,1.095095231,1.095095231,1.095095231,1.095095231,1.095095231,1.095095231,1.095095231,1.095095231,1.095095231,1.095095231,1.08814051,NaN
AUS,NaN,NaN,50849.16818,50846.06389,50843.1205,50991.92239,51002.87663,51089.83587,51276.58819,51812.33639,52423.95604,52749.31809,52989.8441,53206.86897,53247.43344,53237.23008,53222.70883,53232.63446,53230.93232,53241.69888,53256.03484,53296.95875,53300.07487,53296.95435,53299.25952,53297.50188,53317.88199,53325.1728,53322.08445,53317.25567,53331.63639,53345.44541,NaN
AUT,NaN,NaN,1763.305704,1761.558503,1759.668994,1748.479413,1744.07027,1740.656895,1740.205879,1759.212054,1759.782407,1753.613773,1742.358856,1726.346363,1726.558678,1727.413748,1726.477946,1725.822179,1724.455638,1723.720189,1730.174287,1733.241822,1734.264995,1736.448077,1741.855728,1741.834069,1740.150001,1740.230823,1740.702456,1738.277323,1744.286195,1745.178259,NaN
AZE,NaN,NaN,3933.562049,3933.363687,3933.251474,3959.503043,3961.533114,3964.904693,3968.681785,3986.587754,4009.472077,4020.377478,4028.747954,4031.218825,4032.242592,4034.112529,4034.35367,4032.239547,4032.840368,4032.039485,4033.125738,4032.839757,4032.069747,4026.406138,4016.806304,4009.927404,3972.110956,3967.870878,3960.786382,3961.767627,3961.582799,3954.466931,NaN
BHS,NaN,NaN,15.41744535,15.18615862,15.06263179,15.00520539,14.92466784,14.87555288,14.82812571,14.83843082,14.70355903,14.52362021,14.43142103,14.35422083,14.35147266,14.37176501,14.37221742,14.37415152,14.44348658,14.34173655,14.32310531,14.33166429,14.31747931,14.3024353,14.35309726,14.35309726,14.45083239,14.46733446,14.51414777,14.84958305,15.16220719,15.58004559,NaN
BHR,NaN,NaN,2.537788992,2.537788992,2.537788992,2.537788992,2.537788992,2.537788992,2.537788992,2.537788992,2.610725743,2.343223344,2.148607471,1.954020042,1.9296766,1.824309979,1.799982338,1.759443472,1.775647131,1.775647131,1.791860018,1.783747236,1.816165164,1.816165164,1.816165164,1.816165164,1.491843452,1.264810844,0.997223929,0.989116015,0.964808218,0.956704294,NaN
BGD,NaN,NaN,9592.567452,9592.209675,9591.964399,9653.788911,9656.402243,9665.42685,9664.499961,9667.794177,9648.970016,9669.653801,9672.035786,9676.247034,9673.594334,9677.429273,9680.248781,9681.93882,9680.285863,9678.968146,9676.673869,9654.428788,9646.568057,9634.623683,9618.738231,9613.435565,9603.447353,9597.177419,9585.875056,9568.093312,9555.172426,9545.773646,NaN
BRB,NaN,NaN,26.407263,26.36234455,26.31094169,26.24009602,26.18360219,26.16369844,26.12989865,26.07758199,26.05443004,26.00905205,25.91921707,25.89143658,25.86874878,25.79512313,25.46173407,25.339028,25.20103915,25.0732363,24.98665155,24.83894214,24.73013734,24.65468045,24.45744948,24.24773058,24.24773058,24.24078435,24.24078435,24.23383825,24.23383825,24.11762589,NaN
BLR,NaN,NaN,9935.515919,9933.979207,9932.269916,10011.26675,10010.96694,10029.06781,10046.8738,10115.16198,10129.69004,10117.09021,10099.88136,10081.00637,10051.62102,10041.34666,10028.52285,10020.93969,9983.199746,9965.669731,9965.883331,9977.642484,9976.239769,9976.053022,9965.094877,9964.724059,9869.876815,9836.897829,9813.987707,9757.780969,9759.424601,9748.312685,NaN
BEL,NaN,NaN,1546.824938,1542.498495,1537.787216,1537.022904,1532.495931,1527.684858,1527.46988,1525.809193,1519.22512,1501.661112,1471.886719,1440.516483,1416.897547,1416.762568,1416.955559,1417.424265,1417.027729,1416.887628,1417.087601,1417.370577,1417.489609,1417.413,1415.91877,1415.898434,1413.672581,1413.044954,1412.846859,1410.767712,1410.403461,1405.28872,NaN
BLZ,NaN,NaN,103.4133747,103.4133747,103.4047229,117.1322288,117.4561029,119.8941117,122.3238682,130.8213234,134.3212097,135.3304223,136.3020484,137.2724437,140.1935419,140.7604004,141.0322803,142.4827993,143.4118027,143.9939244,145.5756832,147.250393,148.1661595,149.0303887,149.9389173,149.849367,151.9878787,152.926938,154.126667,155.7434604,157.1875968,159.8671165,NaN
BEN,NaN,NaN,3484.292581,3484.059132,3483.647893,3498.70834,3514.096002,3530.773517,3553.634306,3581.197118,3629.417839,3663.320182,3679.775152,3688.642249,3703.498682,3713.39766,3718.363157,3759.931129,3763.909533,3795.059609,3807.64292,3849.440649,3858.205271,3856.048611,3859.88947,3858.230443,3834.81297,3804.005943,3763.782321,3737.130126,3734.725177,3714.589453,NaN
BTN,NaN,NaN,71.79217705,71.79217705,71.79217705,73.98903238,74.29620803,75.14642418,74.99910371,76.58916176,76.03005091,77.45704714,77.17947613,76.86566222,76.56951896,76.5176029,76.52100107,76.25860164,76.2212,76.48022749,76.50173538,76.44980928,76.56516702,76.56308635,76.42342676,76.32750596,75.34124389,74.94773448,74.67124968,74.21794182,74.29147243,73.7019939,NaN
BOL,NaN,NaN,3422.678874,3486.397754,3485.983971,4150.514585,4274.60626,4412.558458,4652.252877,5102.568411,5193.007114,5181.261896,5208.298577,5130.90243,5630.371035,5631.233355,5614.767725,5590.209718,5604.895743,5628.159207,5655.077826,5680.031109,5691.823093,5698.309657,5703.360379,5702.728269,5733.065731,5761.050357,5803.783914,5827.696648,5829.83102,5863.968761,NaN
BES,NaN,NaN,0.467811107,0.467811107,0.467811107,0.467811107,0.467811107,0.467811107,0.467811107,0.467811107,0.467811107,0.467811107,0.467811107,0.467811107,0.467811107,0.467811107,0.467811107,0.467811107,0.467811107,0.467811107,0.467811107,0.467811107,0.467811107,0.467811107,0.467811107,0.467811107,0.467811107,0.467811107,0.467811107,0.467811107,0.467811107,0.467811107,NaN
BIH,NaN,NaN,1204.384706,1204.135025,1203.807071,1214.188299,1222.261343,1230.395623,1267.11314,1297.060274,1325.196269,1323.875534,1327.212593,1327.242286,1334.298891,1332.119138,1327.800862,1324.633473,1315.400021,1310.925473,1310.178992,1310.885186,1311.005229,1309.407218,1304.441702,1302.916051,1303.431521,1307.160879,1312.623651,1314.070136,1324.717793,1326.878827,NaN
BWA,NaN,NaN,2642.602532,2642.59209,2642.581254,2642.767274,2643.248082,2643.863634,2645.833356,2667.363993,2751.235397,2762.103724,2797.501732,2816.084505,2870.709682,2874.4763,2874.976976,2905.037465,2905.539703,2914.272495,2920.402731,2922.730076,2927.418853,2929.302656,2931.463182,2931.344733,2928.526672,2921.280341,2917.039254,2909.859113,2905.224461,2896.11497,NaN
BRA,NaN,NaN,145483.828,146281.9523,146266.8196,149379.0944,150940.0248,152249.6425,154127.8642,156998.9823,157460.9089,158282.849,158937.8671,159855.1758,165293.3091,165350.3232,165363.0122,165234.5747,165189.2656,165177.1365,165072.8289,165099.9373,165090.1924,165055.7073,164912.3169,164894.3624,164893.0523,164866.3045,164921.6004,164820.1908,164730.8346,164730.3863,NaN
VGB,NaN,NaN,0.062624704,0.062624704,0.062624704,0.060371495,0.060371495,0.060371495,0.053611178,0.053611178,0.053611178,0.053611178,0.053611178,0.053611178,0.044597592,0.044597592,0.044597592,0.042344469,0.035584155,0.035584155,0.033331068,0.033331068,0.031078018,0.028824931,0.028824931,0.028824931,0.028824931,0.028824931,0.028824931,0.028824931,0.028824931,0.028824931,NaN
BRN,NaN,NaN,52.35703005,52.35703005,52.35703005,53.10429659,52.85566122,52.97553466,53.46909496,54.19724211,54.1962612,51.53071339,51.13899477,49.21694091,48.21845166,47.14579335,46.6211259,45.54988519,44.84049038,44.49981658,44.05239197,43.95713375,43.75090066,42.60758754,42.18683503,42.00878346,42.59375972,42.44273277,42.69830279,43.63671225,44.24456009,44.28946513,NaN
BGR,NaN,NaN,5617.525672,5616.196418,5614.251054,5636.115435,5634.700391,5634.638844,5633.738659,5632.943787,5632.734185,5620.705897,5612.473821,5592.628501,5581.410056,5574.772017,5567.603223,5554.781878,5538.647544,5529.485702,5522.860187,5516.832333,5513.704598,5508.924902,5495.169376,5490.133121,5485.321665,5480.10333,5468.908865,5468.741836,5468.125656,5468.878458,NaN
BFA,NaN,NaN,15683.40253,15683.26465,15683.17735,15762.38239,15817.00031,15864.53285,15966.60737,16070.73543,16256.66799,16351.70346,16465.34118,16516.05276,16586.97239,16612.24083,16627.91548,16670.95492,16680.66498,16699.15144,16701.05446,16719.94116,16722.5669,16727.53468,16733.46643,16732.83285,16729.53767,16722.32412,16690.88398,16687.16724,16687.03797,16711.94097,NaN
BDI,NaN,NaN,1418.443578,1418.43456,1418.425543,1452.390178,1455.255339,1457.997984,1460.9577,1467.92421,1466.850476,1468.415256,1466.651331,1464.872724,1463.044605,1465.405583,1464.690046,1463.08292,1461.516076,1461.077181,1462.635717,1463.630637,1464.595003,1464.539887,1465.478938,1465.325184,1457.397239,1453.166331,1447.701904,1441.126119,1436.977166,1436.57861,NaN
CPV,NaN,NaN,20.68092585,20.68092585,20.68092585,20.66029554,20.66029554,20.68859726,20.68859726,20.73880962,20.5377356,20.54640842,20.55508072,20.57255705,20.58127787,20.64169028,20.65270289,20.67241018,20.64674668,20.71102642,20.71787299,20.70920415,20.70920415,20.70920415,20.70920415,20.70920415,20.70920415,20.70920415,20.70920415,20.4790142,20.4790142,20.4767317,NaN
KHM,NaN,NaN,5922.105905,5921.992901,5921.807515,6046.395395,6088.719523,6149.579091,6206.06259,6311.021203,6385.457248,6475.952412,6581.971076,6661.779671,6765.669027,6833.630314,6864.921792,6876.385763,6918.235219,6942.165939,6966.827266,7004.016587,7024.961942,7042.111369,7040.588411,7038.915177,7025.994486,7013.561134,7013.163725,7010.937604,7006.297504,7001.716772,NaN
CMR,NaN,NaN,5504.175655,5503.398398,5502.748618,5558.167728,5574.366497,5593.961867,5630.129057,5683.422574,5729.579817,5734.536874,5738.282868,5744.249197,5766.5752,5776.299359,5784.228758,5790.701512,5813.524646,5835.965816,5876.024441,5914.836205,5946.407863,5973.659741,5996.566698,5995.640766,6005.132114,6003.559124,5981.731485,5971.213329,5973.44849,5987.283116,NaN
CAN,NaN,NaN,51980.97957,51969.71071,51958.87979,52147.44638,52130.83036,52149.99806,52230.68717,52322.85111,52467.59908,52484.95714,52513.35346,52530.54967,52580.88789,52580.87022,52565.14424,52553.95982,52561.29503,52570.93438,52590.95095,52604.97843,52614.2893,52611.57269,52610.55422,52612.91422,52616.12948,52623.62936,52693.74991,52712.30252,52735.92167,52722.00281,NaN
CYM,NaN,NaN,3.231194928,3.231194928,3.231194928,3.231194928,3.231194928,3.214154545,3.169313299,3.154065505,3.147338837,3.147338837,3.121779252,3.104739589,3.087699622,3.07917983,3.07917983,3.002500456,2.985459935,2.968419825,2.959899528,2.951378663,2.880970748,2.827622251,2.757224767,2.740182865,2.757223081,2.748702593,2.748702593,2.748702593,2.748702593,2.748702464,NaN
CAF,NaN,NaN,796.6536724,796.5385089,796.445132,801.8590603,802.3572429,804.0673824,817.83555,875.1334034,892.6443171,911.5684833,913.5517215,914.8566451,927.0121212,932.1508022,933.0446962,935.7214649,938.8614376,940.9365688,936.7541014,934.0820695,936.1155934,934.9673439,927.4689893,927.4273456,935.7924153,937.3308328,955.3015642,974.2884931,974.073411,984.0682043,NaN
TCD,NaN,NaN,17600.11394,17599.97916,17599.89212,17714.51867,17712.96802,17770.62963,17844.38985,17960.6655,18129.07712,18143.88398,18171.13027,18225.25804,18331.86938,18361.61002,18378.21908,18419.83592,18473.80365,18581.64618,18595.26565,18632.34445,18642.08083,18667.64137,18726.1055,18725.70779,18751.49224,18758.17646,18784.98951,18862.32894,18868.4887,18876.1902,NaN
CHL,NaN,NaN,3261.528402,3261.202742,3260.744591,3258.899782,3255.277031,3255.255186,3258.276393,3268.810796,3263.746985,3257.851831,3249.048768,3239.478625,3211.608947,3199.694716,3186.193245,3170.994391,3156.365058,3147.55584,3141.728357,3143.123553,3141.137353,3137.154472,3134.84198,3134.391407,3182.033989,3192.33216,3208.141957,3212.191069,3211.875787,3213.165762,NaN
CHN,NaN,NaN,217487.8777,217426.6712,217366.4419,218680.8608,219001.5044,219512.9564,219958.7419,221680.9527,222373.0301,222418.8785,222401.3657,222285.748,222138.9052,222048.2111,221895.8583,221721.1579,221695.1617,221632.5019,221574.4105,221318.3771,221066.0518,220606.588,220224.2258,219911.2245,218895.2028,218212.8095,217778.1991,216926.9679,216701.6759,216170.7321,NaN
HKG,NaN,NaN,21.70886363,21.64999089,21.58888454,21.78891381,20.18579599,19.94577274,18.90152653,17.84055036,17.20029148,16.54758707,16.19456078,16.01763184,15.79100369,15.57614943,15.26535379,15.08083219,14.76607015,14.55716884,14.19371757,14.02880982,13.86760503,13.68712928,13.36003945,13.24113827,13.23592056,13.18317998,13.20643613,13.20549653,13.05786349,13.66074833,NaN
MAC,NaN,NaN,0.929717226,0.929717226,0.929717226,1.154675213,1.154675213,1.146280126,1.146280126,1.209921802,1.193131189,1.167951369,1.117584361,1.092400034,1.058814382,1.067208559,1.042019025,1.000035177,0.890887414,0.848908149,0.823717445,0.823717445,0.823717445,0.823717445,0.823717445,0.823717445,0.823717445,0.748156296,0.722970147,0.722970147,0.63900707,0.630611885,NaN
COL,NaN,NaN,9792.956892,9794.154368,9793.545397,9805.102358,9790.044669,9821.310999,9893.515747,9960.961608,9974.071015,9989.075106,10004.91506,10035.31656,10153.24458,10135.0044,10119.91452,10060.55931,10017.9144,9987.679773,9975.821107,9970.361401,9964.592897,9942.447447,9883.037146,9881.148887,9897.420219,9914.920831,9917.962473,9959.30174,9984.908307,10071.78339,NaN
COM,NaN,NaN,11.75786414,11.75786414,11.75786414,11.70897013,11.70897013,11.70897013,11.70897013,11.77555314,11.8253199,11.70533732,11.64172878,11.61251571,11.55409427,11.50620432,11.56443185,11.55558125,11.59149042,11.6398838,11.72738757,11.83118084,11.83118084,11.96102172,12.04631412,12.02865053,12.21582296,12.23395233,12.46424191,12.6437607,13.21898791,13.35549956,NaN
COG,NaN,NaN,2884.794791,2884.670593,2884.598546,2876.452118,2870.276156,2875.192025,2931.406554,2939.643865,2879.229387,2856.840242,2856.225727,2848.675379,2828.563849,2824.488476,2821.879403,2808.175878,2760.023648,2744.124878,2741.88464,2741.333161,2775.06565,2774.033172,2766.028906,2765.792941,2754.925979,2749.866084,2742.343055,2722.2824,2704.64121,2718.56886,NaN
COK,NaN,NaN,3.080098938,3.080098938,3.080098938,3.080098938,3.080098938,3.080098938,3.080098938,3.080098938,3.080098938,3.080098938,3.080098938,3.080098938,3.080098938,3.080098938,3.080098938,3.080098938,3.080098938,3.080098938,3.080098938,3.080098938,3.080098938,3.080098938,3.080098938,3.080098938,3.080098938,3.080098938,3.080098938,3.080098938,3.080098938,3.080098938,NaN
CRI,NaN,NaN,767.8919189,767.7231668,767.587747,775.0247736,772.7383103,774.9043101,767.98424,756.9734976,745.9776507,742.578871,737.5560234,731.9449861,718.4660363,707.5389828,700.2477762,696.4517763,683.0428537,670.5944682,662.9974349,653.5545794,650.5653153,643.9929624,623.16956,622.7929316,622.6826963,623.0482207,622.1911304,623.4062662,625.9100303,624.5181443,NaN
CIV,NaN,NaN,13503.8743,13502.8336,13501.64876,13672.69196,13701.61956,13778.06451,13823.99516,13845.68786,13929.537,13967.22555,13977.78832,14000.15331,14022.86834,14037.20347,14061.93166,14080.30769,14118.14526,14141.42774,14197.10958,14224.70708,14254.16583,14254.24476,14241.74887,14239.20415,14210.23719,14203.31659,14192.7663,14196.90744,14185.40294,14169.3437,NaN
HRV,NaN,NaN,2063.452425,2062.677882,2062.034624,2068.583048,2072.067529,2077.800192,2089.600051,2153.717356,2174.637735,2174.729004,2176.584438,2170.793776,2164.880352,2163.620138,2162.738065,2160.070183,2153.947955,2146.076584,2146.572655,2147.185899,2147.809667,2143.54713,2135.997353,2133.682761,2134.009396,2136.45703,2143.419919,2144.76182,2155.411973,2161.433246,NaN
CUB,NaN,NaN,4066.875185,4066.164773,4065.591142,4063.638302,4062.182846,4060.29478,4059.168133,4052.784284,4045.548497,4040.492373,4039.244136,4039.017873,4046.710558,4048.500765,4047.060705,4040.404091,4038.386244,4035.438259,4033.575722,4033.473742,4033.189272,4032.081759,4031.251447,4029.928743,4031.407481,4032.673085,4032.557029,4032.144725,4032.626509,4026.622741,NaN
CUW,NaN,NaN,1.082380401,1.082380401,1.07541723,1.07541723,1.07541723,1.07541723,1.07541723,1.07541723,1.07541723,1.07541723,1.07541723,1.07541723,1.07541723,1.07541723,1.07541723,1.070775768,1.070775768,1.070775768,1.070775768,1.070775768,1.053137883,1.044317854,1.044317854,1.037354609,1.037354609,1.037354609,1.035034031,1.010433093,1.010433093,1.010433093,NaN
CYP,NaN,NaN,295.854141,295.764962,295.6683224,297.7743371,298.353862,298.2454587,298.1840116,297.0248783,296.4356655,295.4941264,294.6236025,293.777635,292.4587719,291.2758079,290.7639054,290.3077413,288.9377047,288.6754749,288.5182443,288.4271344,288.1331578,287.4669135,287.0405303,286.7274884,286.3857868,285.4671644,284.9904555,284.5506035,284.6284975,284.5169269,NaN
CZE,NaN,NaN,3715.412114,3712.82183,3709.981758,3713.478116,3701.410616,3698.44284,3687.442257,3682.191212,3671.416385,3661.381675,3642.181143,3613.531847,3575.620062,3576.244927,3574.666835,3574.136584,3573.922245,3572.324105,3574.036808,3575.212569,3576.883427,3577.629583,3580.795613,3580.760323,3577.269921,3577.478514,3578.134564,3568.810295,3571.206627,3573.210886,NaN
PRK,NaN,NaN,3573.407955,3573.029456,3572.58756,3579.727761,3582.257895,3587.026129,3602.741108,3664.254851,3755.423535,3779.863757,3784.883417,3782.690478,3797.643098,3807.591366,3809.916969,3817.765629,3831.00316,3835.469357,3848.854413,3858.708128,3871.957341,3872.292718,3880.293182,3889.07605,3888.729014,3892.50989,3917.485915,3929.103247,3946.424187,3955.533076,NaN
COD,NaN,NaN,NaN,NaN,NaN,NaN,NaN,NaN,NaN,NaN,NaN,NaN,NaN,NaN,NaN,NaN,NaN,NaN,NaN,NaN,NaN,NaN,NaN,NaN,NaN,NaN,NaN,NaN,NaN,NaN,NaN,NaN,NaN
DNK,NaN,NaN,2930.670009,2928.604437,2926.521416,2933.209081,2931.932117,2928.61048,2926.708083,2906.192727,2905.394626,2899.821761,2891.520199,2884.097896,2876.90804,2874.940904,2873.578131,2874.05183,2872.167584,2871.517014,2872.647084,2873.83792,2873.968769,2873.095923,2872.563213,2872.423299,2855.885944,2854.853303,2854.367277,2844.84677,2843.353948,2839.272588,NaN
DJI,NaN,NaN,2.253002696,2.253002696,2.253002696,2.253002696,2.253002696,2.253002696,2.253002696,2.253002696,2.318379268,2.195224961,2.195224961,2.255397893,2.300172928,2.300172928,2.300172928,2.300172928,2.300172928,2.300172928,2.309015027,2.309015027,2.309015027,2.309015027,2.309015027,2.309015027,2.394000143,2.486941941,2.977419462,3.108083392,3.116953628,3.116953628,NaN
DMA,NaN,NaN,0.137458982,0.137458982,0.137458982,0.137458982,0.137458982,0.137458982,0.137458982,0.137458982,0.137458982,0.137458982,0.137458982,0.137458982,0.137458982,0.137458982,0.137458982,0.137458982,0.137458982,0.137458982,0.137458982,0.137458982,0.128745817,0.128745817,0.126453184,0.126453184,0.126453184,0.126453184,0.126453184,0.126453184,0.126453184,0.168621962,NaN
DOM,NaN,NaN,1363.672072,1362.669524,1362.021165,1364.923213,1363.864018,1363.137272,1360.665143,1340.952649,1327.225348,1313.312246,1307.44337,1292.10878,1270.035054,1264.598419,1258.391507,1245.733969,1229.761996,1215.439966,1213.286297,1212.913381,1211.329307,1208.920747,1209.155103,1208.246141,1207.58815,1207.007687,1206.133005,1208.03862,1209.139709,1199.577406,NaN
ECU,NaN,NaN,2574.541741,2574.280401,2573.669073,2570.911871,2567.304533,2560.534239,2553.944132,2557.577857,2542.128477,2548.920846,2549.714182,2553.268238,2606.715357,2604.466343,2598.639562,2588.743416,2540.072505,2502.080161,2483.470057,2478.801598,2461.776261,2442.455298,2372.023784,2370.793899,2368.841361,2367.552589,2365.90214,2360.416409,2357.20513,2331.315593,NaN
EGY,NaN,NaN,4337.78038,4337.184207,4336.510263,4379.033162,4387.59219,4398.888721,4402.693268,4412.494044,4434.841588,4434.304295,4438.299685,4443.595197,4471.880923,4472.612536,4470.120842,4500.555484,4509.03443,4519.983029,4526.749783,4536.198154,4551.405762,4548.235414,4544.298507,4536.820696,4530.91373,4529.71573,4547.741608,4551.059072,4540.619058,4526.923604,NaN
SLV,NaN,NaN,455.4643592,455.2907706,454.9833264,451.5057856,450.1865861,449.1560566,446.5016039,440.1650089,417.3137252,414.81761,413.1372082,408.7823292,401.9916184,403.0590441,402.925691,402.4947258,401.8654947,399.8871483,399.1853283,399.0537165,398.3306166,397.9017915,397.8268024,397.2447283,397.6290191,398.2221527,398.7658889,399.2366036,399.8133941,400.7499115,NaN
GNQ,NaN,NaN,172.6110471,172.6110471,172.6110471,172.5635932,172.5683676,172.5906491,173.1707529,191.5926306,204.5893631,207.4355404,209.0766321,208.9318677,212.111407,212.1599556,211.9249455,212.3960757,213.2294636,212.4273349,211.8367978,212.5093591,212.094175,211.5768968,210.6779778,210.5680727,206.1540108,203.4062218,202.0450878,202.4010598,201.8786036,211.0204223,NaN
ERI,NaN,NaN,1723.719225,1723.67579,1723.545485,1722.488519,1721.047004,1721.325019,1722.507988,1720.64022,1718.536558,1721.697013,1723.101609,1723.204745,1723.533348,1723.578557,1724.06999,1724.481463,1722.632526,1723.768782,1724.214953,1722.679746,1721.109569,1716.110704,1719.633279,1719.307614,1714.248302,1710.412781,1692.889426,1679.979472,1680.22095,1679.651379,NaN
EST,NaN,NaN,785.2967473,785.1813097,784.9788681,810.9822221,813.0062085,817.9417732,842.5875699,892.7462576,916.5610721,923.8206504,929.4110197,931.742389,946.7197975,949.1900346,951.5488585,955.3446323,960.7548544,964.5866873,974.6194114,980.3005258,982.551244,983.4199694,983.8287445,983.7410386,972.5424444,972.8500152,977.9232254,978.0172121,980.6237899,981.4652914,NaN
SWZ,NaN,NaN,469.1949109,469.1949109,469.1949109,470.3781555,470.8849272,471.7615163,474.1511617,503.6278933,525.9785605,537.478499,551.9202278,561.3438448,573.7067899,573.7706366,572.8751601,574.5926855,575.7111752,577.71167,577.9445377,578.8064881,578.6960069,579.4332832,579.6530514,579.5718523,579.1424535,578.7940471,578.3638012,577.7071006,578.2101231,577.7380732,NaN
ETH,NaN,NaN,19713.05094,19712.70654,19712.40667,19757.22267,19778.36033,19799.02986,19853.6113,19916.56042,19937.21758,19960.65927,19965.94375,19952.28291,19882.83176,19900.21224,19902.33285,19853.9054,19838.74429,19852.58436,19867.80474,19856.21676,19851.09562,19819.48652,19745.99918,19743.91804,19670.527,19634.1866,19523.15119,19456.70442,19447.66907,19348.63158,NaN
FLK,NaN,NaN,0.709036803,0.709036803,0.709036803,0.709036803,0.709036803,0.709036803,0.709036803,0.709036803,0.72239046,0.289973114,0.249006507,0.249006507,0.290814586,0.096747838,0.059474516,0.059474516,0.059474516,0.0638005,0.065241417,0.065241417,0.065241417,0.065241417,0.065241417,0.065241417,0.065241417,0.065241417,0.065241417,0.0638005,0.0638005,0.0638005,NaN
FRO,NaN,NaN,1.904867038,1.904867038,1.904867038,1.904867038,1.904867038,1.904867038,1.904867038,1.904867038,1.904867038,1.904867038,1.904867038,1.904867038,1.904867038,1.904867038,1.904867038,1.904867038,1.904867038,1.904867038,1.904867038,1.904867038,1.904867038,1.904867038,1.904867038,1.904867038,1.950869397,1.950869397,1.950869397,1.950869397,2.046210787,2.049742037,NaN
FJI,NaN,NaN,364.5057976,364.5057976,364.5057976,364.5057976,364.5057976,364.5057976,364.5057976,364.5057976,364.5057976,364.4691956,364.2210629,364.8374887,364.8767465,364.7796662,364.2947141,362.1142048,359.5204481,361.4953137,364.2319275,364.0207417,364.8471268,364.7301854,378.773793,378.7670206,386.655575,387.2869591,388.4409889,390.5116744,390.5381333,392.523374,NaN
FIN,NaN,NaN,2139.006793,2138.800299,2138.568052,2144.499573,2147.661794,2152.566706,2167.817493,2247.395745,2306.348421,2318.977421,2346.348328,2362.159007,2406.891564,2416.456374,2422.408618,2429.258772,2433.864751,2448.004505,2466.587532,2487.19531,2495.020486,2496.436004,2509.865744,2509.969144,2554.100513,2583.98918,2668.568558,2721.34574,2744.506493,2746.964141,NaN
FRA,NaN,NaN,26109.3265,26093.21177,26076.17823,26100.8032,26071.70192,26047.65763,26065.40353,26101.70777,26102.99019,26045.08822,25963.85892,25857.5142,25730.99289,25714.44193,25689.95153,25657.98077,25603.25783,25586.53099,25597.43866,25595.65421,25587.16083,25567.36279,25566.13327,25556.46826,25527.01909,25506.52049,25482.68284,25434.1252,25437.66575,25406.75635,NaN
GUF,NaN,NaN,NaN,NaN,NaN,NaN,NaN,NaN,NaN,NaN,NaN,NaN,NaN,NaN,NaN,NaN,NaN,NaN,NaN,NaN,NaN,NaN,NaN,NaN,NaN,NaN,NaN,NaN,NaN,NaN,NaN,NaN,NaN
PYF,NaN,NaN,79.17821387,79.17821387,79.17821387,79.17821387,79.17821387,79.17821387,79.17821387,79.17821387,79.17821387,79.17821387,79.17821387,79.17821387,79.17821387,79.17821387,79.17821387,79.17821387,79.17821387,79.17821387,79.17821387,79.17821387,79.17821387,79.17821387,79.17821387,79.17821387,79.17821387,79.17821387,79.17821387,79.17821387,79.17821387,78.6950146,NaN
GAB,NaN,NaN,850.544292,850.5053705,850.4483627,854.4017959,855.9133452,860.6315847,891.0850256,932.6556127,959.6717246,972.2591573,981.7453811,988.0541635,996.5517176,996.2870512,994.8238356,993.0000182,989.4847053,988.9003012,988.130453,988.2885384,989.2636899,994.1574003,994.5663968,994.4866448,990.0401073,989.4991868,982.8415567,984.9991305,990.9214541,1003.095893,NaN
GMB,NaN,NaN,579.6194277,579.5269774,579.3971068,589.8060575,590.3286694,594.9390624,596.9488251,595.668649,594.276727,593.2190495,593.7017225,592.7358949,586.3046025,585.2278268,584.2665234,584.2980014,583.5698047,583.6876767,584.0056409,586.8424891,587.3135105,587.9539107,589.7125396,589.3422801,587.2543635,587.0697017,583.6241131,581.5872746,581.0925608,580.9006621,NaN
GEO,NaN,NaN,1711.302579,1710.939709,1710.285899,1703.133129,1703.429296,1704.018422,1708.870667,1715.763337,1716.812505,1716.342883,1716.451121,1714.975201,1716.551449,1714.19112,1709.287812,1700.452705,1691.615454,1690.942838,1693.862994,1697.668629,1697.296382,1695.623657,1705.360818,1703.714637,1688.324382,1685.27691,1683.005249,1683.533073,1691.673603,1691.681915,NaN
DEU,NaN,NaN,15994.54154,15972.38027,15947.07683,15928.97768,15853.21287,15810.78387,15782.06879,15701.24468,15652.34571,15568.1401,15433.10571,15284.21399,15116.89334,15120.0646,15122.36682,15130.6947,15129.23406,15126.15865,15128.99165,15129.3667,15130.37323,15123.38204,15089.4754,15089.27055,15003.50523,14997.43853,14994.44115,14961.85995,14960.84346,14945.11718,NaN
GHA,NaN,NaN,9442.660529,9440.031777,9437.125698,9480.221974,9483.724433,9503.816183,9515.390385,9549.455024,9598.304699,9652.772287,9660.171844,9679.763684,9661.641917,9662.432454,9667.849808,9678.257517,9681.586354,9698.138751,9713.810243,9772.40672,9774.067552,9768.674927,9772.752716,9768.357628,9753.442988,9732.332663,9663.287569,9635.215928,9609.805191,9573.983574,NaN
GIB,NaN,NaN,0.050685883,0.050685883,0.050685883,0.050685883,0.050685883,0.050685883,0.050685883,0.050685883,0.050685883,0.050685883,0.050685883,0.050685883,0.050685883,0.050685883,0.050685883,0.043444409,0.043444409,0.043444409,0.043444409,0.043444409,0.043444409,0.043444409,0.043444409,0.043444409,0.043444409,0.043444409,0.043444409,0.043444409,0.043444409,0.043444409,NaN
GRC,NaN,NaN,4901.180758,4900.336844,4899.440891,4924.160961,4913.758232,4910.557192,4908.177778,4892.868641,4881.109144,4879.476079,4877.957156,4867.717446,4864.650578,4863.867631,4857.790323,4853.457211,4840.642424,4834.17922,4831.345609,4829.05187,4827.309535,4824.061424,4819.202652,4816.079814,4795.75648,4786.238351,4778.972066,4774.842747,4773.639627,4771.623573,NaN
GRD,NaN,NaN,0.474293631,0.474293631,0.474293631,0.474293631,0.465465556,0.465465556,0.458496071,0.4426997,0.412963441,0.412963441,0.412963441,0.412963441,0.412963441,0.412963441,0.412963441,0.412963441,0.412963441,0.404136426,0.404136426,0.404136426,0.404136426,0.404136426,0.404136426,0.404136426,0.404136426,0.404136426,0.404136426,0.404136426,0.404136426,0.404136426,NaN
GLP,NaN,NaN,NaN,NaN,NaN,NaN,NaN,NaN,NaN,NaN,NaN,NaN,NaN,NaN,NaN,NaN,NaN,NaN,NaN,NaN,NaN,NaN,NaN,NaN,NaN,NaN,NaN,NaN,NaN,NaN,NaN,NaN,NaN
GUM,NaN,NaN,3.594853179,3.594853179,3.594853179,3.594853179,3.594853179,3.594853179,3.594853179,3.594853179,3.594853179,3.594853179,3.594853179,3.594853179,3.594853179,3.594853179,3.594853179,3.594853179,3.594853179,3.594853179,3.594853179,3.594853179,3.594853179,3.594853179,3.594853179,3.594853179,3.594853179,3.594853179,3.594853179,3.594853179,3.594853179,3.594853179,NaN
GTM,NaN,NaN,1233.916432,1233.880475,1233.814817,1349.584353,1357.815899,1414.967473,1615.79642,1648.733988,1659.186827,1668.662258,1674.92541,1696.090042,1714.557274,1721.896151,1725.247145,1726.696642,1729.347663,1729.870377,1730.499934,1730.715357,1729.675558,1728.696142,1726.646876,1726.040039,1728.142202,1731.027371,1735.763557,1737.71289,1738.599873,1732.695807,NaN
GGY,NaN,NaN,3.454923484,3.371838709,3.336233028,3.301878859,3.351215821,3.345277431,3.32746942,3.358079395,3.352147642,3.154439095,2.932681861,2.815255828,2.761860976,2.755931634,2.793402524,2.787473696,2.781536125,2.781536125,2.781536125,2.781536125,2.781536125,2.776854013,2.782792088,2.782792088,2.782792088,2.782792088,2.782792088,2.782792088,2.782792088,2.776858241,NaN
GIN,NaN,NaN,3457.321712,3456.993035,3456.792563,3475.600446,3478.788162,3483.835392,3494.119899,3502.452837,3498.988037,3504.034364,3505.275226,3498.675255,3494.521501,3497.739191,3500.244256,3503.599326,3508.99195,3517.94963,3527.688192,3534.179007,3539.076231,3538.550083,3536.08988,3535.705475,3526.566138,3524.140694,3504.671136,3522.770318,3524.675604,3500.764858,NaN
GNB,NaN,NaN,456.3907225,456.3907225,456.3791062,455.9092936,456.9514226,457.5665626,459.6069991,462.3228027,469.7958114,469.1868036,469.7483117,470.1892565,470.1500181,472.7271832,473.6308491,478.4131105,484.6516864,491.2023313,499.8152235,519.48124,524.8887405,526.09862,527.6492608,527.5786974,532.9507214,535.3305047,540.7579699,545.5172317,545.1097621,540.9321726,NaN
GUY,NaN,NaN,105.6579267,136.0218369,135.9652399,147.8223008,153.4984713,156.4011022,158.4297875,162.4543066,162.7947352,164.0313517,164.2496045,164.1147657,179.1544906,178.6291393,178.1636333,178.0037756,177.7599151,177.6622822,177.6779953,177.6239567,177.3227119,177.2766964,177.0861793,176.963591,176.872234,177.1357661,176.8544462,176.7202361,176.5624263,179.4403494,NaN
HTI,NaN,NaN,386.2152503,386.130825,386.0766752,384.9768739,384.4273621,383.6265298,383.7045609,378.4433298,377.5192411,375.2603491,373.8309413,373.3981654,373.1127183,373.5089355,372.9905428,371.620879,370.9911271,369.9061837,369.9644457,369.3427987,369.3118429,368.7883961,370.2627984,369.6099672,369.9646208,370.3481619,370.2964171,369.8023772,369.9634119,369.3638102,NaN
VAT,NaN,NaN,0,0,0,0,0,0,0,0,0,0,0,0,0,0,0,0,0,0,0,0,0,0,0,0,0,0,0,0,0,0,NaN
HND,NaN,NaN,1133.10418,1132.800468,1132.514157,1172.996389,1169.686439,1169.295259,1168.472501,1165.24337,1146.639064,1134.588072,1130.655235,1128.214435,1114.774339,1114.382353,1114.12729,1109.976759,1108.298821,1103.293829,1103.443112,1103.419703,1104.368223,1103.646422,1099.179716,1097.847107,1104.976162,1113.090791,1117.324841,1123.847666,1127.500802,1103.597756,NaN
HUN,NaN,NaN,6178.641266,6174.926726,6171.268518,6164.981344,6158.340061,6156.857377,6148.448006,6133.110157,6126.306929,6100.050727,6066.945938,6027.905901,5976.814215,5976.996999,5975.201118,5975.613635,5965.823537,5962.610606,5962.514037,5963.21102,5963.427243,5962.820976,5959.598393,5959.497072,5949.825055,5949.711695,5950.131081,5945.97518,5948.122217,5946.497257,NaN
ISL,NaN,NaN,0,0,0,0,0,0,0,0,0,0,0,0,0,0,0,0,0,0,0,0,0,0,0,0,0,0,0,0,0,0,NaN
IND,NaN,NaN,191732.0372,191717.948,191704.9758,192064.2684,192191.0997,192441.9411,192585.6636,192826.6661,192823.6711,192819.999,192749.8371,192657.6193,192549.2181,192517.9917,192438.2596,192348.7347,192277.6345,192224.9287,192162.3864,192056.4236,191934.1767,191774.1584,191609.4052,191528.8984,191062.2835,190791.4725,190645.5819,190170.1867,189922.3094,189576.7837,NaN
IDN,NaN,NaN,39043.10513,39016.54479,38991.59397,39135.31367,39080.19598,39172.82559,39437.0077,39501.65673,39381.18128,39163.28547,39216.20741,39294.79133,39336.83743,39557.95537,39831.69252,40160.57089,40369.14306,40313.82877,40600.56249,40815.57217,41025.62056,41081.89991,41132.37611,41098.31775,41457.86841,41576.06408,41767.34993,41936.55273,42051.02019,42045.92149,NaN
IRN,NaN,NaN,24044.85366,24044.1452,24043.28568,24197.12199,24280.66945,24362.69193,24505.64815,24994.5306,25169.38984,25337.04683,25508.55097,25608.41413,25851.21228,25910.5437,25959.01062,26030.86739,26100.16065,26172.38712,26235.09866,26267.88412,26348.76797,26369.62937,26455.14119,26444.04587,26419.04883,26403.85813,26401.5175,26401.61719,26418.7478,26416.3074,NaN
IRQ,NaN,NaN,8307.284679,8307.048426,8306.693206,8303.424458,8308.64359,8310.202223,8314.07445,8318.65837,8311.993866,8315.43382,8316.640103,8315.489774,8340.073392,8344.373312,8353.871552,8367.201037,8367.602825,8370.553714,8369.167133,8366.181043,8375.091323,8364.674115,8371.438704,8367.063264,8358.911575,8352.723687,8350.341019,8392.587645,8397.156893,8392.6182,NaN
IRL,NaN,NaN,452.5097849,452.3170835,452.0892601,451.8833147,451.6420076,451.3080369,451.0608837,454.5930397,463.7968654,463.0736021,462.156899,460.7755565,460.4567716,461.1147467,461.9862937,462.1361868,462.2919916,462.5933267,462.8288112,463.1848805,463.1204773,462.9272291,462.9475222,462.9475222,462.2214903,462.1960473,461.6262759,461.5109223,461.8556709,461.9220221,NaN
IMN,NaN,NaN,NaN,NaN,NaN,NaN,NaN,NaN,NaN,NaN,NaN,NaN,NaN,NaN,NaN,NaN,NaN,NaN,NaN,NaN,NaN,NaN,NaN,NaN,NaN,NaN,NaN,NaN,NaN,NaN,NaN,NaN,NaN
ISR,NaN,NaN,480.1540596,479.9948461,479.8742854,479.638129,479.4676571,479.3254547,479.0971662,479.1420544,481.2595913,481.7001479,481.0235248,480.3280433,479.6094363,478.7490558,477.2595996,476.2416796,475.4154927,474.2290316,473.159734,472.1518071,473.615873,471.2319079,469.9276153,468.4302084,468.4170803,465.462735,462.316684,461.8593984,461.5966205,459.7435261,NaN
ITA,NaN,NaN,14389.13486,14384.12364,14378.16366,14369.94416,14364.20991,14365.81073,14380.54043,14466.11228,14477.8757,14493.57101,14488.82599,14469.08834,14455.0718,14441.97662,14427.8492,14407.3209,14388.81586,14375.5533,14372.78573,14363.26978,14357.12462,14342.25661,14328.05566,14312.89439,14296.68465,14290.73971,14269.61749,14250.59714,14248.72322,14242.29371,NaN
JAM,NaN,NaN,97.36172843,97.15049736,96.95496647,100.4664189,102.0058139,102.7403094,109.8414508,114.5513501,126.5065664,132.8096657,132.7717049,130.2414502,131.5228472,132.0601768,132.5419205,132.164844,132.7634605,134.058657,135.537553,135.4670388,137.1235422,137.448001,141.3830992,140.5392965,141.2623585,141.6085891,142.5509125,143.3259467,144.9028081,145.1174934,NaN
JPN,NaN,NaN,7636.687467,7607.854443,7581.446788,7675.928899,7656.81905,7676.709167,7689.142651,7924.466231,7941.050199,7935.828966,7936.493988,7935.856744,7970.930532,7904.460798,7865.166345,7760.512857,7693.226283,7593.357675,7501.711359,7438.051622,7378.771514,7300.592731,7229.241169,7173.361987,7177.862733,7174.935667,7186.847406,7181.258425,7181.580189,7162.342885,NaN
JEY,NaN,NaN,7.608576333,7.599108449,7.593115466,7.581129306,7.56912938,7.564401576,7.540423687,7.516448594,7.492495605,7.439462956,7.374774142,7.263429801,7.131592261,7.131592261,7.131592261,7.131592261,7.125596408,7.125596408,7.125596408,7.125596408,7.125596408,7.125596408,7.125596408,7.125596408,7.125596408,7.119606603,7.119606603,7.119606603,7.119606603,7.119606603,NaN
JOR,NaN,NaN,507.5039036,506.9556754,506.3591159,505.6995061,505.313526,504.9161977,504.7828436,505.6315152,506.3056494,506.3711156,505.9954689,506.0787249,507.0466115,506.3703608,505.6295454,503.4066121,502.9715551,503.1882231,501.6756107,501.0304746,501.5734595,499.3806869,497.63184,496.9102372,496.9162402,494.4989184,493.1478197,492.6661631,492.9304521,493.7864124,NaN
KAZ,NaN,NaN,39836.69067,39835.67788,39834.537,39972.79032,40185.77553,40678.11926,40966.55185,42220.50804,44810.04285,45449.85152,45853.06626,45949.00552,46210.18405,46200.11583,46194.57997,46267.04226,46259.54086,46489.9674,46850.35543,46884.74177,46870.19938,46910.57133,47024.14816,47020.92973,47100.61884,47256.87055,47842.98407,48085.09895,48180.46683,48193.65233,NaN
KEN,NaN,NaN,11673.31717,11673.31007,11673.30107,11685.92342,11691.02237,11700.65713,11724.60798,11734.51642,11755.57761,11880.17603,11894.25811,11899.46403,11890.67552,11898.42431,11907.0108,11927.17038,11939.14956,11943.58422,11953.97507,11954.82017,11957.77776,11962.74622,11964.97915,11964.22985,11878.21494,11860.87713,11812.08245,11787.39352,11788.34957,11742.54618,NaN
KIR,NaN,NaN,22.77922631,22.77922631,22.77922631,22.77922631,22.77922631,22.77922631,22.77922631,22.77922631,22.77922631,22.77922631,22.77922631,22.77922631,22.77922631,22.77922631,22.77922631,22.77922631,22.77922631,22.77922631,22.77922631,22.77922631,22.77922631,22.77922631,22.77922631,22.77922631,22.77922631,22.77922631,22.77922631,22.77922631,22.77922631,22.77922631,NaN
KWT,NaN,NaN,36.53793879,36.48451443,36.4228532,36.57027785,36.47662831,36.70763485,36.65586277,36.70351208,37.04355567,35.49260702,34.77696693,34.4638259,34.5182938,34.19904438,33.93636511,33.7757369,33.69854172,33.62947883,33.59947798,33.57283543,33.46186376,33.39878887,33.33756319,33.19554441,32.90839409,32.77604078,32.76193484,32.69593641,32.44439717,32.37040817,NaN
KGZ,NaN,NaN,3755.000125,3754.973291,3754.938068,3762.912837,3766.871384,3774.000429,3777.496996,3791.743499,3798.390162,3799.972624,3802.032392,3801.659323,3809.821911,3815.81649,3830.645832,3855.485025,3867.327495,3873.423036,3883.504039,3882.167707,3888.622671,3874.091092,3885.567727,3884.613582,3879.761149,3878.018181,3877.309554,3871.415639,3871.723504,3870.750859,NaN
LAO,NaN,NaN,2752.52745,2752.467335,2752.424205,2798.40996,2822.653842,2877.775492,2897.057798,2964.471106,2973.219933,2998.333423,3013.75026,3028.46639,3066.969104,3076.965436,3092.325116,3114.772397,3133.128224,3143.616173,3149.701741,3157.921621,3162.009482,3162.881324,3161.249396,3160.444141,3150.253834,3151.763251,3178.5091,3201.486184,3209.585211,3203.463585,NaN
LVA,NaN,NaN,1488.834741,1488.688724,1488.536147,1539.897163,1542.156768,1552.609989,1560.81027,1597.440373,1647.178586,1654.899319,1657.598887,1664.445001,1678.736411,1681.753619,1688.445378,1694.827451,1702.074504,1705.020131,1712.2459,1720.169545,1722.191708,1721.505318,1709.63871,1709.57965,1691.006496,1689.831861,1690.957305,1688.725617,1691.453857,1695.252794,NaN
LBN,NaN,NaN,481.9440049,481.9191641,481.8389368,481.5596709,481.7881215,481.7123725,481.5771609,482.2249862,481.4857482,481.7571303,481.7612202,481.5133182,481.5493422,481.8661319,481.9213037,481.9172438,482.9779727,484.7009532,484.6956376,484.5150382,484.866043,484.948395,484.7661121,484.2441518,484.1485272,483.8400013,483.6206549,483.4027084,483.2211985,483.203473,NaN
LSO,NaN,NaN,667.7794601,667.7794601,667.7794601,668.0008691,668.7845388,669.3881577,671.1071942,673.9964834,695.214156,701.3272627,705.4341205,711.1183684,715.604637,715.663849,715.9071579,716.0361174,715.1130817,716.4236224,716.8371332,716.8528051,717.0560428,716.0356781,715.0088034,714.917889,711.3874372,711.2179942,713.2423981,715.7588313,718.1006646,718.7865376,NaN
LBR,NaN,NaN,3688.62195,3688.57617,3688.542177,3718.573297,3727.354384,3752.153939,3791.969198,3815.404169,4015.71147,4110.126399,4139.590489,4146.536686,4281.622405,4283.862401,4279.878129,4284.058652,4283.909126,4284.54629,4303.928698,4309.207412,4309.677672,4312.628241,4323.926868,4323.835932,4320.912655,4321.393053,4309.629967,4310.785205,4321.894077,4324.203694,NaN
LBY,NaN,NaN,2020.00373,2019.362613,2018.805431,2024.803988,2026.83147,2028.86407,2028.906552,2055.303498,2064.573835,2059.621699,2056.536772,2055.770685,2061.156599,2062.940793,2060.141739,2055.995429,2055.542066,2054.398879,2052.077172,2050.470713,2055.76471,2050.888421,2053.644444,2052.329669,2050.916798,2041.025813,2039.00406,2038.313042,2038.404613,2034.997629,NaN
LIE,NaN,NaN,2.406633904,2.400426823,2.394229136,2.388023943,2.375624933,2.345267644,2.318787979,2.368369832,2.362158619,2.362158619,2.303013245,1.999985786,1.726303095,1.786708663,1.805302698,1.891894572,1.891894572,1.891894572,1.898107119,1.898107119,1.898107119,1.898107119,2.020273481,2.020273481,2.020273481,2.020273481,2.020273481,2.020273481,2.020273481,2.001658584,NaN
LTU,NaN,NaN,3354.658233,3353.871752,3353.213511,3368.464111,3362.948504,3361.661584,3359.022837,3352.404344,3351.991752,3346.411251,3342.612089,3339.944516,3332.555837,3326.44606,3325.617502,3324.279762,3321.926541,3315.967271,3315.924627,3315.319321,3315.136634,3313.928578,3297.389555,3297.170481,3272.034954,3267.377291,3264.328064,3261.570194,3262.357679,3262.32065,NaN
LUX,NaN,NaN,86.14026943,85.97172836,85.73853226,86.44845368,86.11281319,85.51011339,85.31244806,85.36547002,84.72878563,83.95862799,82.80081022,81.40929825,80.36748429,80.44350375,80.46142681,80.69161551,80.7446215,80.75173522,80.82596638,80.90333223,80.94331236,80.88503485,80.86743604,80.86743604,79.82780526,79.71524878,79.60966651,79.39459973,79.35436263,79.13670092,NaN
MDG,NaN,NaN,3976.702028,3976.623108,3976.383349,4028.437033,4038.139755,4056.142854,4080.705493,4180.843899,4200.612837,4218.359341,4225.64914,4236.947022,4248.496511,4251.618491,4261.40165,4262.480948,4265.466549,4268.12997,4284.445663,4299.244375,4310.738091,4316.969799,4326.811734,4326.597131,4331.792081,4329.815068,4327.997819,4329.025494,4338.751341,4349.905659,NaN
MWI,NaN,NaN,4425.743982,4425.728323,4425.705941,4691.515877,4747.278334,4870.43681,5134.798146,5689.01931,5738.647758,5750.074306,5757.51203,5757.322762,5762.708821,5758.014749,5753.483869,5743.862552,5733.757006,5725.589931,5729.338282,5727.121389,5726.029986,5723.124514,5707.129891,5706.450948,5653.634658,5646.755371,5638.831331,5629.848332,5626.175608,5632.079391,NaN
MYS,NaN,NaN,5982.483812,5979.030043,5975.630029,5939.804748,5876.459962,5862.573446,5853.329878,5851.68553,5854.983796,5834.81767,5819.978347,5781.997737,5768.335513,5789.367555,5778.106815,5813.405021,5848.939602,5866.786611,5938.053439,5955.800122,5992.819847,5994.924776,6030.697517,6024.198476,6102.536878,6139.422901,6203.50367,6262.551175,6282.687312,6283.346053,NaN
MDV,NaN,NaN,0.081141804,0.081141804,0.081141804,0.081141804,0.081141804,0.081141804,0.081141804,0.081141804,0.081141804,0.081141804,0.081141804,0.081141804,0.081141804,0.081141804,0.081141804,0.081141804,0.081141804,0.081141804,0.081141804,0.081141804,0.081141804,0.081141804,0.081141804,0.081141804,0.081141804,0.081141804,0.081141804,0.081141804,0.081141804,0.081141804,NaN
MLI,NaN,NaN,20338.51217,20338.44673,20338.41892,20553.28972,20634.81316,20717.19096,20916.8193,21074.62892,21424.69205,21572.90036,21641.84864,21655.40594,21702.69743,21700.97844,21704.28556,21752.97837,21755.25308,21763.18964,21785.04455,21805.74279,21803.49975,21803.50892,21815.61961,21815.13291,21818.68142,21831.70365,21819.34879,21947.06181,21966.79028,21986.99297,NaN
MLT,NaN,NaN,16.12194227,16.06338443,15.95898259,15.89655742,15.83805164,15.80151607,15.75187724,15.64957101,15.57459867,15.45516974,15.30494518,15.24253683,15.18944879,15.07043783,14.99528367,14.98798627,14.97333997,14.96603997,14.95140966,14.93675782,14.95287697,14.93824943,14.97482893,14.96750395,14.96750395,14.84651008,14.83918902,14.83918902,14.83918902,14.79530414,NaN
MHL,NaN,NaN,0.316148127,0.316148127,0.316148127,0.316148127,0.316148127,0.316148127,0.316148127,0.316148127,0.316148127,0.316148127,0.316148127,0.316148127,0.316148127,0.316148127,0.316148127,0.316148127,0.316148127,0.316148127,0.316148127,0.316148127,0.316148127,0.316148127,0.316148127,0.316148127,0.316148127,0.316148127,0.316148127,0.316148127,0.316148127,0.316148127,NaN
MTQ,NaN,NaN,NaN,NaN,NaN,NaN,NaN,NaN,NaN,NaN,NaN,NaN,NaN,NaN,NaN,NaN,NaN,NaN,NaN,NaN,NaN,NaN,NaN,NaN,NaN,NaN,NaN,NaN,NaN,NaN,NaN,NaN,NaN
MRT,NaN,NaN,1639.929668,1639.829359,1639.759577,1642.383686,1652.662704,1672.027832,1713.69407,1734.28715,1800.594712,1801.139351,1803.669863,1811.104676,1819.929082,1819.508242,1806.449116,1807.414434,1813.875017,1798.504317,1786.684691,1759.77717,1761.455521,1760.463605,1761.239674,1761.239674,1767.027297,1768.073066,1768.688864,1781.64675,1781.715367,1786.596719,NaN
MUS,NaN,NaN,86.30410612,86.30410612,86.30410612,86.50518597,86.47527516,86.44269991,86.78932492,86.91358647,96.22580956,97.19029963,97.17103359,98.41705274,98.41075111,98.10671202,98.18638762,98.00184161,97.59667743,97.76136597,97.99128647,98.44593957,98.48199095,98.48587306,106.8661972,106.643308,107.1257248,107.1440227,107.1863214,107.5935453,107.7254467,107.2976976,NaN
MYT,NaN,NaN,NaN,NaN,NaN,NaN,NaN,NaN,NaN,NaN,NaN,NaN,NaN,NaN,NaN,NaN,NaN,NaN,NaN,NaN,NaN,NaN,NaN,NaN,NaN,NaN,NaN,NaN,NaN,NaN,NaN,NaN,NaN
MEX,NaN,NaN,26618.25232,26611.74752,26604.51575,26676.16172,26674.79784,26703.18168,26822.05986,27214.52859,27324.51086,27429.77664,27486.2805,27524.76696,27560.36126,27568.55749,27580.00141,27597.7449,27656.70299,27668.14557,27670.45799,27679.6633,27683.49565,27662.17257,27634.47248,27615.88643,27530.59435,27539.33473,27572.79207,27642.52483,27677.62481,27665.84684,NaN
FSM,NaN,NaN,2.262169534,2.262169534,2.262169534,2.262169534,2.262169534,2.262169534,2.262169534,2.262169534,2.262169534,2.262169534,2.262169534,2.262169534,2.262169534,2.262169534,2.262169534,2.262169534,2.262169534,2.262169534,2.262169534,2.262169534,2.262169534,2.262169534,2.262169534,2.262169534,2.262169534,2.262169534,2.262169534,2.262169534,2.262169534,2.262169534,NaN
MCO,NaN,NaN,0.819671557,0.806729599,0.793786357,0.787315777,0.787315777,0.780844044,0.780844044,0.780844044,0.780840607,0.748487332,0.670839035,0.573793017,0.567320981,0.567320981,0.567320981,0.567320981,0.567320981,0.567320981,0.567320981,0.567320981,0.567320981,0.567320981,0.567320981,0.567320981,0.567320981,0.567320981,0.567320981,0.560852686,0.560852686,0.560852686,NaN
MNG,NaN,NaN,5216.82082,5216.743782,5216.687802,5210.181367,5225.496949,5275.02466,5343.757954,5409.457512,5639.621416,5658.169249,5664.245096,5670.351996,5751.779952,5765.097877,5768.143563,5763.961772,5765.162089,5809.638635,5827.727741,5855.089208,5875.992261,5888.304377,5907.308981,5907.298877,5755.750818,5732.769329,5823.830709,5939.519185,5986.883859,5933.134759,NaN
MNE,NaN,NaN,204.3122512,204.200244,204.0906741,207.3118827,207.6676724,208.4149658,211.5979051,215.5486633,215.2521812,212.589892,212.3646976,211.6842966,211.1021677,211.0617863,210.4282358,209.8842106,205.8743416,202.9403957,202.997833,202.4632307,202.8549501,203.0244608,201.5337639,201.259372,202.0040429,202.9367534,203.4483712,198.6840011,198.7989884,199.5924081,NaN
MSR,NaN,NaN,0.596182999,0.596182999,0.596182999,0.596182999,0.596182999,0.596182999,0.596182999,0.596182999,0.596182999,0.596182999,0.596182999,0.596182999,0.596182999,0.596182999,0.596182999,0.596182999,0.596182999,0.596182999,0.596182999,0.596182999,0.596182999,0.596182999,0.596182999,0.587538273,0.598915627,0.598915627,0.598915627,0.598915627,0.598915627,0.598915627,NaN
MAR,NaN,NaN,7663.764615,7662.374346,7660.770829,7662.124306,7669.932613,7668.066374,7673.986549,7715.792573,7693.14525,7700.371578,7728.096694,7757.425058,7803.762455,7815.591299,7825.760251,7832.365817,7858.512045,7965.193328,7982.970161,7988.684822,7995.820995,7994.899052,8004.093907,8001.294001,7994.362997,7984.7331,7988.921842,7989.141099,7991.28437,7988.289376,NaN
MOZ,NaN,NaN,8373.067874,8373.020389,8372.955181,8468.53374,8526.379986,8609.807575,8735.734186,9322.341458,9449.70078,9599.949331,9681.126294,9710.33423,9730.220484,9732.904118,9729.920134,9747.413929,9786.223923,9806.871082,9824.086943,9839.177114,9862.621134,9849.840323,9830.961402,9830.237695,9785.775643,9781.145968,9808.003136,9815.682479,9825.406868,9849.997122,NaN
MMR,NaN,NaN,17870.50608,17869.47575,17868.17516,17979.954,18000.67011,18064.88073,18114.45233,18260.00711,18290.61966,18384.55744,18428.08585,18484.0343,18534.50142,18552.59926,18575.63169,18602.51698,18627.40832,18651.90644,18658.69666,18665.28294,18665.93099,18659.00281,18641.05133,18631.97773,18454.64171,18400.37526,18384.73702,18323.65032,18317.08309,18286.3579,NaN
NAM,NaN,NaN,1930.205711,1930.035234,1929.792654,1929.679775,1929.510394,1933.237256,1941.921286,1966.81958,1983.936375,1983.202044,1990.968766,1997.841328,2034.550515,2036.49741,2076.706203,2092.164558,2101.600115,2209.999841,2224.543407,2225.891733,2232.525452,2233.398322,2235.191826,2235.167823,2241.289028,2246.023743,2250.064062,2249.419924,2250.000259,2261.726068,NaN
NRU,NaN,NaN,1.648370231,1.648370231,1.648370231,1.648370231,1.648370231,1.648370231,1.648370231,1.648370231,1.648370231,1.648370231,1.648370231,1.648370231,1.648370231,1.648370231,1.648370231,1.648370231,1.648370231,1.648370231,1.648370231,1.648370231,1.648370231,1.648370231,1.648370231,1.648370231,1.648370231,1.648370231,1.648370231,1.648370231,1.648370231,1.648370231,NaN
NPL,NaN,NaN,3132.26592,3132.126621,3132.043835,3145.686143,3148.009928,3158.43311,3168.387571,3279.704121,3287.991965,3299.919135,3299.025241,3297.614638,3296.461926,3294.623551,3294.108293,3292.93716,3293.53198,3293.385254,3295.438082,3294.378661,3293.465185,3292.79477,3293.812454,3292.532995,3255.717217,3247.31795,3248.878308,3243.553318,3240.917541,3233.270208,NaN
NLD,NaN,NaN,1365.659159,1361.092344,1356.256228,1355.663191,1354.28938,1349.936508,1346.018427,1335.839915,1329.519017,1308.134155,1281.63688,1262.369854,1247.031081,1246.94712,1246.439405,1246.186414,1244.832693,1244.612843,1244.48761,1243.749734,1243.382132,1243.28215,1241.999938,1241.961271,1228.072609,1226.2718,1225.453397,1223.283336,1223.411789,1216.422192,NaN
NCL,NaN,NaN,270.8350088,270.8350088,270.8350088,272.2084197,271.523574,272.470971,275.2138043,281.1748551,287.3991116,289.6238392,290.7674223,285.9609962,281.6358897,277.5443084,272.4740169,268.7872181,262.0922883,252.498311,252.6853841,252.3433288,252.2936499,252.2297139,257.2695938,257.194328,258.2019455,258.7487859,259.5283662,261.7570322,261.624964,262.4249931,NaN
NZL,NaN,NaN,715.6531355,715.3807094,715.1948351,677.6046331,665.7227317,652.0068657,626.1865435,598.0779441,585.0581529,567.7276452,556.374641,543.7647947,535.5755333,531.023262,527.5117771,517.0010308,511.0341824,509.3233778,504.9203873,499.0741856,499.1092188,493.5632504,489.9752359,489.9284203,493.4346097,495.1588699,499.206618,508.5926451,511.0821864,512.6689682,NaN
NIC,NaN,NaN,1472.272844,1471.933145,1471.773423,1494.156176,1501.702938,1515.686841,1530.99375,1548.435797,1561.0701,1577.829851,1587.007667,1596.738473,1601.775975,1603.226101,1601.159118,1609.003855,1601.119932,1597.72349,1599.666771,1598.869637,1595.672162,1595.793856,1585.184991,1584.648503,1590.030834,1594.148891,1594.917335,1594.891325,1601.276775,1569.384311,NaN
NER,NaN,NaN,7598.806322,7598.806322,7598.773066,7609.244371,7616.546874,7622.150328,7638.53185,7654.15372,7665.52783,7673.909917,7679.878233,7689.894842,7695.967465,7696.076359,7696.240766,7693.886356,7685.684892,7683.067055,7676.023875,7677.287019,7679.41514,7681.522872,7683.893089,7683.798863,7684.786198,7693.361857,7744.715138,7782.334631,7785.496095,7823.142291,NaN
NGA,NaN,NaN,45448.91221,45446.06579,45443.38225,45898.5602,46195.67918,46423.03477,46559.21185,46772.71422,47082.93848,47259.31115,47401.70963,47575.43225,47824.13474,47932.27896,48062.94949,48306.79203,48586.36135,48782.42476,48853.04982,48928.24119,49047.93209,49061.67172,49093.61535,49081.60263,48997.86905,48950.56682,48814.87587,48673.04799,48607.90302,48513.25564,NaN
NIU,NaN,NaN,3.625707321,3.625707321,3.625707321,3.625707321,3.625707321,3.625707321,3.625707321,3.625707321,3.625707321,3.625707321,3.625707321,3.625707321,3.625707321,3.625707321,3.625707321,3.625707321,3.625707321,3.625707321,3.625707321,3.625707321,3.625707321,3.625707321,3.625707321,3.625707321,3.625707321,3.625707321,3.625707321,3.625707321,3.625707321,3.625707321,NaN
MKD,NaN,NaN,830.2630082,829.9306216,829.7116213,832.5719625,832.0836847,832.264269,832.8266597,832.0393307,831.4208152,831.7620422,832.3782107,825.6365254,821.6515746,819.268479,814.8776658,812.3733314,808.2204614,804.799061,804.1725108,803.4877291,802.6780431,801.3385019,799.4694101,798.1995397,792.5593557,791.332123,788.7394854,786.4533068,784.1102968,782.755896,NaN
MNP,NaN,NaN,16.76214492,16.76214492,16.76214492,16.76214492,16.76214492,16.76214492,16.76214492,16.76214492,16.76214492,16.76214492,16.76214492,16.76214492,16.76214492,16.76214492,16.76214492,16.76214492,16.76214492,16.76214492,16.76214492,16.76214492,16.76214492,16.76214492,16.76214492,16.76214492,16.76214492,16.76214492,16.76214492,16.76214492,16.76214492,16.76214492,NaN
NOR,NaN,NaN,981.5943009,980.1240594,978.3777402,977.1071023,975.2372341,971.6668738,971.5218583,969.2211186,985.2384458,986.9211623,984.9382866,988.3048828,997.4702831,1004.610034,1008.03773,1010.88819,1009.5913,1022.803868,1045.667347,1070.448403,1080.221116,1082.45415,1098.129885,1097.986341,1110.054156,1117.243187,1137.122564,1152.171849,1157.061301,1156.363045,NaN
OMN,NaN,NaN,278.9355422,278.7278632,278.5704229,279.9023719,283.40657,284.9727611,290.9864408,294.9563973,296.7787253,297.5303015,297.7999064,298.8429428,299.7769709,299.8115769,300.2037383,300.5752408,301.1536907,301.6735244,301.2915034,300.7660596,300.1076528,298.6039261,297.7684711,297.2441065,296.1806167,292.2257121,292.0513194,292.2115478,291.5438728,291.038778,NaN
PAK,NaN,NaN,24869.04069,24868.46527,24867.66003,24911.98483,24934.21056,24961.47107,25018.89224,25125.01264,25120.86897,25099.11445,25103.68363,25110.63717,25121.36641,25146.88695,25156.94813,25180.29339,25191.39596,25196.22571,25192.1335,25180.76519,25171.30305,25150.9071,25121.58834,25108.32162,25085.8607,25049.61805,25021.92696,24984.80866,24976.88713,24947.43592,NaN
PLW,NaN,NaN,2.542603264,2.542603264,2.542603264,2.542603264,2.542603264,2.542603264,2.542603264,2.542603264,2.542603264,2.542603264,2.542603264,2.542603264,2.542603264,2.542603264,2.542603264,2.542603264,2.542603264,2.542603264,2.542603264,2.542603264,2.542603264,2.542603264,3.924722621,3.924722621,3.964727251,3.971787537,3.971787537,4.000017962,4.383085493,4.397204403,NaN
PAN,NaN,NaN,1286.482384,1286.236438,1285.903259,1293.695473,1294.147825,1294.937905,1299.88562,1310.099772,1311.484654,1309.411706,1309.684657,1309.353961,1312.837378,1313.412022,1310.497546,1307.067079,1295.877646,1285.39342,1281.577044,1276.894202,1275.333333,1271.263704,1258.902364,1258.462484,1259.706899,1260.404586,1260.7586,1259.789513,1261.156116,1272.759751,NaN
PNG,NaN,NaN,3260.553115,3260.527591,3260.474135,3536.985195,3534.63883,3576.280926,3631.303926,3792.087733,3898.311914,3868.94447,3839.50583,3775.207559,3755.389438,3707.231889,3643.26762,3598.715824,3492.822716,3460.595355,3457.351447,3455.333229,3457.817836,3455.126261,3443.675225,3443.218409,3453.915088,3460.732047,3499.743833,3548.320545,3585.871243,3620.93537,NaN
PRY,NaN,NaN,4785.528057,4784.87322,4784.336288,5051.62929,5068.914636,5139.978183,5218.894959,5398.569924,5459.297381,5642.170936,5736.28327,5829.031101,5872.325834,5937.512638,5973.751248,6015.426788,6039.321231,6085.11851,6152.917059,6196.777993,6234.562756,6253.585886,6270.647184,6270.069941,6330.640014,6358.036401,6397.387671,6404.18738,6413.197044,6459.067092,NaN
PER,NaN,NaN,2740.204774,2767.525467,2767.216173,2824.760508,2836.849273,2850.921066,2877.290253,2986.996309,3033.636204,3042.718624,3036.623725,3021.247341,3179.707248,3162.04502,3154.975937,3145.183158,3148.336713,3146.521478,3147.947212,3158.027583,3165.858173,3162.431123,3162.169368,3161.686338,3171.192642,3175.226469,3194.130699,3186.926626,3185.349838,3193.425009,NaN
PHL,NaN,NaN,13025.34146,13023.51353,13021.91643,13115.22438,13095.72479,13083.75533,13061.14213,13030.16623,12978.0067,12960.41284,12963.31794,12952.70356,12919.05291,12909.3119,12901.15647,12863.62802,12820.96647,12772.74309,12762.12908,12753.68955,12749.21583,12734.55383,12679.68522,12670.42641,12670.39398,12672.99996,12678.52632,12688.71498,12687.52111,12670.04396,NaN
POL,NaN,NaN,17419.69277,17413.36269,17406.3365,17378.65288,17305.21025,17283.34075,17271.73995,17236.15784,17219.4392,17175.96719,17128.00689,17067.62965,16990.82551,16989.99525,16989.86377,16988.79544,16979.1814,16960.24966,16960.05866,16962.34269,16963.19942,16960.5742,16937.42368,16937.24975,16879.42185,16856.40411,16851.48997,16824.76326,16830.32369,16814.6304,NaN
PRT,NaN,NaN,3377.447781,3374.617111,3371.725136,3374.125041,3372.134474,3371.077353,3371.775852,3383.807257,3384.31046,3384.426624,3398.345491,3397.557913,3420.194891,3409.928801,3401.781138,3389.963767,3378.965154,3366.142809,3368.755617,3365.004112,3361.466509,3353.704607,3351.764972,3345.752358,3329.557983,3323.508284,3308.684314,3304.780884,3302.821643,3292.515044,NaN
PRI,NaN,NaN,161.2980115,160.0613742,158.3235946,153.6453337,149.369951,147.8410627,145.1120749,142.435796,140.0835364,131.7671473,126.777796,116.9546144,114.2373459,111.1344425,107.7706113,103.0217576,98.34512884,95.93407746,94.30556616,92.42080863,90.86122852,89.38616332,90.36927555,89.5433863,89.85552997,90.11383732,90.34480271,90.7743063,91.16950471,90.9921729,NaN
QAT,NaN,NaN,25.29114987,25.29114987,25.29114987,25.41365717,25.42009163,25.40370625,25.40370625,25.39551346,25.38732132,25.38732132,25.380887,25.380887,25.37271257,25.35163968,25.32885322,25.25235414,25.2424682,25.18702326,25.15434157,25.13802052,25.06442504,25.01536979,24.96632608,24.95000293,24.91904525,24.91086672,24.89624488,24.79820159,24.79174986,24.72636081,NaN
KOR,NaN,NaN,3359.844105,3359.315132,3358.716229,3438.827936,3437.843003,3442.526094,3463.035989,3627.588825,3639.208901,3684.571129,3711.847409,3769.581287,3817.23409,3826.597339,3835.861985,3850.164255,3858.466513,3875.157029,3875.211774,3928.191748,3937.554751,3936.456148,3934.166731,3924.849459,3917.63209,3915.393107,3908.282576,3897.840898,3883.895005,3877.487942,NaN
MDA,NaN,NaN,2811.951413,2810.497681,2807.772189,2799.99715,2793.701189,2789.16793,2784.482119,2776.523179,2771.758061,2765.189965,2740.965869,2716.452392,2690.455179,2690.4821,2690.103567,2690.046956,2687.497867,2687.5975,2687.167276,2687.065718,2686.918965,2686.736032,2686.067624,2685.946064,2685.09409,2684.356405,2683.982359,2683.63052,2683.802187,2681.580599,NaN
REU,NaN,NaN,NaN,NaN,NaN,NaN,NaN,NaN,NaN,NaN,NaN,NaN,NaN,NaN,NaN,NaN,NaN,NaN,NaN,NaN,NaN,NaN,NaN,NaN,NaN,NaN,NaN,NaN,NaN,NaN,NaN,NaN,NaN
ROU,NaN,NaN,NaN,NaN,NaN,NaN,NaN,NaN,NaN,NaN,NaN,NaN,NaN,NaN,NaN,NaN,NaN,NaN,NaN,NaN,NaN,NaN,NaN,NaN,NaN,NaN,NaN,NaN,NaN,NaN,NaN,NaN,NaN
RUS,NaN,NaN,157601.9252,157581.4846,157559.2682,157731.2189,157893.1282,158149.18,158305.5811,158857.256,159961.3408,159996.7348,160023.4694,159945.6863,159907.9147,159856.9942,159777.2593,159628.9435,159589.7546,159579.4132,159716.3126,159702.8496,159863.1746,159844.9812,159712.5195,159735.6279,159387.8337,159351.322,159920.1626,160352.4942,160613.6316,160598.682,NaN
RWA,NaN,NaN,1592.659734,1592.659734,1592.659734,1639.822644,1639.759067,1639.643046,1639.951981,1642.479553,1642.896084,1645.438218,1645.358537,1644.900148,1644.446268,1643.971263,1643.378902,1641.123731,1640.367982,1639.085376,1638.963152,1638.796727,1638.738636,1638.547808,1639.190837,1638.844838,1614.210069,1610.427929,1604.585515,1601.985592,1599.051319,1596.56194,NaN
BLM,NaN,NaN,0.058779613,0.058779613,0.058779613,0.058779613,0.058779613,0.058779613,0.058779613,0.058779613,0.058779613,0.058779613,0.058779613,0.058779613,0.058779613,0.058779613,0.058779613,0.058779613,0.058779613,0.058779613,0.058779613,0.058779613,0.058779613,0.058779613,0.056518904,0.054258167,0.054258167,0.054258167,0.09494849,0.09494849,0.09494849,0.09494849,NaN
SHN,NaN,NaN,1.797937064,1.797937064,1.797937064,1.797937064,1.797937064,1.797937064,1.797937064,1.797937064,1.797937064,1.797937064,1.797937064,1.797937064,1.797937064,1.797937064,1.797937064,1.797937064,1.797937064,1.797937064,1.797937064,1.797937064,1.797937064,1.797937064,1.795647491,1.795647491,1.795647491,1.795647491,1.795647491,1.795647491,1.777792568,1.777792568,NaN
KNA,NaN,NaN,3.906772058,3.906772058,3.906772058,3.898152997,3.898152997,3.880915273,3.831015887,3.831015887,3.831015887,3.896782537,3.896782537,3.896782537,3.896782537,3.896782537,3.888163437,3.888163437,3.888163437,3.888163437,3.870924945,3.862306286,3.862306286,3.827829254,4.081774359,4.074970306,4.074970306,4.174841381,4.188460973,4.217515786,4.35184209,4.358643944,NaN
LCA,NaN,NaN,2.578360083,2.578360083,2.569592981,2.562671778,2.544676604,2.544676604,2.535911616,2.516071028,2.498539877,2.498539877,2.498539877,2.498539877,2.498539877,2.498539877,2.489762897,2.489762897,2.489762897,2.489762897,2.489762897,2.489762897,2.463451709,2.432536425,2.377175003,2.366100502,2.391497823,2.391497823,2.391497823,2.443687591,2.495413719,2.460319031,NaN
MAF,NaN,NaN,0.254286201,0.254286201,0.254286201,0.247511807,0.247511807,0.247511807,0.247511807,0.247511807,0.232154327,0.232154327,0.177954173,0.177954173,0.177954173,0.177954173,0.177954173,0.177954173,0.171178656,0.171178656,0.171178656,0.171178656,0.171178656,0.171178656,0.171178656,0.171178656,0.171178656,0.171178656,0.171178656,0.171178656,0.171178656,0.164402765,NaN
VCT,NaN,NaN,1.745910157,1.745910157,1.745910157,1.737115666,1.726007164,1.726007164,1.719064531,1.719064531,1.719064531,1.719064531,1.719064531,1.719064531,1.719064531,1.719064531,1.719064531,1.710270083,1.699161258,1.69036689,1.681572416,1.663982499,1.663982499,1.657038499,1.638987043,1.638987043,1.638987043,1.638987043,1.638987043,1.638987043,1.638987043,1.632043243,NaN
WSM,NaN,NaN,104.5776103,104.5776103,104.5776103,104.5776103,104.5776103,104.5776103,104.5776103,104.5776103,104.5776103,104.5776103,104.5776103,104.5776103,104.5776103,104.5776103,104.5776103,104.5776103,104.5776103,104.5776103,104.5776103,104.5776103,104.5776103,104.5776103,104.5776103,104.5776103,104.5776103,104.5776103,104.5776103,104.5776103,104.5776103,104.5776103,NaN
SMR,NaN,NaN,4.043641315,4.043641315,4.043641315,4.037246562,4.037246562,4.037246562,4.032196413,4.025799672,4.019402781,4.019402781,4.019402781,4.019402781,4.019402781,4.019402781,4.019402781,4.019402781,4.01300787,4.006614437,4.006614437,4.000220522,3.988781156,3.977342423,3.965900611,3.965900611,3.965900611,3.965900611,3.965900611,3.965900611,3.965900611,3.959508635,NaN
STP,NaN,NaN,7.554167816,7.554167816,7.554167816,7.662491331,7.662491331,7.724281352,7.724281352,7.38013876,7.392021165,7.004498214,7.004498214,6.975982969,5.929427755,5.929427755,5.997871259,5.997871259,5.990740711,5.969348886,6.126215598,7.080247919,7.077871691,7.057915296,7.117799889,7.117799889,7.135861135,7.126829711,7.153887155,7.143424604,7.181858436,7.377668341,NaN
SAU,NaN,NaN,2439.647715,2439.00622,2438.438879,2413.420203,2407.83156,2410.029318,2409.436549,2407.019818,2420.400552,2405.197121,2414.10515,2423.647922,2487.29113,2486.508372,2488.7644,2511.496043,2524.910233,2531.542791,2535.808452,2540.856456,2543.763888,2544.075916,2548.762293,2547.921366,2553.118239,2553.840221,2558.013829,2552.557442,2550.55652,2549.408708,NaN
SEN,NaN,NaN,5375.505607,5375.45391,5375.384231,5390.37492,5396.175324,5405.943294,5417.935305,5431.174552,5442.155032,5451.158131,5461.57535,5461.402682,5469.300532,5470.960987,5471.744464,5472.791139,5472.78764,5474.517966,5482.371162,5488.43922,5490.144749,5491.674873,5492.409477,5491.699896,5491.127416,5490.384535,5473.889346,5449.12741,5449.380017,5446.551401,NaN
SRB,NaN,NaN,4075.161577,4073.811104,4072.287394,4071.755284,4069.050166,4066.613252,4066.832805,4054.769255,4059.989406,4038.442463,4031.343933,4021.224117,4015.250756,4013.641536,4008.096858,4002.079124,3988.758374,3984.382431,3981.213208,3979.056615,3977.186898,3969.360933,3955.905033,3950.68077,3951.349744,3957.539381,3969.090287,3969.751394,3977.477756,3980.170388,NaN
SYC,NaN,NaN,14.98227268,14.98227268,14.98227268,14.98227268,14.98227268,14.98227268,14.98227268,14.98227268,14.98227268,14.98227268,15.0665124,15.0665124,15.0665124,15.0665124,15.0665124,15.0665124,15.0665124,15.0665124,15.0665124,15.0665124,15.0665124,15.0665124,15.06409775,15.06409775,15.06409775,15.06409775,15.06409775,15.06409775,15.06409775,15.06409775,NaN
SLE,NaN,NaN,3612.677614,3612.62354,3612.616486,3615.338466,3613.948333,3613.047721,3613.183283,3616.026082,3620.792264,3627.839101,3631.545175,3629.990889,3628.562432,3628.900665,3627.418607,3629.076045,3630.660855,3631.724298,3636.253606,3637.732558,3638.193585,3637.421373,3638.42904,3638.121627,3633.545957,3634.019273,3635.948888,3604.588697,3597.380873,3597.706759,NaN
SGP,NaN,NaN,23.88906032,23.73956433,23.52315345,24.21462396,24.14011288,24.04946822,24.04614601,24.01007801,23.93651711,22.46532962,20.70605514,20.15079124,19.9524185,18.77686589,18.24106537,17.52539613,16.86904559,16.40584742,15.86529477,15.31904746,14.68453561,14.0191771,13.66845048,13.61434821,12.84365605,12.40942575,12.17166568,11.66387568,10.95298502,10.80872117,NaN
SXM,NaN,NaN,0.044270489,0.044270489,0.044270489,0.044270489,0.044270489,0.044270489,0.044270489,0.044270489,0.044270489,0.044270489,0.044270489,0.044270489,0.042011754,0.042011754,0.042011754,0.035235714,0.035235714,0.035235714,0.035235714,0.035235714,0.032977066,0.030718383,0.030718383,0.030718383,0.030718383,0.030718383,0.030718383,0.030718383,0.030718383,0.030718383,NaN
SVK,NaN,NaN,2001.537816,1999.729825,1998.01444,1994.685191,1991.625431,1990.142449,1986.69914,1981.529571,1977.167541,1973.35853,1962.643679,1943.72401,1926.108054,1926.410754,1924.182894,1923.55225,1921.947104,1921.905318,1922.532916,1923.54479,1924.961021,1926.412725,1930.019158,1930.001118,1927.852541,1928.995533,1933.705844,1933.866036,1937.873821,1936.242702,NaN
SVN,NaN,NaN,415.6272866,415.4526001,415.194176,414.8935328,415.2325816,415.6140628,421.6360603,435.2038051,448.1592419,448.951477,448.5027845,446.069465,444.1742286,444.1248624,443.918582,443.5273798,443.7678331,444.9653229,451.1552185,451.5952895,454.9272601,456.1969624,463.1571384,463.0698786,463.0811645,463.3176243,464.1902876,464.7309313,466.1515703,467.6225023,NaN
SLB,NaN,NaN,27.12096588,27.12096588,27.12096588,27.1420461,27.1420461,27.15799398,27.24604096,27.4278506,27.4278506,27.85923187,28.18235407,28.12807848,28.00160557,28.05283157,28.14160021,28.14160021,28.19839147,28.45441754,28.77226961,28.95966679,29.04449009,29.03559119,33.17222879,33.12960853,36.45395721,37.96100301,40.76939305,44.13322329,44.8739285,46.21072184,NaN
SOM,NaN,NaN,5125.07657,5124.927322,5124.817938,5125.175877,5125.341911,5127.564396,5139.327912,5154.104296,5162.820213,5164.118849,5178.504317,5179.658222,5182.822814,5186.20098,5186.661664,5192.749564,5194.173722,5200.676617,5206.338404,5205.887161,5207.141071,5206.947548,5204.309193,5203.974791,5173.755214,5167.33634,5157.889258,5132.613424,5131.06235,5128.312802,NaN
ZAF,NaN,NaN,12716.5663,12716.18658,12715.87072,12735.48196,12740.37135,12754.8864,12777.2218,12885.90204,13040.35139,13091.03994,13116.47739,13148.34144,13249.54357,13257.26293,13262.81896,13284.67812,13301.83025,13337.84021,13354.62037,13361.40348,13371.4919,13375.08602,13386.12446,13384.1837,13386.82932,13388.40916,13415.89132,13473.17542,13480.88056,13476.64629,NaN
SSD,NaN,NaN,1830.808935,1830.808935,1830.804241,1853.936903,1872.101703,1891.672298,1922.030982,1991.359654,2144.406779,2207.690059,2240.135749,2259.318416,2267.734928,2270.370226,2265.235444,2263.011883,2266.756895,2289.564923,2291.303969,2287.145915,2282.530916,2278.959942,2276.934944,2276.92369,2277.258562,2279.16627,2280.540522,2286.420286,2288.527649,2272.72582,NaN
ESP,NaN,NaN,21855.63913,21851.1673,21846.53508,21927.06142,21967.52097,21994.31122,22032.10025,22191.02723,22244.43335,22242.97975,22270.32127,22265.57925,22289.19733,22265.05111,22248.42925,22227.8121,22193.63724,22172.3177,22162.92471,22151.16062,22141.50025,22126.62489,22105.44673,22091.56626,22057.25438,22009.18254,21967.449,21957.84218,21959.84329,21929.21421,NaN
LKA,NaN,NaN,2608.507396,2607.970615,2607.459345,2662.372675,2674.457464,2699.907907,2699.180896,2722.32244,2730.124791,2756.358658,2761.890255,2766.323491,2770.799062,2767.895604,2764.397897,2749.65215,2747.12002,2745.680696,2742.955778,2742.471057,2739.890944,2735.259341,2730.585908,2729.524403,2666.916258,2662.11552,2663.682846,2654.389982,2653.717363,2651.581107,NaN
PSE,NaN,NaN,254.6828806,254.4522857,254.2127646,253.3795056,253.1103438,252.9325186,252.8272497,252.8507872,253.9716304,253.6420362,252.787284,252.1685998,251.9788491,251.4860366,250.8655689,249.739548,249.452173,248.8193838,247.6519121,246.9869983,246.3295699,244.6817391,242.1172666,240.9782095,240.7658671,239.3663454,237.3625786,237.2638831,237.2090553,236.5432551,NaN
SDN,NaN,NaN,29588.5458,29588.31549,29588.11469,29669.87765,29781.88647,29955.70418,30100.24594,30502.29011,30638.55512,30825.09609,30905.8791,30963.70951,31112.93509,31132.77895,31166.85564,31221.30607,31252.28912,31353.02336,31435.63421,31490.29209,31499.21763,31492.69737,31539.40699,31537.25494,31521.81428,31524.71308,31555.54227,31618.30893,31623.51446,31662.18467,NaN
SUR,NaN,NaN,21.40996929,27.96892797,27.95711877,31.56417628,35.41134403,35.67041246,37.40446483,42.62421725,42.97631231,43.33458819,43.49363096,43.20177541,58.60302644,58.45323843,58.38709017,58.33604019,58.32280436,58.290196,58.29068316,58.30955365,58.26749474,58.23252414,58.19284752,58.16261192,58.16024018,58.14133641,58.10207669,58.13091746,58.18288936,59.67716029,NaN
SWE,NaN,NaN,2800.805461,2799.695404,2798.352453,2819.501078,2823.096079,2830.002693,2846.748634,2898.294402,2970.329337,2973.637744,2978.928372,2994.144382,3037.748437,3095.80409,3115.919484,3136.363285,3164.530245,3214.33907,3307.378741,3381.423878,3396.659823,3400.126249,3426.875575,3426.879768,3461.137144,3496.687975,3616.049246,3669.879623,3676.53285,3673.478153,NaN
CHE,NaN,NaN,586.324349,584.460595,582.3471217,578.6967739,575.0023162,571.4021354,572.0173913,573.065256,571.0259613,565.8564552,555.0878922,542.8732442,532.662718,533.2122538,533.2075707,534.0950162,534.0506241,534.0509326,535.4102534,536.8517133,536.9959087,536.9020171,539.9317666,539.9317666,538.7637818,538.3297412,537.7114059,535.4101152,535.5361327,534.3997,NaN
SYR,NaN,NaN,4887.920342,4887.076962,4886.082533,4908.708164,4921.093715,4930.421408,4937.556558,4995.450063,5009.472005,5022.27252,5026.032747,5033.52105,5028.301967,5025.659888,5021.386904,5019.713412,5011.770843,5010.368831,5003.827314,5001.587038,5000.207982,4983.408397,4979.233433,4973.787452,4971.662563,4967.424068,4963.99091,4965.397932,4966.727667,4966.833422,NaN
TJK,NaN,NaN,2490.766995,2490.756032,2490.676084,2505.648488,2510.57194,2512.821297,2517.284382,2525.842984,2526.069611,2526.274989,2526.149696,2525.960508,2526.034712,2527.729302,2527.753284,2527.853105,2530.272334,2528.451665,2526.071419,2524.479623,2524.120637,2519.785999,2516.780583,2514.745434,2512.004676,2509.255303,2509.109906,2506.0351,2506.364699,2498.223241,NaN
THA,NaN,NaN,29430.79803,29430.11459,29429.40167,29571.83972,29602.59144,29641.11298,29674.14011,29708.94535,29716.66344,29733.73006,29749.40219,29747.34501,29784.84453,29774.92298,29763.85204,29758.72621,29748.72184,29739.86376,29729.5294,29711.31984,29688.23603,29651.57948,29581.72664,29565.19394,29501.62713,29472.97194,29453.72119,29429.36805,29421.49465,29391.29656,NaN
TLS,NaN,NaN,NaN,NaN,NaN,NaN,NaN,NaN,NaN,NaN,NaN,NaN,NaN,NaN,NaN,NaN,NaN,NaN,NaN,NaN,NaN,NaN,NaN,NaN,NaN,NaN,NaN,NaN,NaN,NaN,NaN,NaN,NaN
TGO,NaN,NaN,2220.291237,2220.108956,2219.873092,2222.704311,2225.035425,2228.160079,2234.028055,2233.1471,2241.291961,2247.790454,2244.129322,2253.578749,2253.773847,2255.272843,2258.485617,2262.996686,2266.239731,2276.870597,2281.684605,2298.91138,2301.498971,2304.763915,2310.129255,2309.293461,2301.248847,2290.354623,2267.000334,2260.14253,2255.358814,2237.87032,NaN
TKL,NaN,NaN,0,0,0,0,0,0,0,0,0,0,0,0,0,0,0,0,0,0,0,0,0,0,0,0,0,0,0,0,0,0,NaN
TON,NaN,NaN,17.58401582,17.58401582,17.58401582,17.58401582,17.58401582,17.58401582,17.58401582,17.58401582,17.58401582,17.58401582,17.58401582,17.58401582,17.58401582,17.58401582,17.58401582,17.58401582,17.58401582,17.58401582,17.58401582,17.58401582,17.58401582,17.58401582,17.58401582,17.58401582,17.58401582,17.58401582,17.58401582,17.58401582,17.58401582,17.58401582,NaN
TTO,NaN,NaN,73.55468263,73.52993499,73.49164387,74.81184633,74.75724751,74.79557057,74.8156778,75.4346886,75.40579667,74.96245569,74.77797528,73.01278654,72.73472803,71.55026946,70.52401884,69.77072276,69.38309104,69.13394019,69.00059083,68.82607175,68.48369028,68.10346677,68.08278663,67.72541183,68.56461933,68.75301768,68.89466565,69.14244176,69.80617314,68.07452253,NaN
TUN,NaN,NaN,4218.547711,4217.146931,4215.718725,4212.667957,4212.486449,4211.514746,4213.819672,4221.507986,4219.578721,4219.951412,4213.959992,4224.973049,4333.068396,4339.420398,4342.105197,4347.273954,4367.993096,4378.551646,4385.222306,4410.955742,4428.361864,4432.274113,4448.792754,4447.863752,4445.699733,4439.031682,4436.450266,4435.367949,4436.212442,4434.055248,NaN
TUR,NaN,NaN,35139.91354,35136.98478,35134.1368,35307.59825,35321.58091,35331.84381,35364.46208,35465.61822,35454.45678,35442.56403,35428.46846,35404.35883,35387.55665,35399.02881,35408.09785,35390.61509,35359.04723,35362.63368,35365.40937,35365.98729,35378.10586,35364.02841,35330.61797,35317.39314,35215.74831,35153.77152,35087.1495,35047.52208,35028.81834,34992.27936,NaN
TKM,NaN,NaN,3992.048851,3992.021613,3991.975995,3990.337986,3991.531723,3994.172379,4017.577988,4061.856862,4085.205191,4090.200333,4105.968018,4118.548156,4144.033209,4148.098737,4159.540724,4177.235132,4193.816811,4202.41354,4212.083235,4216.92859,4224.717339,4223.552393,4224.87233,4221.97903,4225.265811,4224.830629,4223.715922,4219.07394,4222.55028,4211.786374,NaN
TCA,NaN,NaN,1.319156281,1.319156281,1.319156281,1.335993846,1.335993846,1.335993846,1.313958621,1.307311621,1.307311621,1.29629078,1.29629078,1.274142166,1.274142166,1.274142166,1.274142166,1.274142166,1.274142166,1.274142166,1.274142166,1.274142166,1.334399854,1.309149596,1.325901196,1.325901196,1.325901196,1.325901196,1.325901196,1.317482337,1.317482337,1.317482337,NaN
TUV,NaN,NaN,0.337337378,0.337337378,0.337337378,0.337337378,0.337337378,0.337337378,0.337337378,0.337337378,0.337337378,0.337337378,0.337337378,0.337337378,0.337337378,0.337337378,0.337337378,0.337337378,0.337337378,0.337337378,0.337337378,0.337337378,0.337337378,0.337337378,0.337337378,0.337337378,0.337337378,0.337337378,0.337337378,0.337337378,0.337337378,0.337337378,NaN
UGA,NaN,NaN,10197.96673,10197.8453,10197.66883,10275.83591,10305.61494,10338.06012,10345.17472,10376.70748,10368.57811,10389.69678,10389.33896,10383.76573,10368.45607,10369.99771,10373.18891,10372.69965,10369.82159,10365.7942,10362.92761,10362.45266,10361.07571,10358.87695,10350.18853,10349.10786,10314.50989,10303.4641,10276.19016,10266.6222,10256.75672,10231.57119,NaN
UKR,NaN,NaN,44179.75304,44158.90854,44133.8494,44105.40243,44034.45896,43974.50632,43901.23129,43661.16814,43535.77184,43413.08648,43200.73009,42902.36654,42545.86551,42533.87395,42515.26511,42486.27536,42430.51959,42407.77818,42402.09909,42395.78522,42388.79341,42385.19012,42368.99777,42366.32574,42321.65801,42294.97232,42277.87241,42277.18806,42297.06612,42283.52855,NaN
ARE,NaN,NaN,250.3517274,245.0788261,239.9343512,235.9042345,231.7319973,229.1908801,226.9077032,226.17098,226.0298128,225.8101299,225.8432536,225.8105852,225.9497228,225.7206467,225.5437833,225.4617942,225.4779508,225.4207151,225.4206853,225.4043939,225.3552755,225.3059175,225.2813567,225.2486126,225.8329306,223.9445381,223.8305538,223.7955007,223.0449461,222.9379708,NaN
GBR,NaN,NaN,6657.027768,6644.940785,6633.586587,6697.891443,6710.462556,6746.968668,6771.299898,6805.471404,6810.507157,6769.734956,6734.640805,6705.860002,6665.389444,6654.428191,6646.981244,6625.99432,6595.709159,6591.371666,6589.275019,6587.034835,6579.469447,6574.304296,6574.880528,6574.673755,6552.036416,6544.957851,6535.740184,6530.874401,6532.190919,6535.302155,NaN
TZA,NaN,NaN,22962.78577,22962.56468,22962.33242,23123.06909,23176.4111,23285.14321,23478.37079,23901.40455,23952.23147,23954.00754,23951.51524,23971.48466,24044.4191,24061.05744,24067.04654,24001.12849,23949.83599,23952.54843,24001.46707,24015.50721,24028.99552,24007.35122,23959.12886,23957.31655,23794.49286,23778.68808,23760.71018,23675.59036,23634.01347,23556.38089,NaN
USA,NaN,NaN,152960.326,152866.9802,152774.4674,153135.3483,153267.6742,153447.4173,153715.6567,154182.0116,154516.9549,154595.307,154585.6886,154580.6072,154532.0314,154438.9703,154310.1075,154268.7869,154242.1233,154153.0159,154139.4124,154093.2923,154048.8849,153934.7157,153863.7133,153826.5828,153751.1983,153777.1137,154327.9283,154680.3736,154745.9312,154688.6447,NaN
VIR,NaN,NaN,6.824722452,6.677212585,6.532735546,6.180070496,5.787518803,5.564521091,5.339700529,5.319831109,5.210808405,5.154293354,4.961658485,4.640852878,4.49426343,4.483440387,4.483440387,4.448144579,4.405155167,4.387959316,4.379362522,4.379362522,4.379362522,4.379363823,4.338186948,4.338186948,4.340449073,4.288862365,4.27166645,4.26490273,4.26490273,4.290693476,NaN
URY,NaN,NaN,2904.069305,2903.298467,2902.525686,2905.987145,2905.385845,2904.662269,2904.101182,2892.686104,2878.663177,2870.788076,2867.032524,2855.741459,2830.83165,2822.48771,2816.08469,2807.577399,2808.228711,2798.880069,2778.051489,2776.376503,2757.870383,2752.003338,2740.18049,2739.987922,2713.226416,2712.614067,2717.901624,2713.083411,2707.639236,2700.810839,NaN
UZB,NaN,NaN,8416.847347,8415.861486,8414.985639,8424.858258,8423.870959,8426.536203,8433.051979,8454.614338,8412.71309,8382.086661,8377.597674,8353.720852,8340.386382,8316.101485,8301.285756,8284.212262,8273.682113,8260.936011,8250.697427,8241.361158,8232.839238,8211.864161,8189.91145,8178.728497,8157.357295,8135.021177,8136.551876,8126.380862,8135.931364,8065.555036,NaN
VUT,NaN,NaN,206.2784057,206.2784057,206.2784057,205.7352716,206.1272927,206.1794672,205.5407782,204.5797726,203.0433469,202.2155793,197.2255297,185.300592,60.36563333,55.52969905,53.81672797,48.38854718,47.66728369,42.85233131,39.60443768,38.35863516,37.72437456,36.51421163,35.20305021,35.20305021,35.35841378,35.34695606,35.28876422,35.24094206,35.162589,36.33350582,NaN
VEN,NaN,NaN,10122.32028,10123.74743,10123.14794,10111.03762,10108.17529,10102.63588,10131.47893,10157.88143,10153.76682,10183.61663,10194.33265,10214.44452,10239.93689,10225.67943,10206.23643,10191.07572,10148.89433,10132.46445,10126.55996,10114.94321,10097.7594,10093.07993,10084.64438,10083.44315,10087.3687,10089.05536,10092.45883,10091.5583,10106.2467,9972.636038,NaN
VNM,NaN,NaN,12066.45531,12064.07822,12061.61838,12318.4273,12366.85326,12455.88933,12530.04303,12632.65888,12693.09996,12748.5621,12769.78312,12798.30028,12834.24089,12850.72347,12857.07386,12855.38578,12857.86134,12857.09245,12855.09087,12862.03234,12849.88455,12822.59713,12783.84438,12768.61793,12702.76221,12661.43166,12634.90543,12545.61231,12509.53256,12471.2722,NaN
WLF,NaN,NaN,1.795360854,1.795360854,1.795360854,1.795360854,1.795360854,1.795360854,1.795360854,1.795360854,1.795360854,1.795360854,1.795360854,1.795360854,1.795360854,1.795360854,1.795360854,1.795360854,1.795360854,1.795360854,1.795360854,1.795360854,1.795360854,1.795360854,1.795360854,1.795360854,1.795360854,1.795360854,1.795360854,1.795360854,1.795360854,1.795360854,NaN
ESH,NaN,NaN,NaN,NaN,NaN,NaN,NaN,NaN,NaN,NaN,NaN,NaN,NaN,NaN,NaN,NaN,NaN,NaN,NaN,NaN,NaN,NaN,NaN,NaN,NaN,NaN,NaN,NaN,NaN,NaN,NaN,NaN,NaN
YEM,NaN,NaN,1923.77159,1923.762909,1923.74724,1924.64262,1925.583113,1925.967731,1926.302273,1930.761083,1948.878527,1950.777633,1952.115297,1959.681553,1975.786254,1990.67475,1993.450922,1998.548027,2005.997716,2009.64565,2011.460415,2011.675077,2013.18863,2012.951258,2018.757733,2018.470197,2019.270434,2018.611091,2022.535956,2022.492017,2021.600375,2021.448186,NaN
ZMB,NaN,NaN,7398.445117,7398.362948,7398.276488,7512.510075,7593.210496,7673.245409,7881.551879,8120.110564,8302.773945,8355.9522,8373.231961,8386.991354,8402.743459,8390.110993,8370.212931,8353.633626,8336.220576,8313.789853,8315.826929,8313.733513,8312.868085,8307.122111,8299.153819,8298.971118,8247.111345,8230.96966,8246.104918,8275.429859,8288.509184,8292.320278,NaN
ZWE,NaN,NaN,12841.84646,12841.79233,12841.75378,12851.30548,12855.95289,12870.66762,12902.85345,13059.97342,13155.81947,13199.2333,13342.75926,13411.24781,13445.91455,13460.77051,13466.97652,13548.93464,13578.81935,13559.1097,13561.64374,13564.12113,13582.20999,13581.49226,13568.09381,13567.99032,13496.71038,13445.78555,13437.70048,13439.34864,13439.84242,13427.55766,NaN